inventory_date,product_id,opening_stock,received_stock,sold_quantity,closing_stock,damaged_quantity
2024-01-01,P0001,83,0,4,79,0
2024-01-01,P0002,31,0,0,31,0
2024-01-01,P0003,82,0,0,82,0
2024-01-01,P0004,47,0,7,40,0
2024-01-01,P0005,65,0,1,64,0
2024-01-01,P0006,55,0,3,52,0
2024-01-01,P0007,34,0,0,34,0
2024-01-01,P0008,22,0,0,22,0
2024-01-01,P0009,170,0,8,162,0
2024-01-01,P0010,163,0,11,152,0
2024-01-01,P0011,36,0,4,32,0
2024-01-01,P0012,27,0,0,27,0
2024-01-01,P0013,46,0,1,45,0
2024-01-01,P0014,85,0,6,79,0
2024-01-01,P0015,167,37,14,190,0
2024-01-01,P0016,122,0,3,119,0
2024-01-01,P0017,58,0,2,56,0
2024-01-01,P0018,16,0,1,15,0
2024-01-01,P0019,28,14,0,42,0
2024-01-01,P0020,49,20,0,69,0
2024-01-01,P0021,178,0,11,167,0
2024-01-01,P0022,51,0,0,51,0
2024-01-01,P0023,25,0,1,24,0
2024-01-01,P0024,39,0,0,39,0
2024-01-01,P0025,56,0,0,56,0
2024-01-01,P0026,40,0,3,37,0
2024-01-01,P0027,42,0,0,42,0
2024-01-01,P0028,63,0,1,62,0
2024-01-01,P0029,10,0,2,8,0
2024-01-01,P0030,83,0,6,77,0
2024-01-01,P0031,22,0,0,22,0
2024-01-01,P0032,45,22,0,67,0
2024-01-01,P0033,49,0,0,49,0
2024-01-01,P0034,57,0,0,57,0
2024-01-01,P0035,82,0,0,82,0
2024-01-01,P0036,19,0,0,19,0
2024-01-01,P0037,93,0,2,91,0
2024-01-01,P0038,60,13,5,68,0
2024-01-01,P0039,13,0,0,13,0
2024-01-01,P0040,15,0,0,15,0
2024-01-01,P0041,68,10,1,77,0
2024-01-01,P0042,8,0,0,8,0
2024-01-01,P0043,40,0,3,37,0
2024-01-01,P0044,254,0,10,244,0
2024-01-01,P0045,19,0,0,19,0
2024-01-01,P0046,62,0,4,58,0
2024-01-01,P0047,41,0,0,41,0
2024-01-01,P0048,44,0,4,40,0
2024-01-01,P0049,68,0,3,65,0
2024-01-01,P0050,53,0,5,48,0
2024-01-01,P0051,68,0,0,68,0
2024-01-01,P0052,11,0,1,10,0
2024-01-01,P0053,47,0,0,47,0
2024-01-01,P0054,19,0,1,18,0
2024-01-01,P0055,23,0,0,23,0
2024-01-01,P0056,81,23,1,103,0
2024-01-01,P0057,28,21,0,49,0
2024-01-01,P0058,65,67,13,119,0
2024-01-01,P0059,116,0,9,107,0
2024-01-01,P0060,141,0,6,135,0
2024-01-01,P0061,12,0,0,10,2
2024-01-01,P0062,21,0,0,21,0
2024-01-01,P0063,232,50,3,279,0
2024-01-01,P0064,54,0,1,53,0
2024-01-01,P0065,359,0,20,339,0
2024-01-01,P0066,185,76,15,246,0
2024-01-01,P0067,25,0,0,25,0
2024-01-01,P0068,56,0,0,56,0
2024-01-01,P0069,32,0,0,32,0
2024-01-01,P0070,22,0,8,14,0
2024-01-01,P0071,13,0,1,12,0
2024-01-01,P0072,31,0,0,31,0
2024-01-01,P0073,12,11,0,23,0
2024-01-01,P0074,161,0,2,159,0
2024-01-01,P0075,15,0,0,15,0
2024-01-01,P0076,60,19,2,77,0
2024-01-01,P0077,54,0,0,54,0
2024-01-01,P0078,64,0,1,63,0
2024-01-01,P0079,288,0,25,263,0
2024-01-01,P0080,8,14,0,22,0
2024-01-02,P0001,79,0,5,74,0
2024-01-02,P0002,31,0,0,31,0
2024-01-02,P0003,82,0,1,81,0
2024-01-02,P0004,40,0,8,32,0
2024-01-02,P0005,64,0,2,62,0
2024-01-02,P0006,52,0,1,51,0
2024-01-02,P0007,34,0,0,34,0
2024-01-02,P0008,22,0,0,22,0
2024-01-02,P0009,162,0,11,151,0
2024-01-02,P0010,152,0,3,149,0
2024-01-02,P0011,32,0,6,26,0
2024-01-02,P0012,27,18,0,45,0
2024-01-02,P0013,45,0,7,38,0
2024-01-02,P0014,79,0,0,79,0
2024-01-02,P0015,190,0,6,184,0
2024-01-02,P0016,119,0,4,115,0
2024-01-02,P0017,56,0,1,55,0
2024-01-02,P0018,15,25,1,39,0
2024-01-02,P0019,42,0,0,42,0
2024-01-02,P0020,69,0,0,69,0
2024-01-02,P0021,167,0,5,162,0
2024-01-02,P0022,51,0,5,46,0
2024-01-02,P0023,24,0,0,22,2
2024-01-02,P0024,39,0,0,39,0
2024-01-02,P0025,56,0,2,54,0
2024-01-02,P0026,37,0,0,37,0
2024-01-02,P0027,42,0,1,41,0
2024-01-02,P0028,62,0,0,62,0
2024-01-02,P0029,8,0,2,6,0
2024-01-02,P0030,77,0,0,77,0
2024-01-02,P0031,22,21,0,43,0
2024-01-02,P0032,67,0,2,65,0
2024-01-02,P0033,49,0,2,47,0
2024-01-02,P0034,57,0,0,57,0
2024-01-02,P0035,82,0,3,79,0
2024-01-02,P0036,19,0,5,14,0
2024-01-02,P0037,91,0,0,91,0
2024-01-02,P0038,68,0,0,68,0
2024-01-02,P0039,13,0,0,13,0
2024-01-02,P0040,15,0,0,12,3
2024-01-02,P0041,77,0,0,77,0
2024-01-02,P0042,8,0,0,8,0
2024-01-02,P0043,37,13,0,50,0
2024-01-02,P0044,244,0,6,238,0
2024-01-02,P0045,19,0,0,19,0
2024-01-02,P0046,58,27,9,76,0
2024-01-02,P0047,41,0,0,41,0
2024-01-02,P0048,40,0,0,39,1
2024-01-02,P0049,65,0,6,59,0
2024-01-02,P0050,48,0,2,46,0
2024-01-02,P0051,68,0,1,67,0
2024-01-02,P0052,10,0,3,7,0
2024-01-02,P0053,47,22,1,68,0
2024-01-02,P0054,18,0,0,18,0
2024-01-02,P0055,23,0,0,23,0
2024-01-02,P0056,103,0,0,103,0
2024-01-02,P0057,49,22,2,69,0
2024-01-02,P0058,119,0,18,101,0
2024-01-02,P0059,107,0,10,97,0
2024-01-02,P0060,135,0,5,130,0
2024-01-02,P0061,10,0,1,9,0
2024-01-02,P0062,21,0,0,21,0
2024-01-02,P0063,279,0,6,273,0
2024-01-02,P0064,53,0,0,53,0
2024-01-02,P0065,339,0,12,325,2
2024-01-02,P0066,246,0,8,238,0
2024-01-02,P0067,25,0,10,15,0
2024-01-02,P0068,56,0,0,56,0
2024-01-02,P0069,32,0,0,32,0
2024-01-02,P0070,14,0,4,10,0
2024-01-02,P0071,12,0,2,10,0
2024-01-02,P0072,31,0,0,31,0
2024-01-02,P0073,23,0,0,23,0
2024-01-02,P0074,159,0,14,145,0
2024-01-02,P0075,15,0,3,12,0
2024-01-02,P0076,77,0,5,72,0
2024-01-02,P0077,54,0,0,54,0
2024-01-02,P0078,63,0,0,63,0
2024-01-02,P0079,263,0,22,241,0
2024-01-02,P0080,22,0,0,22,0
2024-01-03,P0001,74,0,10,64,0
2024-01-03,P0002,31,0,5,26,0
2024-01-03,P0003,81,0,5,76,0
2024-01-03,P0004,32,24,6,50,0
2024-01-03,P0005,62,0,1,61,0
2024-01-03,P0006,51,0,0,51,0
2024-01-03,P0007,34,0,0,34,0
2024-01-03,P0008,22,0,0,22,0
2024-01-03,P0009,151,0,1,150,0
2024-01-03,P0010,149,0,8,141,0
2024-01-03,P0011,26,0,3,23,0
2024-01-03,P0012,45,0,1,44,0
2024-01-03,P0013,38,0,3,35,0
2024-01-03,P0014,79,0,1,78,0
2024-01-03,P0015,184,0,9,175,0
2024-01-03,P0016,115,40,8,147,0
2024-01-03,P0017,55,0,6,49,0
2024-01-03,P0018,39,0,0,39,0
2024-01-03,P0019,42,0,0,42,0
2024-01-03,P0020,69,0,0,69,0
2024-01-03,P0021,162,37,0,199,0
2024-01-03,P0022,46,0,3,43,0
2024-01-03,P0023,22,0,0,22,0
2024-01-03,P0024,39,0,0,39,0
2024-01-03,P0025,54,0,0,54,0
2024-01-03,P0026,37,0,0,37,0
2024-01-03,P0027,41,0,0,41,0
2024-01-03,P0028,62,12,1,73,0
2024-01-03,P0029,6,0,0,6,0
2024-01-03,P0030,77,0,2,75,0
2024-01-03,P0031,43,0,0,41,2
2024-01-03,P0032,65,28,8,85,0
2024-01-03,P0033,47,0,3,44,0
2024-01-03,P0034,57,0,1,56,0
2024-01-03,P0035,79,0,0,79,0
2024-01-03,P0036,14,0,2,10,2
2024-01-03,P0037,91,0,0,91,0
2024-01-03,P0038,68,0,2,66,0
2024-01-03,P0039,13,0,0,13,0
2024-01-03,P0040,12,0,0,12,0
2024-01-03,P0041,77,0,0,77,0
2024-01-03,P0042,8,0,1,7,0
2024-01-03,P0043,50,21,0,71,0
2024-01-03,P0044,238,119,16,341,0
2024-01-03,P0045,19,0,0,19,0
2024-01-03,P0046,76,0,5,71,0
2024-01-03,P0047,41,0,0,41,0
2024-01-03,P0048,39,0,4,35,0
2024-01-03,P0049,59,0,0,59,0
2024-01-03,P0050,46,15,0,61,0
2024-01-03,P0051,67,0,0,67,0
2024-01-03,P0052,7,0,4,3,0
2024-01-03,P0053,68,0,1,67,0
2024-01-03,P0054,18,0,0,18,0
2024-01-03,P0055,23,0,0,23,0
2024-01-03,P0056,103,23,0,126,0
2024-01-03,P0057,69,0,0,69,0
2024-01-03,P0058,101,0,15,86,0
2024-01-03,P0059,97,0,10,85,2
2024-01-03,P0060,130,0,2,128,0
2024-01-03,P0061,9,0,0,9,0
2024-01-03,P0062,21,16,0,37,0
2024-01-03,P0063,273,0,2,271,0
2024-01-03,P0064,53,0,0,53,0
2024-01-03,P0065,325,0,26,299,0
2024-01-03,P0066,238,0,13,225,0
2024-01-03,P0067,15,0,7,8,0
2024-01-03,P0068,56,19,0,75,0
2024-01-03,P0069,32,0,0,32,0
2024-01-03,P0070,10,0,13,0,0
2024-01-03,P0071,10,0,1,9,0
2024-01-03,P0072,31,0,0,31,0
2024-01-03,P0073,23,0,2,21,0
2024-01-03,P0074,145,0,19,126,0
2024-01-03,P0075,12,0,1,11,0
2024-01-03,P0076,72,0,0,72,0
2024-01-03,P0077,54,0,0,54,0
2024-01-03,P0078,63,0,2,60,1
2024-01-03,P0079,241,0,21,220,0
2024-01-03,P0080,22,0,0,22,0
2024-01-04,P0001,64,0,4,60,0
2024-01-04,P0002,26,0,0,26,0
2024-01-04,P0003,76,0,5,71,0
2024-01-04,P0004,50,0,5,45,0
2024-01-04,P0005,61,0,4,56,1
2024-01-04,P0006,51,0,0,51,0
2024-01-04,P0007,34,0,0,34,0
2024-01-04,P0008,22,11,3,30,0
2024-01-04,P0009,150,0,6,144,0
2024-01-04,P0010,141,0,4,137,0
2024-01-04,P0011,23,0,2,21,0
2024-01-04,P0012,44,0,0,44,0
2024-01-04,P0013,35,22,0,57,0
2024-01-04,P0014,78,0,5,73,0
2024-01-04,P0015,175,0,7,168,0
2024-01-04,P0016,147,0,9,138,0
2024-01-04,P0017,49,0,3,46,0
2024-01-04,P0018,39,0,0,39,0
2024-01-04,P0019,42,0,0,42,0
2024-01-04,P0020,69,14,0,83,0
2024-01-04,P0021,199,0,7,192,0
2024-01-04,P0022,43,23,0,66,0
2024-01-04,P0023,22,0,0,22,0
2024-01-04,P0024,39,0,0,39,0
2024-01-04,P0025,54,0,4,50,0
2024-01-04,P0026,37,0,0,37,0
2024-01-04,P0027,41,0,0,41,0
2024-01-04,P0028,73,0,1,72,0
2024-01-04,P0029,6,0,4,2,0
2024-01-04,P0030,75,0,9,66,0
2024-01-04,P0031,41,14,0,55,0
2024-01-04,P0032,85,0,1,84,0
2024-01-04,P0033,44,0,0,44,0
2024-01-04,P0034,56,14,0,70,0
2024-01-04,P0035,79,0,6,73,0
2024-01-04,P0036,10,0,5,5,0
2024-01-04,P0037,91,0,1,90,0
2024-01-04,P0038,66,0,2,64,0
2024-01-04,P0039,13,0,0,13,0
2024-01-04,P0040,12,19,0,31,0
2024-01-04,P0041,77,0,0,77,0
2024-01-04,P0042,7,0,1,6,0
2024-01-04,P0043,71,0,0,71,0
2024-01-04,P0044,341,0,15,326,0
2024-01-04,P0045,19,0,3,16,0
2024-01-04,P0046,71,0,2,69,0
2024-01-04,P0047,41,0,1,40,0
2024-01-04,P0048,35,0,2,33,0
2024-01-04,P0049,59,0,1,58,0
2024-01-04,P0050,61,0,0,61,0
2024-01-04,P0051,67,17,0,84,0
2024-01-04,P0052,3,0,0,3,0
2024-01-04,P0053,67,0,1,66,0
2024-01-04,P0054,18,0,0,18,0
2024-01-04,P0055,23,0,0,23,0
2024-01-04,P0056,126,0,1,125,0
2024-01-04,P0057,69,0,0,69,0
2024-01-04,P0058,86,0,4,82,0
2024-01-04,P0059,85,0,21,64,0
2024-01-04,P0060,128,0,6,122,0
2024-01-04,P0061,9,0,0,9,0
2024-01-04,P0062,37,0,0,37,0
2024-01-04,P0063,271,0,5,266,0
2024-01-04,P0064,53,13,0,66,0
2024-01-04,P0065,299,0,16,283,0
2024-01-04,P0066,225,0,3,222,0
2024-01-04,P0067,8,24,13,19,0
2024-01-04,P0068,75,0,0,75,0
2024-01-04,P0069,32,0,0,32,0
2024-01-04,P0070,0,0,6,0,0
2024-01-04,P0071,9,0,3,6,0
2024-01-04,P0072,31,0,0,31,0
2024-01-04,P0073,21,0,3,18,0
2024-01-04,P0074,126,0,9,117,0
2024-01-04,P0075,11,0,0,11,0
2024-01-04,P0076,72,0,2,70,0
2024-01-04,P0077,54,0,0,54,0
2024-01-04,P0078,60,17,0,77,0
2024-01-04,P0079,220,0,49,171,0
2024-01-04,P0080,22,0,0,22,0
2024-01-05,P0001,60,0,5,55,0
2024-01-05,P0002,26,0,0,26,0
2024-01-05,P0003,71,0,3,68,0
2024-01-05,P0004,45,0,7,38,0
2024-01-05,P0005,56,23,5,74,0
2024-01-05,P0006,51,0,0,51,0
2024-01-05,P0007,34,0,0,34,0
2024-01-05,P0008,30,0,0,30,0
2024-01-05,P0009,144,0,5,139,0
2024-01-05,P0010,137,57,3,191,0
2024-01-05,P0011,21,0,3,18,0
2024-01-05,P0012,44,0,0,44,0
2024-01-05,P0013,57,0,2,55,0
2024-01-05,P0014,73,0,6,67,0
2024-01-05,P0015,168,0,10,158,0
2024-01-05,P0016,138,0,14,124,0
2024-01-05,P0017,46,0,0,46,0
2024-01-05,P0018,39,0,4,35,0
2024-01-05,P0019,42,0,0,42,0
2024-01-05,P0020,83,0,0,83,0
2024-01-05,P0021,192,0,5,187,0
2024-01-05,P0022,66,0,0,66,0
2024-01-05,P0023,22,0,0,22,0
2024-01-05,P0024,39,0,0,39,0
2024-01-05,P0025,50,25,0,75,0
2024-01-05,P0026,37,0,0,37,0
2024-01-05,P0027,41,0,2,39,0
2024-01-05,P0028,72,0,3,69,0
2024-01-05,P0029,2,0,0,2,0
2024-01-05,P0030,66,0,3,63,0
2024-01-05,P0031,55,0,0,55,0
2024-01-05,P0032,84,0,6,78,0
2024-01-05,P0033,44,0,0,44,0
2024-01-05,P0034,70,0,0,70,0
2024-01-05,P0035,73,0,4,69,0
2024-01-05,P0036,5,0,7,0,0
2024-01-05,P0037,90,0,5,85,0
2024-01-05,P0038,64,0,6,58,0
2024-01-05,P0039,13,0,5,8,0
2024-01-05,P0040,31,0,0,31,0
2024-01-05,P0041,77,0,0,76,1
2024-01-05,P0042,6,0,3,3,0
2024-01-05,P0043,71,0,1,70,0
2024-01-05,P0044,326,0,20,306,0
2024-01-05,P0045,16,0,0,16,0
2024-01-05,P0046,69,51,13,107,0
2024-01-05,P0047,40,0,0,40,0
2024-01-05,P0048,33,0,6,27,0
2024-01-05,P0049,58,0,0,58,0
2024-01-05,P0050,61,0,0,61,0
2024-01-05,P0051,84,0,0,84,0
2024-01-05,P0052,3,13,0,16,0
2024-01-05,P0053,66,0,11,55,0
2024-01-05,P0054,18,0,0,18,0
2024-01-05,P0055,23,0,0,23,0
2024-01-05,P0056,125,0,4,121,0
2024-01-05,P0057,69,0,0,69,0
2024-01-05,P0058,82,0,11,71,0
2024-01-05,P0059,64,0,13,51,0
2024-01-05,P0060,122,0,15,107,0
2024-01-05,P0061,9,0,5,4,0
2024-01-05,P0062,37,0,0,37,0
2024-01-05,P0063,266,0,8,258,0
2024-01-05,P0064,66,0,1,65,0
2024-01-05,P0065,283,0,15,268,0
2024-01-05,P0066,222,0,4,218,0
2024-01-05,P0067,19,0,11,8,0
2024-01-05,P0068,75,0,1,74,0
2024-01-05,P0069,32,0,2,30,0
2024-01-05,P0070,0,40,3,37,0
2024-01-05,P0071,6,0,5,1,0
2024-01-05,P0072,31,0,2,29,0
2024-01-05,P0073,18,0,0,18,0
2024-01-05,P0074,117,0,5,112,0
2024-01-05,P0075,11,0,0,11,0
2024-01-05,P0076,70,0,0,70,0
2024-01-05,P0077,54,0,0,54,0
2024-01-05,P0078,77,0,3,74,0
2024-01-05,P0079,171,0,60,111,0
2024-01-05,P0080,22,0,3,19,0
2024-01-06,P0001,55,30,12,73,0
2024-01-06,P0002,26,0,0,26,0
2024-01-06,P0003,68,0,3,65,0
2024-01-06,P0004,38,0,3,35,0
2024-01-06,P0005,74,0,0,74,0
2024-01-06,P0006,51,14,3,62,0
2024-01-06,P0007,34,0,1,33,0
2024-01-06,P0008,30,0,0,27,3
2024-01-06,P0009,139,0,3,136,0
2024-01-06,P0010,191,0,10,181,0
2024-01-06,P0011,18,0,1,17,0
2024-01-06,P0012,44,0,4,40,0
2024-01-06,P0013,55,0,0,55,0
2024-01-06,P0014,67,0,1,66,0
2024-01-06,P0015,158,61,16,203,0
2024-01-06,P0016,124,0,13,111,0
2024-01-06,P0017,46,0,2,44,0
2024-01-06,P0018,35,0,1,34,0
2024-01-06,P0019,42,0,0,42,0
2024-01-06,P0020,83,0,0,83,0
2024-01-06,P0021,187,0,15,172,0
2024-01-06,P0022,66,0,1,65,0
2024-01-06,P0023,22,0,0,22,0
2024-01-06,P0024,39,0,0,39,0
2024-01-06,P0025,75,0,1,74,0
2024-01-06,P0026,37,0,0,37,0
2024-01-06,P0027,39,0,0,39,0
2024-01-06,P0028,69,0,0,69,0
2024-01-06,P0029,2,0,4,0,0
2024-01-06,P0030,63,0,5,58,0
2024-01-06,P0031,55,0,0,55,0
2024-01-06,P0032,78,0,6,72,0
2024-01-06,P0033,44,0,5,39,0
2024-01-06,P0034,70,0,0,70,0
2024-01-06,P0035,69,0,3,66,0
2024-01-06,P0036,0,0,0,0,0
2024-01-06,P0037,85,0,3,82,0
2024-01-06,P0038,58,0,1,57,0
2024-01-06,P0039,8,0,1,7,0
2024-01-06,P0040,31,22,0,53,0
2024-01-06,P0041,76,0,0,76,0
2024-01-06,P0042,3,0,1,2,0
2024-01-06,P0043,70,0,0,70,0
2024-01-06,P0044,306,0,40,266,0
2024-01-06,P0045,16,0,0,16,0
2024-01-06,P0046,107,0,4,103,0
2024-01-06,P0047,40,0,0,40,0
2024-01-06,P0048,27,0,2,25,0
2024-01-06,P0049,58,0,3,55,0
2024-01-06,P0050,61,0,0,61,0
2024-01-06,P0051,84,0,2,82,0
2024-01-06,P0052,16,0,0,16,0
2024-01-06,P0053,55,0,10,45,0
2024-01-06,P0054,18,0,0,18,0
2024-01-06,P0055,23,0,0,23,0
2024-01-06,P0056,121,0,5,116,0
2024-01-06,P0057,69,0,0,69,0
2024-01-06,P0058,71,0,21,50,0
2024-01-06,P0059,51,0,4,47,0
2024-01-06,P0060,107,0,14,93,0
2024-01-06,P0061,4,0,0,4,0
2024-01-06,P0062,37,0,0,37,0
2024-01-06,P0063,258,0,11,247,0
2024-01-06,P0064,65,13,0,75,3
2024-01-06,P0065,268,0,14,254,0
2024-01-06,P0066,218,0,22,196,0
2024-01-06,P0067,8,0,6,2,0
2024-01-06,P0068,74,0,0,74,0
2024-01-06,P0069,30,0,0,30,0
2024-01-06,P0070,37,0,12,25,0
2024-01-06,P0071,1,0,0,1,0
2024-01-06,P0072,29,0,1,28,0
2024-01-06,P0073,18,0,0,18,0
2024-01-06,P0074,112,0,13,99,0
2024-01-06,P0075,11,0,0,11,0
2024-01-06,P0076,70,0,0,70,0
2024-01-06,P0077,54,0,7,47,0
2024-01-06,P0078,74,22,5,91,0
2024-01-06,P0079,111,0,64,47,0
2024-01-06,P0080,19,0,0,19,0
2024-01-07,P0001,73,0,9,64,0
2024-01-07,P0002,26,0,0,26,0
2024-01-07,P0003,65,0,8,57,0
2024-01-07,P0004,35,0,15,20,0
2024-01-07,P0005,74,0,1,73,0
2024-01-07,P0006,62,0,1,61,0
2024-01-07,P0007,33,0,0,33,0
2024-01-07,P0008,27,0,0,27,0
2024-01-07,P0009,136,28,2,162,0
2024-01-07,P0010,181,0,13,168,0
2024-01-07,P0011,17,0,4,13,0
2024-01-07,P0012,40,0,4,36,0
2024-01-07,P0013,55,0,3,52,0
2024-01-07,P0014,66,0,2,64,0
2024-01-07,P0015,203,0,13,190,0
2024-01-07,P0016,111,0,0,111,0
2024-01-07,P0017,44,0,3,41,0
2024-01-07,P0018,34,0,0,34,0
2024-01-07,P0019,42,0,0,42,0
2024-01-07,P0020,83,0,2,81,0
2024-01-07,P0021,172,0,11,161,0
2024-01-07,P0022,65,0,4,61,0
2024-01-07,P0023,22,0,2,20,0
2024-01-07,P0024,39,0,0,39,0
2024-01-07,P0025,74,0,3,71,0
2024-01-07,P0026,37,0,0,37,0
2024-01-07,P0027,39,0,1,38,0
2024-01-07,P0028,69,0,0,69,0
2024-01-07,P0029,0,0,0,0,0
2024-01-07,P0030,58,25,0,83,0
2024-01-07,P0031,55,0,0,55,0
2024-01-07,P0032,72,0,2,70,0
2024-01-07,P0033,39,0,0,39,0
2024-01-07,P0034,70,15,0,85,0
2024-01-07,P0035,66,0,5,61,0
2024-01-07,P0036,0,0,2,0,0
2024-01-07,P0037,82,0,0,82,0
2024-01-07,P0038,57,0,4,53,0
2024-01-07,P0039,7,0,0,7,0
2024-01-07,P0040,53,0,0,53,0
2024-01-07,P0041,76,0,0,76,0
2024-01-07,P0042,2,0,5,0,0
2024-01-07,P0043,70,0,0,70,0
2024-01-07,P0044,266,76,28,314,0
2024-01-07,P0045,16,0,0,16,0
2024-01-07,P0046,103,0,12,91,0
2024-01-07,P0047,40,0,0,40,0
2024-01-07,P0048,25,0,1,24,0
2024-01-07,P0049,55,0,0,55,0
2024-01-07,P0050,61,0,0,61,0
2024-01-07,P0051,82,0,2,80,0
2024-01-07,P0052,16,0,0,16,0
2024-01-07,P0053,45,0,0,45,0
2024-01-07,P0054,18,0,2,16,0
2024-01-07,P0055,23,0,0,23,0
2024-01-07,P0056,116,0,3,113,0
2024-01-07,P0057,69,0,0,69,0
2024-01-07,P0058,50,0,14,36,0
2024-01-07,P0059,47,0,18,29,0
2024-01-07,P0060,93,0,13,80,0
2024-01-07,P0061,4,0,3,1,0
2024-01-07,P0062,37,0,0,37,0
2024-01-07,P0063,247,0,14,233,0
2024-01-07,P0064,75,0,3,72,0
2024-01-07,P0065,254,0,7,247,0
2024-01-07,P0066,196,0,24,172,0
2024-01-07,P0067,2,0,4,0,0
2024-01-07,P0068,74,0,0,74,0
2024-01-07,P0069,30,10,4,36,0
2024-01-07,P0070,25,0,7,18,0
2024-01-07,P0071,1,0,0,1,0
2024-01-07,P0072,28,0,3,25,0
2024-01-07,P0073,18,0,0,18,0
2024-01-07,P0074,99,0,13,86,0
2024-01-07,P0075,11,0,5,6,0
2024-01-07,P0076,70,0,4,66,0
2024-01-07,P0077,47,0,3,44,0
2024-01-07,P0078,91,0,0,91,0
2024-01-07,P0079,47,0,20,27,0
2024-01-07,P0080,19,0,0,19,0
2024-01-08,P0001,64,39,3,100,0
2024-01-08,P0002,26,0,0,26,0
2024-01-08,P0003,57,0,1,56,0
2024-01-08,P0004,20,0,2,18,0
2024-01-08,P0005,73,0,1,72,0
2024-01-08,P0006,61,0,4,57,0
2024-01-08,P0007,33,19,0,52,0
2024-01-08,P0008,27,0,2,25,0
2024-01-08,P0009,162,0,5,157,0
2024-01-08,P0010,168,50,9,209,0
2024-01-08,P0011,13,0,10,3,0
2024-01-08,P0012,36,14,0,50,0
2024-01-08,P0013,52,0,0,52,0
2024-01-08,P0014,64,0,0,64,0
2024-01-08,P0015,190,0,6,184,0
2024-01-08,P0016,111,0,3,108,0
2024-01-08,P0017,41,0,8,33,0
2024-01-08,P0018,34,0,1,33,0
2024-01-08,P0019,42,0,2,40,0
2024-01-08,P0020,81,0,0,81,0
2024-01-08,P0021,161,0,10,151,0
2024-01-08,P0022,61,0,2,59,0
2024-01-08,P0023,20,0,0,20,0
2024-01-08,P0024,39,0,0,39,0
2024-01-08,P0025,71,0,0,71,0
2024-01-08,P0026,37,0,0,37,0
2024-01-08,P0027,38,0,0,38,0
2024-01-08,P0028,69,0,0,69,0
2024-01-08,P0029,0,0,1,0,0
2024-01-08,P0030,83,17,6,94,0
2024-01-08,P0031,55,0,0,55,0
2024-01-08,P0032,70,0,2,68,0
2024-01-08,P0033,39,0,0,39,0
2024-01-08,P0034,85,0,0,85,0
2024-01-08,P0035,61,0,0,61,0
2024-01-08,P0036,0,0,3,0,0
2024-01-08,P0037,82,0,3,79,0
2024-01-08,P0038,53,0,0,53,0
2024-01-08,P0039,7,0,0,7,0
2024-01-08,P0040,53,0,0,53,0
2024-01-08,P0041,76,0,0,76,0
2024-01-08,P0042,0,0,2,0,1
2024-01-08,P0043,70,0,4,66,0
2024-01-08,P0044,314,0,13,301,0
2024-01-08,P0045,16,0,0,16,0
2024-01-08,P0046,91,0,4,87,0
2024-01-08,P0047,40,0,8,32,0
2024-01-08,P0048,24,0,0,24,0
2024-01-08,P0049,55,0,5,50,0
2024-01-08,P0050,61,0,3,58,0
2024-01-08,P0051,80,0,4,76,0
2024-01-08,P0052,16,0,0,16,0
2024-01-08,P0053,45,0,0,45,0
2024-01-08,P0054,16,0,0,16,0
2024-01-08,P0055,23,0,0,23,0
2024-01-08,P0056,113,0,2,111,0
2024-01-08,P0057,69,0,0,69,0
2024-01-08,P0058,36,0,5,31,0
2024-01-08,P0059,29,0,16,13,0
2024-01-08,P0060,80,0,13,67,0
2024-01-08,P0061,1,0,0,1,0
2024-01-08,P0062,37,0,0,37,0
2024-01-08,P0063,233,0,8,225,0
2024-01-08,P0064,72,0,0,72,0
2024-01-08,P0065,247,0,12,235,0
2024-01-08,P0066,172,0,17,155,0
2024-01-08,P0067,0,0,14,0,0
2024-01-08,P0068,74,0,0,74,0
2024-01-08,P0069,36,0,1,35,0
2024-01-08,P0070,18,0,10,8,0
2024-01-08,P0071,1,0,3,0,0
2024-01-08,P0072,25,0,0,25,0
2024-01-08,P0073,18,0,1,17,0
2024-01-08,P0074,86,0,13,73,0
2024-01-08,P0075,6,0,3,3,0
2024-01-08,P0076,66,0,0,66,0
2024-01-08,P0077,44,0,0,44,0
2024-01-08,P0078,91,0,1,90,0
2024-01-08,P0079,27,0,39,0,0
2024-01-08,P0080,19,0,0,19,0
2024-01-09,P0001,100,0,5,95,0
2024-01-09,P0002,26,0,0,26,0
2024-01-09,P0003,56,0,0,56,0
2024-01-09,P0004,18,25,1,42,0
2024-01-09,P0005,72,0,1,71,0
2024-01-09,P0006,57,0,1,56,0
2024-01-09,P0007,52,0,0,52,0
2024-01-09,P0008,25,0,0,25,0
2024-01-09,P0009,157,0,4,153,0
2024-01-09,P0010,209,41,8,242,0
2024-01-09,P0011,3,0,7,0,0
2024-01-09,P0012,50,0,0,50,0
2024-01-09,P0013,52,0,0,52,0
2024-01-09,P0014,64,0,6,58,0
2024-01-09,P0015,184,0,9,175,0
2024-01-09,P0016,108,0,1,107,0
2024-01-09,P0017,33,17,0,50,0
2024-01-09,P0018,33,0,0,33,0
2024-01-09,P0019,40,0,0,40,0
2024-01-09,P0020,81,20,0,101,0
2024-01-09,P0021,151,0,15,136,0
2024-01-09,P0022,59,0,2,57,0
2024-01-09,P0023,20,0,0,17,3
2024-01-09,P0024,39,0,0,39,0
2024-01-09,P0025,71,0,3,68,0
2024-01-09,P0026,37,0,2,35,0
2024-01-09,P0027,38,0,0,38,0
2024-01-09,P0028,69,0,2,67,0
2024-01-09,P0029,0,0,0,0,0
2024-01-09,P0030,94,24,2,116,0
2024-01-09,P0031,55,0,0,55,0
2024-01-09,P0032,68,0,5,63,0
2024-01-09,P0033,39,0,0,39,0
2024-01-09,P0034,85,0,1,84,0
2024-01-09,P0035,61,0,8,53,0
2024-01-09,P0036,0,0,1,0,0
2024-01-09,P0037,79,0,1,78,0
2024-01-09,P0038,53,0,2,51,0
2024-01-09,P0039,7,0,0,7,0
2024-01-09,P0040,53,0,0,53,0
2024-01-09,P0041,76,0,0,76,0
2024-01-09,P0042,0,0,0,0,0
2024-01-09,P0043,66,0,0,66,0
2024-01-09,P0044,301,0,21,280,0
2024-01-09,P0045,16,0,1,15,0
2024-01-09,P0046,87,0,1,86,0
2024-01-09,P0047,32,0,1,31,0
2024-01-09,P0048,24,0,1,23,0
2024-01-09,P0049,50,0,0,50,0
2024-01-09,P0050,58,0,0,57,1
2024-01-09,P0051,76,0,0,76,0
2024-01-09,P0052,16,0,0,16,0
2024-01-09,P0053,45,0,5,40,0
2024-01-09,P0054,16,10,0,26,0
2024-01-09,P0055,23,0,0,23,0
2024-01-09,P0056,111,0,6,105,0
2024-01-09,P0057,69,0,5,64,0
2024-01-09,P0058,31,0,4,27,0
2024-01-09,P0059,13,0,11,2,0
2024-01-09,P0060,67,0,7,60,0
2024-01-09,P0061,1,0,0,1,0
2024-01-09,P0062,37,0,0,37,0
2024-01-09,P0063,225,0,8,217,0
2024-01-09,P0064,72,0,0,72,0
2024-01-09,P0065,235,0,8,227,0
2024-01-09,P0066,155,0,20,135,0
2024-01-09,P0067,0,0,8,0,3
2024-01-09,P0068,74,12,0,86,0
2024-01-09,P0069,35,0,3,32,0
2024-01-09,P0070,8,0,1,7,0
2024-01-09,P0071,0,15,0,15,0
2024-01-09,P0072,25,0,0,25,0
2024-01-09,P0073,17,0,0,17,0
2024-01-09,P0074,73,0,16,57,0
2024-01-09,P0075,3,0,0,3,0
2024-01-09,P0076,66,0,1,65,0
2024-01-09,P0077,44,0,0,44,0
2024-01-09,P0078,90,0,0,90,0
2024-01-09,P0079,0,0,39,0,0
2024-01-09,P0080,19,14,0,33,0
2024-01-10,P0001,95,0,10,85,0
2024-01-10,P0002,26,16,0,42,0
2024-01-10,P0003,56,0,7,49,0
2024-01-10,P0004,42,22,1,63,0
2024-01-10,P0005,71,0,0,71,0
2024-01-10,P0006,56,0,3,53,0
2024-01-10,P0007,52,0,0,52,0
2024-01-10,P0008,25,21,0,46,0
2024-01-10,P0009,153,0,4,149,0
2024-01-10,P0010,242,0,4,238,0
2024-01-10,P0011,0,18,2,16,0
2024-01-10,P0012,50,0,0,50,0
2024-01-10,P0013,52,0,0,52,0
2024-01-10,P0014,58,0,3,55,0
2024-01-10,P0015,175,0,9,166,0
2024-01-10,P0016,107,0,2,105,0
2024-01-10,P0017,50,0,5,45,0
2024-01-10,P0018,33,0,2,31,0
2024-01-10,P0019,40,20,0,60,0
2024-01-10,P0020,101,0,0,101,0
2024-01-10,P0021,136,0,4,132,0
2024-01-10,P0022,57,0,0,57,0
2024-01-10,P0023,17,0,0,17,0
2024-01-10,P0024,39,0,0,39,0
2024-01-10,P0025,68,0,1,67,0
2024-01-10,P0026,35,0,0,35,0
2024-01-10,P0027,38,0,1,37,0
2024-01-10,P0028,67,19,0,86,0
2024-01-10,P0029,0,0,2,0,0
2024-01-10,P0030,116,0,2,114,0
2024-01-10,P0031,55,0,0,52,3
2024-01-10,P0032,63,0,4,59,0
2024-01-10,P0033,39,0,4,35,0
2024-01-10,P0034,84,0,0,84,0
2024-01-10,P0035,53,0,0,53,0
2024-01-10,P0036,0,0,0,0,0
2024-01-10,P0037,78,0,8,70,0
2024-01-10,P0038,51,0,5,46,0
2024-01-10,P0039,7,0,0,7,0
2024-01-10,P0040,53,0,0,53,0
2024-01-10,P0041,76,15,3,88,0
2024-01-10,P0042,0,15,1,14,0
2024-01-10,P0043,66,0,2,64,0
2024-01-10,P0044,280,0,24,256,0
2024-01-10,P0045,15,0,0,15,0
2024-01-10,P0046,86,0,12,74,0
2024-01-10,P0047,31,0,0,31,0
2024-01-10,P0048,23,0,6,17,0
2024-01-10,P0049,50,0,0,50,0
2024-01-10,P0050,57,0,1,56,0
2024-01-10,P0051,76,0,0,76,0
2024-01-10,P0052,16,0,0,16,0
2024-01-10,P0053,40,0,0,40,0
2024-01-10,P0054,26,0,0,26,0
2024-01-10,P0055,23,0,0,23,0
2024-01-10,P0056,105,0,3,102,0
2024-01-10,P0057,64,0,0,64,0
2024-01-10,P0058,27,0,2,25,0
2024-01-10,P0059,2,0,12,0,0
2024-01-10,P0060,60,0,4,56,0
2024-01-10,P0061,1,0,2,0,0
2024-01-10,P0062,37,0,0,37,0
2024-01-10,P0063,217,0,2,215,0
2024-01-10,P0064,72,0,0,72,0
2024-01-10,P0065,227,0,23,204,0
2024-01-10,P0066,135,0,7,128,0
2024-01-10,P0067,0,22,14,8,0
2024-01-10,P0068,86,0,0,86,0
2024-01-10,P0069,32,0,0,32,0
2024-01-10,P0070,7,0,7,0,0
2024-01-10,P0071,15,0,0,15,0
2024-01-10,P0072,25,0,0,25,0
2024-01-10,P0073,17,0,3,14,0
2024-01-10,P0074,57,0,7,50,0
2024-01-10,P0075,3,0,2,1,0
2024-01-10,P0076,65,0,5,60,0
2024-01-10,P0077,44,0,0,44,0
2024-01-10,P0078,90,0,0,90,0
2024-01-10,P0079,0,0,17,0,0
2024-01-10,P0080,33,0,2,31,0
2024-01-11,P0001,85,0,0,85,0
2024-01-11,P0002,42,0,0,42,0
2024-01-11,P0003,49,0,4,45,0
2024-01-11,P0004,63,0,1,62,0
2024-01-11,P0005,71,0,2,69,0
2024-01-11,P0006,53,0,0,53,0
2024-01-11,P0007,52,0,1,51,0
2024-01-11,P0008,46,0,0,46,0
2024-01-11,P0009,149,0,19,130,0
2024-01-11,P0010,238,0,9,229,0
2024-01-11,P0011,16,0,4,12,0
2024-01-11,P0012,50,0,2,48,0
2024-01-11,P0013,52,0,0,52,0
2024-01-11,P0014,55,0,6,49,0
2024-01-11,P0015,166,0,8,158,0
2024-01-11,P0016,105,0,19,86,0
2024-01-11,P0017,45,0,0,45,0
2024-01-11,P0018,31,0,1,30,0
2024-01-11,P0019,60,0,0,60,0
2024-01-11,P0020,101,0,0,101,0
2024-01-11,P0021,132,0,7,125,0
2024-01-11,P0022,57,0,5,52,0
2024-01-11,P0023,17,0,1,16,0
2024-01-11,P0024,39,0,0,39,0
2024-01-11,P0025,67,0,3,62,2
2024-01-11,P0026,35,0,0,35,0
2024-01-11,P0027,37,0,0,37,0
2024-01-11,P0028,86,0,2,84,0
2024-01-11,P0029,0,0,2,0,0
2024-01-11,P0030,114,0,0,114,0
2024-01-11,P0031,52,22,0,74,0
2024-01-11,P0032,59,0,1,58,0
2024-01-11,P0033,35,0,0,35,0
2024-01-11,P0034,84,0,1,83,0
2024-01-11,P0035,53,0,2,51,0
2024-01-11,P0036,0,0,0,0,0
2024-01-11,P0037,70,0,10,60,0
2024-01-11,P0038,46,0,0,46,0
2024-01-11,P0039,7,0,1,6,0
2024-01-11,P0040,53,0,1,52,0
2024-01-11,P0041,88,0,1,87,0
2024-01-11,P0042,14,0,2,12,0
2024-01-11,P0043,64,0,2,62,0
2024-01-11,P0044,256,98,5,349,0
2024-01-11,P0045,15,0,0,15,0
2024-01-11,P0046,74,0,5,69,0
2024-01-11,P0047,31,0,3,28,0
2024-01-11,P0048,17,0,8,9,0
2024-01-11,P0049,50,0,0,50,0
2024-01-11,P0050,56,0,0,56,0
2024-01-11,P0051,76,0,2,74,0
2024-01-11,P0052,16,0,0,16,0
2024-01-11,P0053,40,0,1,39,0
2024-01-11,P0054,26,0,0,26,0
2024-01-11,P0055,23,0,0,23,0
2024-01-11,P0056,102,0,2,100,0
2024-01-11,P0057,64,0,0,64,0
2024-01-11,P0058,25,0,6,19,0
2024-01-11,P0059,0,0,8,0,0
2024-01-11,P0060,56,0,6,50,0
2024-01-11,P0061,0,0,0,0,0
2024-01-11,P0062,37,0,1,36,0
2024-01-11,P0063,215,0,10,205,0
2024-01-11,P0064,72,0,0,72,0
2024-01-11,P0065,204,0,13,190,1
2024-01-11,P0066,128,0,20,108,0
2024-01-11,P0067,8,0,7,1,0
2024-01-11,P0068,86,0,0,86,0
2024-01-11,P0069,32,0,0,32,0
2024-01-11,P0070,0,0,5,0,0
2024-01-11,P0071,15,0,0,15,0
2024-01-11,P0072,25,0,0,25,0
2024-01-11,P0073,14,0,2,12,0
2024-01-11,P0074,50,0,2,47,1
2024-01-11,P0075,1,0,1,0,0
2024-01-11,P0076,60,0,6,54,0
2024-01-11,P0077,44,0,0,44,0
2024-01-11,P0078,90,0,4,86,0
2024-01-11,P0079,0,0,51,0,0
2024-01-11,P0080,31,0,0,31,0
2024-01-12,P0001,85,0,0,85,0
2024-01-12,P0002,42,0,1,41,0
2024-01-12,P0003,45,0,0,45,0
2024-01-12,P0004,62,0,2,60,0
2024-01-12,P0005,69,22,1,90,0
2024-01-12,P0006,53,0,0,53,0
2024-01-12,P0007,51,0,1,50,0
2024-01-12,P0008,46,22,0,68,0
2024-01-12,P0009,130,0,0,130,0
2024-01-12,P0010,229,0,4,225,0
2024-01-12,P0011,12,0,0,12,0
2024-01-12,P0012,48,0,0,48,0
2024-01-12,P0013,52,0,2,50,0
2024-01-12,P0014,49,0,0,49,0
2024-01-12,P0015,158,0,2,156,0
2024-01-12,P0016,86,0,8,78,0
2024-01-12,P0017,45,0,3,42,0
2024-01-12,P0018,30,0,0,30,0
2024-01-12,P0019,60,0,2,58,0
2024-01-12,P0020,101,0,0,101,0
2024-01-12,P0021,125,0,10,115,0
2024-01-12,P0022,52,0,2,50,0
2024-01-12,P0023,16,0,1,15,0
2024-01-12,P0024,39,0,0,39,0
2024-01-12,P0025,62,0,0,62,0
2024-01-12,P0026,35,0,0,35,0
2024-01-12,P0027,37,0,2,35,0
2024-01-12,P0028,84,0,0,84,0
2024-01-12,P0029,0,0,0,0,0
2024-01-12,P0030,114,0,1,113,0
2024-01-12,P0031,74,0,2,72,0
2024-01-12,P0032,58,30,0,88,0
2024-01-12,P0033,35,0,2,33,0
2024-01-12,P0034,83,0,3,80,0
2024-01-12,P0035,51,26,1,76,0
2024-01-12,P0036,0,0,0,0,0
2024-01-12,P0037,60,0,4,56,0
2024-01-12,P0038,46,0,0,46,0
2024-01-12,P0039,6,0,0,6,0
2024-01-12,P0040,52,0,0,52,0
2024-01-12,P0041,87,11,0,98,0
2024-01-12,P0042,12,0,0,12,0
2024-01-12,P0043,62,22,0,84,0
2024-01-12,P0044,349,0,14,335,0
2024-01-12,P0045,15,0,1,14,0
2024-01-12,P0046,69,0,8,61,0
2024-01-12,P0047,28,0,0,28,0
2024-01-12,P0048,9,0,1,8,0
2024-01-12,P0049,50,12,1,61,0
2024-01-12,P0050,56,0,0,56,0
2024-01-12,P0051,74,22,2,94,0
2024-01-12,P0052,16,0,0,16,0
2024-01-12,P0053,39,0,9,30,0
2024-01-12,P0054,26,0,0,26,0
2024-01-12,P0055,23,17,0,40,0
2024-01-12,P0056,100,21,0,121,0
2024-01-12,P0057,64,0,0,64,0
2024-01-12,P0058,19,0,2,17,0
2024-01-12,P0059,0,0,5,0,0
2024-01-12,P0060,50,0,13,37,0
2024-01-12,P0061,0,0,2,0,0
2024-01-12,P0062,36,0,0,36,0
2024-01-12,P0063,205,0,6,199,0
2024-01-12,P0064,72,0,0,72,0
2024-01-12,P0065,190,0,7,183,0
2024-01-12,P0066,108,0,21,87,0
2024-01-12,P0067,1,0,4,0,0
2024-01-12,P0068,86,0,0,86,0
2024-01-12,P0069,32,0,0,32,0
2024-01-12,P0070,0,0,6,0,0
2024-01-12,P0071,15,0,3,12,0
2024-01-12,P0072,25,0,3,22,0
2024-01-12,P0073,12,0,0,12,0
2024-01-12,P0074,47,0,4,43,0
2024-01-12,P0075,0,0,1,0,0
2024-01-12,P0076,54,0,3,51,0
2024-01-12,P0077,44,0,0,44,0
2024-01-12,P0078,86,0,2,84,0
2024-01-12,P0079,0,0,33,0,0
2024-01-12,P0080,31,0,0,31,0
2024-01-13,P0001,85,0,6,79,0
2024-01-13,P0002,41,0,0,41,0
2024-01-13,P0003,45,0,2,43,0
2024-01-13,P0004,60,23,15,68,0
2024-01-13,P0005,90,0,1,89,0
2024-01-13,P0006,53,0,2,51,0
2024-01-13,P0007,50,0,3,47,0
2024-01-13,P0008,68,0,0,68,0
2024-01-13,P0009,130,0,6,124,0
2024-01-13,P0010,225,0,5,220,0
2024-01-13,P0011,12,0,3,9,0
2024-01-13,P0012,48,0,0,48,0
2024-01-13,P0013,50,0,0,50,0
2024-01-13,P0014,49,0,6,43,0
2024-01-13,P0015,156,0,5,151,0
2024-01-13,P0016,78,0,9,69,0
2024-01-13,P0017,42,0,10,32,0
2024-01-13,P0018,30,0,0,30,0
2024-01-13,P0019,58,0,0,56,2
2024-01-13,P0020,101,0,0,101,0
2024-01-13,P0021,115,0,5,110,0
2024-01-13,P0022,50,0,6,44,0
2024-01-13,P0023,15,0,0,15,0
2024-01-13,P0024,39,0,0,39,0
2024-01-13,P0025,62,0,1,61,0
2024-01-13,P0026,35,17,0,52,0
2024-01-13,P0027,35,0,2,33,0
2024-01-13,P0028,84,14,3,95,0
2024-01-13,P0029,0,0,4,0,0
2024-01-13,P0030,113,0,2,111,0
2024-01-13,P0031,72,0,1,71,0
2024-01-13,P0032,88,0,8,80,0
2024-01-13,P0033,33,0,2,31,0
2024-01-13,P0034,80,0,2,78,0
2024-01-13,P0035,76,0,1,75,0
2024-01-13,P0036,0,0,4,0,0
2024-01-13,P0037,56,0,8,48,0
2024-01-13,P0038,46,0,3,43,0
2024-01-13,P0039,6,0,3,3,0
2024-01-13,P0040,52,0,4,46,2
2024-01-13,P0041,98,0,0,98,0
2024-01-13,P0042,12,0,0,12,0
2024-01-13,P0043,84,0,1,83,0
2024-01-13,P0044,335,0,27,308,0
2024-01-13,P0045,14,0,4,10,0
2024-01-13,P0046,61,0,10,51,0
2024-01-13,P0047,28,0,3,25,0
2024-01-13,P0048,8,0,6,2,0
2024-01-13,P0049,61,0,1,60,0
2024-01-13,P0050,56,0,5,51,0
2024-01-13,P0051,94,0,3,91,0
2024-01-13,P0052,16,0,0,16,0
2024-01-13,P0053,30,0,3,27,0
2024-01-13,P0054,26,0,0,26,0
2024-01-13,P0055,40,0,0,40,0
2024-01-13,P0056,121,0,1,120,0
2024-01-13,P0057,64,0,2,62,0
2024-01-13,P0058,17,0,13,4,0
2024-01-13,P0059,0,0,17,0,0
2024-01-13,P0060,37,0,5,32,0
2024-01-13,P0061,0,0,0,0,0
2024-01-13,P0062,36,0,0,36,0
2024-01-13,P0063,199,0,15,184,0
2024-01-13,P0064,72,0,0,72,0
2024-01-13,P0065,183,0,16,167,0
2024-01-13,P0066,87,0,25,62,0
2024-01-13,P0067,0,0,12,0,0
2024-01-13,P0068,86,0,0,86,0
2024-01-13,P0069,32,0,2,30,0
2024-01-13,P0070,0,0,0,0,0
2024-01-13,P0071,12,0,5,7,0
2024-01-13,P0072,22,0,0,22,0
2024-01-13,P0073,12,0,1,11,0
2024-01-13,P0074,43,0,20,23,0
2024-01-13,P0075,0,0,0,0,0
2024-01-13,P0076,51,0,0,51,0
2024-01-13,P0077,44,0,0,44,0
2024-01-13,P0078,84,0,1,83,0
2024-01-13,P0079,0,199,30,169,0
2024-01-13,P0080,31,0,0,31,0
2024-01-14,P0001,79,0,0,79,0
2024-01-14,P0002,41,0,0,41,0
2024-01-14,P0003,43,0,7,36,0
2024-01-14,P0004,68,0,4,64,0
2024-01-14,P0005,89,0,3,86,0
2024-01-14,P0006,51,0,5,46,0
2024-01-14,P0007,47,0,0,47,0
2024-01-14,P0008,68,0,0,68,0
2024-01-14,P0009,124,0,0,124,0
2024-01-14,P0010,220,0,6,214,0
2024-01-14,P0011,9,0,0,9,0
2024-01-14,P0012,48,0,0,48,0
2024-01-14,P0013,50,0,0,50,0
2024-01-14,P0014,43,0,0,43,0
2024-01-14,P0015,151,0,5,146,0
2024-01-14,P0016,69,0,6,63,0
2024-01-14,P0017,32,0,4,28,0
2024-01-14,P0018,30,0,14,16,0
2024-01-14,P0019,56,0,0,56,0
2024-01-14,P0020,101,0,0,101,0
2024-01-14,P0021,110,0,13,97,0
2024-01-14,P0022,44,0,1,43,0
2024-01-14,P0023,15,0,2,13,0
2024-01-14,P0024,39,18,5,52,0
2024-01-14,P0025,61,0,2,59,0
2024-01-14,P0026,52,0,4,48,0
2024-01-14,P0027,33,0,0,33,0
2024-01-14,P0028,95,0,2,93,0
2024-01-14,P0029,0,0,6,0,0
2024-01-14,P0030,111,0,1,110,0
2024-01-14,P0031,71,0,4,67,0
2024-01-14,P0032,80,0,0,80,0
2024-01-14,P0033,31,0,1,30,0
2024-01-14,P0034,78,0,4,74,0
2024-01-14,P0035,75,0,0,75,0
2024-01-14,P0036,0,0,0,0,0
2024-01-14,P0037,48,0,6,42,0
2024-01-14,P0038,43,0,2,41,0
2024-01-14,P0039,3,0,2,1,0
2024-01-14,P0040,46,0,0,46,0
2024-01-14,P0041,98,0,5,93,0
2024-01-14,P0042,12,0,1,11,0
2024-01-14,P0043,83,0,0,83,0
2024-01-14,P0044,308,0,17,291,0
2024-01-14,P0045,10,0,0,10,0
2024-01-14,P0046,51,0,9,42,0
2024-01-14,P0047,25,0,1,24,0
2024-01-14,P0048,2,0,4,0,0
2024-01-14,P0049,60,0,0,60,0
2024-01-14,P0050,51,0,0,51,0
2024-01-14,P0051,91,0,4,87,0
2024-01-14,P0052,16,0,0,16,0
2024-01-14,P0053,27,0,5,22,0
2024-01-14,P0054,26,0,0,26,0
2024-01-14,P0055,40,0,0,40,0
2024-01-14,P0056,120,0,5,115,0
2024-01-14,P0057,62,0,1,61,0
2024-01-14,P0058,4,0,9,0,0
2024-01-14,P0059,0,0,16,0,0
2024-01-14,P0060,32,0,14,18,0
2024-01-14,P0061,0,0,9,0,0
2024-01-14,P0062,36,0,1,35,0
2024-01-14,P0063,184,0,4,180,0
2024-01-14,P0064,72,0,4,68,0
2024-01-14,P0065,167,70,19,218,0
2024-01-14,P0066,62,0,18,44,0
2024-01-14,P0067,0,0,7,0,0
2024-01-14,P0068,86,16,0,102,0
2024-01-14,P0069,30,0,0,30,0
2024-01-14,P0070,0,0,5,0,0
2024-01-14,P0071,7,0,1,6,0
2024-01-14,P0072,22,0,1,21,0
2024-01-14,P0073,11,0,1,10,0
2024-01-14,P0074,23,0,19,4,0
2024-01-14,P0075,0,22,5,17,0
2024-01-14,P0076,51,13,3,61,0
2024-01-14,P0077,44,0,0,44,0
2024-01-14,P0078,83,0,6,77,0
2024-01-14,P0079,169,0,53,116,0
2024-01-14,P0080,31,0,0,31,0
2024-01-15,P0001,79,0,0,79,0
2024-01-15,P0002,41,0,1,40,0
2024-01-15,P0003,36,0,7,29,0
2024-01-15,P0004,64,0,1,63,0
2024-01-15,P0005,86,0,0,86,0
2024-01-15,P0006,46,0,5,41,0
2024-01-15,P0007,47,0,0,47,0
2024-01-15,P0008,68,22,0,90,0
2024-01-15,P0009,124,0,0,124,0
2024-01-15,P0010,214,0,1,213,0
2024-01-15,P0011,9,0,0,9,0
2024-01-15,P0012,48,0,2,46,0
2024-01-15,P0013,50,0,3,47,0
2024-01-15,P0014,43,0,0,43,0
2024-01-15,P0015,146,53,12,187,0
2024-01-15,P0016,63,0,11,52,0
2024-01-15,P0017,28,0,2,26,0
2024-01-15,P0018,16,0,0,16,0
2024-01-15,P0019,56,0,2,54,0
2024-01-15,P0020,101,0,0,101,0
2024-01-15,P0021,97,0,2,95,0
2024-01-15,P0022,43,0,0,43,0
2024-01-15,P0023,13,0,3,10,0
2024-01-15,P0024,52,0,0,52,0
2024-01-15,P0025,59,20,2,77,0
2024-01-15,P0026,48,0,0,48,0
2024-01-15,P0027,33,0,0,33,0
2024-01-15,P0028,93,0,3,90,0
2024-01-15,P0029,0,0,3,0,0
2024-01-15,P0030,110,0,5,105,0
2024-01-15,P0031,67,0,0,67,0
2024-01-15,P0032,80,0,2,78,0
2024-01-15,P0033,30,0,0,30,0
2024-01-15,P0034,74,0,0,74,0
2024-01-15,P0035,75,0,3,72,0
2024-01-15,P0036,0,0,3,0,0
2024-01-15,P0037,42,0,0,42,0
2024-01-15,P0038,41,0,0,41,0
2024-01-15,P0039,1,0,0,1,0
2024-01-15,P0040,46,0,0,46,0
2024-01-15,P0041,93,0,0,93,0
2024-01-15,P0042,11,0,1,10,0
2024-01-15,P0043,83,0,0,83,0
2024-01-15,P0044,291,0,14,277,0
2024-01-15,P0045,10,0,0,10,0
2024-01-15,P0046,42,0,12,30,0
2024-01-15,P0047,24,0,2,22,0
2024-01-15,P0048,0,0,7,0,0
2024-01-15,P0049,60,0,8,52,0
2024-01-15,P0050,51,0,1,50,0
2024-01-15,P0051,87,0,0,87,0
2024-01-15,P0052,16,11,0,27,0
2024-01-15,P0053,22,0,2,20,0
2024-01-15,P0054,26,0,0,26,0
2024-01-15,P0055,40,0,0,40,0
2024-01-15,P0056,115,0,2,113,0
2024-01-15,P0057,61,0,2,59,0
2024-01-15,P0058,0,0,12,0,0
2024-01-15,P0059,0,0,18,0,0
2024-01-15,P0060,18,0,7,11,0
2024-01-15,P0061,0,0,0,0,0
2024-01-15,P0062,35,0,0,35,0
2024-01-15,P0063,180,0,6,174,0
2024-01-15,P0064,68,0,2,66,0
2024-01-15,P0065,218,0,13,205,0
2024-01-15,P0066,44,0,12,32,0
2024-01-15,P0067,0,0,6,0,0
2024-01-15,P0068,102,0,0,102,0
2024-01-15,P0069,30,13,3,40,0
2024-01-15,P0070,0,0,1,0,0
2024-01-15,P0071,6,0,0,6,0
2024-01-15,P0072,21,19,0,40,0
2024-01-15,P0073,10,0,0,10,0
2024-01-15,P0074,4,0,13,0,0
2024-01-15,P0075,17,20,7,30,0
2024-01-15,P0076,61,0,5,56,0
2024-01-15,P0077,44,0,3,41,0
2024-01-15,P0078,77,14,13,78,0
2024-01-15,P0079,116,0,29,87,0
2024-01-15,P0080,31,0,3,28,0
2024-01-16,P0001,79,0,12,67,0
2024-01-16,P0002,40,0,3,37,0
2024-01-16,P0003,29,0,0,29,0
2024-01-16,P0004,63,0,0,63,0
2024-01-16,P0005,86,0,0,86,0
2024-01-16,P0006,41,0,0,41,0
2024-01-16,P0007,47,0,4,43,0
2024-01-16,P0008,90,0,0,90,0
2024-01-16,P0009,124,0,2,122,0
2024-01-16,P0010,213,0,10,203,0
2024-01-16,P0011,9,0,1,8,0
2024-01-16,P0012,46,0,0,45,1
2024-01-16,P0013,47,0,0,47,0
2024-01-16,P0014,43,0,0,43,0
2024-01-16,P0015,187,0,2,185,0
2024-01-16,P0016,52,0,15,37,0
2024-01-16,P0017,26,0,2,24,0
2024-01-16,P0018,16,0,4,12,0
2024-01-16,P0019,54,0,0,54,0
2024-01-16,P0020,101,0,0,101,0
2024-01-16,P0021,95,0,8,87,0
2024-01-16,P0022,43,0,2,41,0
2024-01-16,P0023,10,0,0,10,0
2024-01-16,P0024,52,0,0,52,0
2024-01-16,P0025,77,17,1,93,0
2024-01-16,P0026,48,0,0,48,0
2024-01-16,P0027,33,10,0,43,0
2024-01-16,P0028,90,0,2,88,0
2024-01-16,P0029,0,19,2,17,0
2024-01-16,P0030,105,0,3,102,0
2024-01-16,P0031,67,22,1,85,3
2024-01-16,P0032,78,0,2,76,0
2024-01-16,P0033,30,0,0,30,0
2024-01-16,P0034,74,0,0,74,0
2024-01-16,P0035,72,0,1,71,0
2024-01-16,P0036,0,0,1,0,0
2024-01-16,P0037,42,0,6,36,0
2024-01-16,P0038,41,0,0,41,0
2024-01-16,P0039,1,0,0,1,0
2024-01-16,P0040,46,0,0,46,0
2024-01-16,P0041,93,0,0,93,0
2024-01-16,P0042,10,18,0,28,0
2024-01-16,P0043,83,0,5,78,0
2024-01-16,P0044,277,0,11,266,0
2024-01-16,P0045,10,0,0,10,0
2024-01-16,P0046,30,0,5,25,0
2024-01-16,P0047,22,23,0,45,0
2024-01-16,P0048,0,0,4,0,0
2024-01-16,P0049,52,0,2,50,0
2024-01-16,P0050,50,0,0,50,0
2024-01-16,P0051,87,0,1,86,0
2024-01-16,P0052,27,0,0,27,0
2024-01-16,P0053,20,0,0,20,0
2024-01-16,P0054,26,0,0,26,0
2024-01-16,P0055,40,0,0,40,0
2024-01-16,P0056,113,21,4,127,3
2024-01-16,P0057,59,15,0,74,0
2024-01-16,P0058,0,0,5,0,0
2024-01-16,P0059,0,0,18,0,0
2024-01-16,P0060,11,0,3,8,0
2024-01-16,P0061,0,0,0,0,0
2024-01-16,P0062,35,0,0,35,0
2024-01-16,P0063,174,0,16,158,0
2024-01-16,P0064,66,0,1,65,0
2024-01-16,P0065,205,0,10,195,0
2024-01-16,P0066,32,0,16,16,0
2024-01-16,P0067,0,0,11,0,0
2024-01-16,P0068,102,20,4,118,0
2024-01-16,P0069,40,0,0,40,0
2024-01-16,P0070,0,0,5,0,0
2024-01-16,P0071,6,0,0,6,0
2024-01-16,P0072,40,0,0,40,0
2024-01-16,P0073,10,0,0,10,0
2024-01-16,P0074,0,0,5,0,0
2024-01-16,P0075,30,0,5,25,0
2024-01-16,P0076,56,0,2,54,0
2024-01-16,P0077,41,18,0,59,0
2024-01-16,P0078,78,0,0,78,0
2024-01-16,P0079,87,191,22,256,0
2024-01-16,P0080,28,0,0,28,0
2024-01-17,P0001,67,0,6,61,0
2024-01-17,P0002,37,0,0,37,0
2024-01-17,P0003,29,20,3,46,0
2024-01-17,P0004,63,0,1,62,0
2024-01-17,P0005,86,0,2,84,0
2024-01-17,P0006,41,0,0,41,0
2024-01-17,P0007,43,14,1,56,0
2024-01-17,P0008,90,0,0,90,0
2024-01-17,P0009,122,0,1,121,0
2024-01-17,P0010,203,0,17,186,0
2024-01-17,P0011,8,0,3,5,0
2024-01-17,P0012,45,0,0,45,0
2024-01-17,P0013,47,0,0,47,0
2024-01-17,P0014,43,29,1,71,0
2024-01-17,P0015,185,0,6,179,0
2024-01-17,P0016,37,0,9,28,0
2024-01-17,P0017,24,0,3,21,0
2024-01-17,P0018,12,0,2,10,0
2024-01-17,P0019,54,0,0,54,0
2024-01-17,P0020,101,0,2,99,0
2024-01-17,P0021,87,0,4,83,0
2024-01-17,P0022,41,0,0,41,0
2024-01-17,P0023,10,15,0,25,0
2024-01-17,P0024,52,0,1,51,0
2024-01-17,P0025,93,26,0,119,0
2024-01-17,P0026,48,17,0,65,0
2024-01-17,P0027,43,0,0,43,0
2024-01-17,P0028,88,0,0,88,0
2024-01-17,P0029,17,0,3,14,0
2024-01-17,P0030,102,13,1,114,0
2024-01-17,P0031,85,0,0,85,0
2024-01-17,P0032,76,0,0,76,0
2024-01-17,P0033,30,12,0,42,0
2024-01-17,P0034,74,0,0,74,0
2024-01-17,P0035,71,0,1,70,0
2024-01-17,P0036,0,0,2,0,0
2024-01-17,P0037,36,0,0,36,0
2024-01-17,P0038,41,0,3,38,0
2024-01-17,P0039,1,0,2,0,0
2024-01-17,P0040,46,0,1,45,0
2024-01-17,P0041,93,10,2,101,0
2024-01-17,P0042,28,0,0,28,0
2024-01-17,P0043,78,0,0,78,0
2024-01-17,P0044,266,0,17,249,0
2024-01-17,P0045,10,0,0,10,0
2024-01-17,P0046,25,0,6,19,0
2024-01-17,P0047,45,0,0,45,0
2024-01-17,P0048,0,0,8,0,0
2024-01-17,P0049,50,0,0,50,0
2024-01-17,P0050,50,0,0,50,0
2024-01-17,P0051,86,0,2,84,0
2024-01-17,P0052,27,0,7,20,0
2024-01-17,P0053,20,0,0,20,0
2024-01-17,P0054,26,0,0,26,0
2024-01-17,P0055,40,0,0,40,0
2024-01-17,P0056,127,0,5,122,0
2024-01-17,P0057,74,0,0,74,0
2024-01-17,P0058,0,0,12,0,0
2024-01-17,P0059,0,0,9,0,0
2024-01-17,P0060,8,0,3,3,2
2024-01-17,P0061,0,0,0,0,0
2024-01-17,P0062,35,0,6,29,0
2024-01-17,P0063,158,0,9,149,0
2024-01-17,P0064,65,0,3,62,0
2024-01-17,P0065,195,0,3,192,0
2024-01-17,P0066,16,0,22,0,0
2024-01-17,P0067,0,0,1,0,0
2024-01-17,P0068,118,0,0,118,0
2024-01-17,P0069,40,0,0,40,0
2024-01-17,P0070,0,22,0,22,0
2024-01-17,P0071,6,0,0,6,0
2024-01-17,P0072,40,0,0,40,0
2024-01-17,P0073,10,0,5,5,0
2024-01-17,P0074,0,0,4,0,0
2024-01-17,P0075,25,0,4,21,0
2024-01-17,P0076,54,0,1,53,0
2024-01-17,P0077,59,0,0,59,0
2024-01-17,P0078,78,0,0,78,0
2024-01-17,P0079,256,0,26,230,0
2024-01-17,P0080,28,18,0,46,0
2024-01-18,P0001,61,0,6,55,0
2024-01-18,P0002,37,0,0,37,0
2024-01-18,P0003,46,0,7,39,0
2024-01-18,P0004,62,0,1,61,0
2024-01-18,P0005,84,21,0,105,0
2024-01-18,P0006,41,0,0,41,0
2024-01-18,P0007,56,0,0,56,0
2024-01-18,P0008,90,0,1,89,0
2024-01-18,P0009,121,0,12,109,0
2024-01-18,P0010,186,0,6,180,0
2024-01-18,P0011,5,19,0,24,0
2024-01-18,P0012,45,0,1,44,0
2024-01-18,P0013,47,0,0,44,3
2024-01-18,P0014,71,0,6,65,0
2024-01-18,P0015,179,50,3,226,0
2024-01-18,P0016,28,0,0,28,0
2024-01-18,P0017,21,0,1,20,0
2024-01-18,P0018,10,0,3,7,0
2024-01-18,P0019,54,0,0,54,0
2024-01-18,P0020,99,0,0,99,0
2024-01-18,P0021,83,0,10,73,0
2024-01-18,P0022,41,0,5,36,0
2024-01-18,P0023,25,0,0,25,0
2024-01-18,P0024,51,0,1,47,3
2024-01-18,P0025,119,0,0,119,0
2024-01-18,P0026,65,0,0,65,0
2024-01-18,P0027,43,0,0,43,0
2024-01-18,P0028,88,0,3,85,0
2024-01-18,P0029,14,0,2,12,0
2024-01-18,P0030,114,0,6,108,0
2024-01-18,P0031,85,0,0,85,0
2024-01-18,P0032,76,0,2,74,0
2024-01-18,P0033,42,0,0,42,0
2024-01-18,P0034,74,0,3,71,0
2024-01-18,P0035,70,0,4,66,0
2024-01-18,P0036,0,0,3,0,0
2024-01-18,P0037,36,0,5,31,0
2024-01-18,P0038,38,0,0,38,0
2024-01-18,P0039,0,0,9,0,0
2024-01-18,P0040,45,0,0,45,0
2024-01-18,P0041,101,0,0,101,0
2024-01-18,P0042,28,0,0,28,0
2024-01-18,P0043,78,0,0,78,0
2024-01-18,P0044,249,0,11,238,0
2024-01-18,P0045,10,17,0,27,0
2024-01-18,P0046,19,0,8,11,0
2024-01-18,P0047,45,0,3,42,0
2024-01-18,P0048,0,0,2,0,0
2024-01-18,P0049,50,0,0,50,0
2024-01-18,P0050,50,0,3,47,0
2024-01-18,P0051,84,0,4,80,0
2024-01-18,P0052,20,0,0,20,0
2024-01-18,P0053,20,0,6,14,0
2024-01-18,P0054,26,0,0,26,0
2024-01-18,P0055,40,0,0,40,0
2024-01-18,P0056,122,0,2,120,0
2024-01-18,P0057,74,0,0,74,0
2024-01-18,P0058,0,69,10,59,0
2024-01-18,P0059,0,0,6,0,0
2024-01-18,P0060,3,0,11,0,0
2024-01-18,P0061,0,0,1,0,0
2024-01-18,P0062,29,0,2,27,0
2024-01-18,P0063,149,55,10,194,0
2024-01-18,P0064,62,0,3,59,0
2024-01-18,P0065,192,0,20,172,0
2024-01-18,P0066,0,0,8,0,0
2024-01-18,P0067,0,0,7,0,1
2024-01-18,P0068,118,0,0,118,0
2024-01-18,P0069,40,18,0,58,0
2024-01-18,P0070,22,0,2,20,0
2024-01-18,P0071,6,0,0,6,0
2024-01-18,P0072,40,0,0,40,0
2024-01-18,P0073,5,0,0,5,0
2024-01-18,P0074,0,0,10,0,2
2024-01-18,P0075,21,0,3,18,0
2024-01-18,P0076,53,0,0,52,1
2024-01-18,P0077,59,0,0,59,0
2024-01-18,P0078,78,0,2,76,0
2024-01-18,P0079,230,0,32,198,0
2024-01-18,P0080,46,11,0,57,0
2024-01-19,P0001,55,37,12,80,0
2024-01-19,P0002,37,16,2,51,0
2024-01-19,P0003,39,0,2,37,0
2024-01-19,P0004,61,0,0,61,0
2024-01-19,P0005,105,24,1,128,0
2024-01-19,P0006,41,0,3,38,0
2024-01-19,P0007,56,0,0,56,0
2024-01-19,P0008,89,0,0,89,0
2024-01-19,P0009,109,0,11,98,0
2024-01-19,P0010,180,0,0,180,0
2024-01-19,P0011,24,0,2,22,0
2024-01-19,P0012,44,0,0,44,0
2024-01-19,P0013,44,0,1,43,0
2024-01-19,P0014,65,0,2,63,0
2024-01-19,P0015,226,0,14,212,0
2024-01-19,P0016,28,0,16,12,0
2024-01-19,P0017,20,0,3,17,0
2024-01-19,P0018,7,0,1,6,0
2024-01-19,P0019,54,0,0,54,0
2024-01-19,P0020,99,0,0,99,0
2024-01-19,P0021,73,0,8,65,0
2024-01-19,P0022,36,0,0,36,0
2024-01-19,P0023,25,0,0,25,0
2024-01-19,P0024,47,0,0,47,0
2024-01-19,P0025,119,0,2,117,0
2024-01-19,P0026,65,0,0,65,0
2024-01-19,P0027,43,0,4,39,0
2024-01-19,P0028,85,0,3,82,0
2024-01-19,P0029,12,0,0,12,0
2024-01-19,P0030,108,0,0,108,0
2024-01-19,P0031,85,0,0,85,0
2024-01-19,P0032,74,0,0,74,0
2024-01-19,P0033,42,0,0,42,0
2024-01-19,P0034,71,0,2,69,0
2024-01-19,P0035,66,0,5,61,0
2024-01-19,P0036,0,26,1,24,1
2024-01-19,P0037,31,0,0,31,0
2024-01-19,P0038,38,0,2,36,0
2024-01-19,P0039,0,0,4,0,0
2024-01-19,P0040,45,0,0,45,0
2024-01-19,P0041,101,0,4,97,0
2024-01-19,P0042,28,0,1,27,0
2024-01-19,P0043,78,0,1,77,0
2024-01-19,P0044,238,0,22,216,0
2024-01-19,P0045,27,0,0,27,0
2024-01-19,P0046,11,0,10,1,0
2024-01-19,P0047,42,0,5,37,0
2024-01-19,P0048,0,0,7,0,0
2024-01-19,P0049,50,0,3,46,1
2024-01-19,P0050,47,0,0,47,0
2024-01-19,P0051,80,0,3,77,0
2024-01-19,P0052,20,0,0,20,0
2024-01-19,P0053,14,0,0,14,0
2024-01-19,P0054,26,0,1,25,0
2024-01-19,P0055,40,0,0,40,0
2024-01-19,P0056,120,0,3,117,0
2024-01-19,P0057,74,0,0,74,0
2024-01-19,P0058,59,0,8,51,0
2024-01-19,P0059,0,0,1,0,0
2024-01-19,P0060,0,0,10,0,0
2024-01-19,P0061,0,0,0,0,0
2024-01-19,P0062,27,0,0,27,0
2024-01-19,P0063,194,68,8,254,0
2024-01-19,P0064,59,0,3,54,2
2024-01-19,P0065,172,73,14,231,0
2024-01-19,P0066,0,0,4,0,0
2024-01-19,P0067,0,0,2,0,0
2024-01-19,P0068,118,0,0,118,0
2024-01-19,P0069,58,0,1,57,0
2024-01-19,P0070,20,0,2,18,0
2024-01-19,P0071,6,0,2,4,0
2024-01-19,P0072,40,0,0,40,0
2024-01-19,P0073,5,0,3,2,0
2024-01-19,P0074,0,0,9,0,0
2024-01-19,P0075,18,0,3,15,0
2024-01-19,P0076,52,0,0,52,0
2024-01-19,P0077,59,0,0,59,0
2024-01-19,P0078,76,0,0,76,0
2024-01-19,P0079,198,0,18,180,0
2024-01-19,P0080,57,0,0,57,0
2024-01-20,P0001,80,0,11,67,2
2024-01-20,P0002,51,0,0,51,0
2024-01-20,P0003,37,0,1,36,0
2024-01-20,P0004,61,0,2,59,0
2024-01-20,P0005,128,0,0,128,0
2024-01-20,P0006,38,0,0,38,0
2024-01-20,P0007,56,0,0,56,0
2024-01-20,P0008,89,0,0,89,0
2024-01-20,P0009,98,0,1,97,0
2024-01-20,P0010,180,0,9,171,0
2024-01-20,P0011,22,0,1,21,0
2024-01-20,P0012,44,19,1,62,0
2024-01-20,P0013,43,0,0,43,0
2024-01-20,P0014,63,0,10,53,0
2024-01-20,P0015,212,0,4,208,0
2024-01-20,P0016,12,0,21,0,0
2024-01-20,P0017,17,0,2,15,0
2024-01-20,P0018,6,0,7,0,0
2024-01-20,P0019,54,0,0,54,0
2024-01-20,P0020,99,0,0,99,0
2024-01-20,P0021,65,0,6,59,0
2024-01-20,P0022,36,0,5,31,0
2024-01-20,P0023,25,0,0,25,0
2024-01-20,P0024,47,0,2,45,0
2024-01-20,P0025,117,0,3,114,0
2024-01-20,P0026,65,0,2,63,0
2024-01-20,P0027,39,0,0,39,0
2024-01-20,P0028,82,0,3,79,0
2024-01-20,P0029,12,0,6,6,0
2024-01-20,P0030,108,0,0,108,0
2024-01-20,P0031,85,0,0,85,0
2024-01-20,P0032,74,0,2,72,0
2024-01-20,P0033,42,0,2,40,0
2024-01-20,P0034,69,0,1,68,0
2024-01-20,P0035,61,0,8,53,0
2024-01-20,P0036,24,0,3,21,0
2024-01-20,P0037,31,26,11,46,0
2024-01-20,P0038,36,0,0,36,0
2024-01-20,P0039,0,0,2,0,0
2024-01-20,P0040,45,0,0,45,0
2024-01-20,P0041,97,0,7,90,0
2024-01-20,P0042,27,0,0,27,0
2024-01-20,P0043,77,0,0,77,0
2024-01-20,P0044,216,0,20,196,0
2024-01-20,P0045,27,0,9,18,0
2024-01-20,P0046,1,0,2,0,0
2024-01-20,P0047,37,0,1,36,0
2024-01-20,P0048,0,0,3,0,0
2024-01-20,P0049,46,0,1,45,0
2024-01-20,P0050,47,0,9,38,0
2024-01-20,P0051,77,0,2,75,0
2024-01-20,P0052,20,0,0,20,0
2024-01-20,P0053,14,0,7,7,0
2024-01-20,P0054,25,0,0,25,0
2024-01-20,P0055,40,0,0,40,0
2024-01-20,P0056,117,0,0,117,0
2024-01-20,P0057,74,0,0,74,0
2024-01-20,P0058,51,43,14,80,0
2024-01-20,P0059,0,0,19,0,0
2024-01-20,P0060,0,0,6,0,0
2024-01-20,P0061,0,0,0,0,0
2024-01-20,P0062,27,0,0,27,0
2024-01-20,P0063,254,0,11,243,0
2024-01-20,P0064,54,0,0,54,0
2024-01-20,P0065,231,0,22,209,0
2024-01-20,P0066,0,0,19,0,0
2024-01-20,P0067,0,0,5,0,0
2024-01-20,P0068,118,0,0,118,0
2024-01-20,P0069,57,0,0,57,0
2024-01-20,P0070,18,0,15,3,0
2024-01-20,P0071,4,21,0,25,0
2024-01-20,P0072,40,0,0,40,0
2024-01-20,P0073,2,0,11,0,0
2024-01-20,P0074,0,0,17,0,0
2024-01-20,P0075,15,0,6,9,0
2024-01-20,P0076,52,0,2,47,3
2024-01-20,P0077,59,22,0,81,0
2024-01-20,P0078,76,0,4,72,0
2024-01-20,P0079,180,0,38,142,0
2024-01-20,P0080,57,0,0,57,0
2024-01-21,P0001,67,0,8,59,0
2024-01-21,P0002,51,0,3,48,0
2024-01-21,P0003,36,26,6,56,0
2024-01-21,P0004,59,0,1,58,0
2024-01-21,P0005,128,0,2,126,0
2024-01-21,P0006,38,0,0,38,0
2024-01-21,P0007,56,0,0,56,0
2024-01-21,P0008,89,0,0,89,0
2024-01-21,P0009,97,0,9,88,0
2024-01-21,P0010,171,0,10,161,0
2024-01-21,P0011,21,0,5,16,0
2024-01-21,P0012,62,0,0,62,0
2024-01-21,P0013,43,0,0,43,0
2024-01-21,P0014,53,0,1,52,0
2024-01-21,P0015,208,0,11,197,0
2024-01-21,P0016,0,0,6,0,0
2024-01-21,P0017,15,0,1,14,0
2024-01-21,P0018,0,0,0,0,0
2024-01-21,P0019,54,0,0,54,0
2024-01-21,P0020,99,19,0,118,0
2024-01-21,P0021,59,0,10,49,0
2024-01-21,P0022,31,0,1,30,0
2024-01-21,P0023,25,0,0,25,0
2024-01-21,P0024,45,0,0,45,0
2024-01-21,P0025,114,0,4,110,0
2024-01-21,P0026,63,0,0,63,0
2024-01-21,P0027,39,0,0,39,0
2024-01-21,P0028,79,0,2,77,0
2024-01-21,P0029,6,0,3,3,0
2024-01-21,P0030,108,0,4,104,0
2024-01-21,P0031,85,0,1,84,0
2024-01-21,P0032,72,0,0,72,0
2024-01-21,P0033,40,0,0,40,0
2024-01-21,P0034,68,0,2,66,0
2024-01-21,P0035,53,0,4,49,0
2024-01-21,P0036,21,0,3,18,0
2024-01-21,P0037,46,0,6,40,0
2024-01-21,P0038,36,27,2,61,0
2024-01-21,P0039,0,0,3,0,0
2024-01-21,P0040,45,0,1,44,0
2024-01-21,P0041,90,11,0,101,0
2024-01-21,P0042,27,0,0,27,0
2024-01-21,P0043,77,0,1,76,0
2024-01-21,P0044,196,0,9,187,0
2024-01-21,P0045,18,0,0,18,0
2024-01-21,P0046,0,0,11,0,0
2024-01-21,P0047,36,0,0,36,0
2024-01-21,P0048,0,0,1,0,0
2024-01-21,P0049,45,0,0,45,0
2024-01-21,P0050,38,0,0,38,0
2024-01-21,P0051,75,0,0,75,0
2024-01-21,P0052,20,0,0,20,0
2024-01-21,P0053,7,0,5,2,0
2024-01-21,P0054,25,0,5,20,0
2024-01-21,P0055,40,0,0,40,0
2024-01-21,P0056,117,0,0,117,0
2024-01-21,P0057,74,0,3,71,0
2024-01-21,P0058,80,0,5,75,0
2024-01-21,P0059,0,0,20,0,0
2024-01-21,P0060,0,0,4,0,0
2024-01-21,P0061,0,0,0,0,0
2024-01-21,P0062,27,15,2,40,0
2024-01-21,P0063,243,0,8,235,0
2024-01-21,P0064,54,0,4,50,0
2024-01-21,P0065,209,0,23,186,0
2024-01-21,P0066,0,0,14,0,0
2024-01-21,P0067,0,0,10,0,0
2024-01-21,P0068,118,0,0,118,0
2024-01-21,P0069,57,0,3,54,0
2024-01-21,P0070,3,0,7,0,0
2024-01-21,P0071,25,0,0,25,0
2024-01-21,P0072,40,0,0,40,0
2024-01-21,P0073,0,0,2,0,0
2024-01-21,P0074,0,0,4,0,0
2024-01-21,P0075,9,0,3,6,0
2024-01-21,P0076,47,0,0,47,0
2024-01-21,P0077,81,14,0,93,2
2024-01-21,P0078,72,0,3,69,0
2024-01-21,P0079,142,141,31,252,0
2024-01-21,P0080,57,0,0,57,0
2024-01-22,P0001,59,33,7,85,0
2024-01-22,P0002,48,16,0,64,0
2024-01-22,P0003,56,16,1,71,0
2024-01-22,P0004,58,0,0,58,0
2024-01-22,P0005,126,0,0,126,0
2024-01-22,P0006,38,19,0,57,0
2024-01-22,P0007,56,0,0,56,0
2024-01-22,P0008,89,0,0,89,0
2024-01-22,P0009,88,0,6,82,0
2024-01-22,P0010,161,0,8,153,0
2024-01-22,P0011,16,0,0,16,0
2024-01-22,P0012,62,0,1,61,0
2024-01-22,P0013,43,0,0,43,0
2024-01-22,P0014,52,0,0,52,0
2024-01-22,P0015,197,0,10,187,0
2024-01-22,P0016,0,0,4,0,0
2024-01-22,P0017,14,0,1,13,0
2024-01-22,P0018,0,0,0,0,3
2024-01-22,P0019,54,0,0,54,0
2024-01-22,P0020,118,0,0,118,0
2024-01-22,P0021,49,47,7,89,0
2024-01-22,P0022,30,0,0,30,0
2024-01-22,P0023,25,14,0,39,0
2024-01-22,P0024,45,0,0,45,0
2024-01-22,P0025,110,0,1,109,0
2024-01-22,P0026,63,0,0,63,0
2024-01-22,P0027,39,0,0,39,0
2024-01-22,P0028,77,0,3,74,0
2024-01-22,P0029,3,0,1,2,0
2024-01-22,P0030,104,0,2,102,0
2024-01-22,P0031,84,0,0,84,0
2024-01-22,P0032,72,0,2,70,0
2024-01-22,P0033,40,0,0,40,0
2024-01-22,P0034,66,0,0,66,0
2024-01-22,P0035,49,0,4,45,0
2024-01-22,P0036,18,0,0,18,0
2024-01-22,P0037,40,0,2,38,0
2024-01-22,P0038,61,0,5,56,0
2024-01-22,P0039,0,0,0,0,3
2024-01-22,P0040,44,0,2,39,3
2024-01-22,P0041,101,0,0,101,0
2024-01-22,P0042,27,0,12,15,0
2024-01-22,P0043,76,0,0,76,0
2024-01-22,P0044,187,0,18,169,0
2024-01-22,P0045,18,0,0,18,0
2024-01-22,P0046,0,0,1,0,0
2024-01-22,P0047,36,24,1,59,0
2024-01-22,P0048,0,0,2,0,0
2024-01-22,P0049,45,0,4,41,0
2024-01-22,P0050,38,0,1,37,0
2024-01-22,P0051,75,0,0,75,0
2024-01-22,P0052,20,0,0,20,0
2024-01-22,P0053,2,0,7,0,0
2024-01-22,P0054,20,0,3,17,0
2024-01-22,P0055,40,0,2,38,0
2024-01-22,P0056,117,0,3,114,0
2024-01-22,P0057,71,12,0,83,0
2024-01-22,P0058,75,0,9,66,0
2024-01-22,P0059,0,0,10,0,0
2024-01-22,P0060,0,0,12,0,0
2024-01-22,P0061,0,0,1,0,0
2024-01-22,P0062,40,0,0,40,0
2024-01-22,P0063,235,0,7,228,0
2024-01-22,P0064,50,0,0,50,0
2024-01-22,P0065,186,0,13,173,0
2024-01-22,P0066,0,0,7,0,2
2024-01-22,P0067,0,0,0,0,0
2024-01-22,P0068,118,0,4,114,0
2024-01-22,P0069,54,0,0,54,0
2024-01-22,P0070,0,0,8,0,0
2024-01-22,P0071,25,0,0,25,0
2024-01-22,P0072,40,0,0,40,0
2024-01-22,P0073,0,0,2,0,0
2024-01-22,P0074,0,0,6,0,0
2024-01-22,P0075,6,0,4,2,0
2024-01-22,P0076,47,0,0,47,0
2024-01-22,P0077,93,0,0,93,0
2024-01-22,P0078,69,0,0,69,0
2024-01-22,P0079,252,0,21,231,0
2024-01-22,P0080,57,18,0,75,0
2024-01-23,P0001,85,0,15,70,0
2024-01-23,P0002,64,0,3,61,0
2024-01-23,P0003,71,0,3,68,0
2024-01-23,P0004,58,0,6,52,0
2024-01-23,P0005,126,0,0,126,0
2024-01-23,P0006,57,0,6,51,0
2024-01-23,P0007,56,0,0,56,0
2024-01-23,P0008,89,0,0,89,0
2024-01-23,P0009,82,0,14,68,0
2024-01-23,P0010,153,0,17,134,2
2024-01-23,P0011,16,0,1,15,0
2024-01-23,P0012,61,0,0,61,0
2024-01-23,P0013,43,0,0,43,0
2024-01-23,P0014,52,0,3,49,0
2024-01-23,P0015,187,0,11,176,0
2024-01-23,P0016,0,0,5,0,0
2024-01-23,P0017,13,0,3,10,0
2024-01-23,P0018,0,0,0,0,0
2024-01-23,P0019,54,0,5,49,0
2024-01-23,P0020,118,0,0,118,0
2024-01-23,P0021,89,0,13,76,0
2024-01-23,P0022,30,15,2,43,0
2024-01-23,P0023,39,0,0,39,0
2024-01-23,P0024,45,0,0,45,0
2024-01-23,P0025,109,0,4,105,0
2024-01-23,P0026,63,0,0,63,0
2024-01-23,P0027,39,0,0,39,0
2024-01-23,P0028,74,0,7,65,2
2024-01-23,P0029,2,0,3,0,0
2024-01-23,P0030,102,0,0,102,0
2024-01-23,P0031,84,0,0,84,0
2024-01-23,P0032,70,14,4,80,0
2024-01-23,P0033,40,0,4,36,0
2024-01-23,P0034,66,15,0,78,3
2024-01-23,P0035,45,0,1,44,0
2024-01-23,P0036,18,0,6,12,0
2024-01-23,P0037,38,0,4,34,0
2024-01-23,P0038,56,14,0,70,0
2024-01-23,P0039,0,0,1,0,0
2024-01-23,P0040,39,11,0,50,0
2024-01-23,P0041,101,0,0,101,0
2024-01-23,P0042,15,0,0,15,0
2024-01-23,P0043,76,0,4,72,0
2024-01-23,P0044,169,0,14,155,0
2024-01-23,P0045,18,0,0,18,0
2024-01-23,P0046,0,30,2,28,0
2024-01-23,P0047,59,0,1,58,0
2024-01-23,P0048,0,0,3,0,0
2024-01-23,P0049,41,14,1,54,0
2024-01-23,P0050,37,0,4,33,0
2024-01-23,P0051,75,0,0,75,0
2024-01-23,P0052,20,0,0,20,0
2024-01-23,P0053,0,0,0,0,0
2024-01-23,P0054,17,0,0,17,0
2024-01-23,P0055,38,0,0,38,0
2024-01-23,P0056,114,0,1,113,0
2024-01-23,P0057,83,0,0,83,0
2024-01-23,P0058,66,78,17,127,0
2024-01-23,P0059,0,0,2,0,0
2024-01-23,P0060,0,0,5,0,0
2024-01-23,P0061,0,0,0,0,0
2024-01-23,P0062,40,0,1,39,0
2024-01-23,P0063,228,0,3,225,0
2024-01-23,P0064,50,0,1,49,0
2024-01-23,P0065,173,0,24,149,0
2024-01-23,P0066,0,0,24,0,0
2024-01-23,P0067,0,0,5,0,0
2024-01-23,P0068,114,0,8,106,0
2024-01-23,P0069,54,0,0,54,0
2024-01-23,P0070,0,0,4,0,0
2024-01-23,P0071,25,0,4,21,0
2024-01-23,P0072,40,0,0,40,0
2024-01-23,P0073,0,13,4,9,0
2024-01-23,P0074,0,40,9,31,0
2024-01-23,P0075,2,0,3,0,0
2024-01-23,P0076,47,0,0,47,0
2024-01-23,P0077,93,0,1,92,0
2024-01-23,P0078,69,0,0,69,0
2024-01-23,P0079,231,0,28,203,0
2024-01-23,P0080,75,0,0,75,0
2024-01-24,P0001,70,0,6,64,0
2024-01-24,P0002,61,0,0,61,0
2024-01-24,P0003,68,0,0,68,0
2024-01-24,P0004,52,0,1,51,0
2024-01-24,P0005,126,0,0,126,0
2024-01-24,P0006,51,0,0,51,0
2024-01-24,P0007,56,0,0,56,0
2024-01-24,P0008,89,0,0,89,0
2024-01-24,P0009,68,0,4,64,0
2024-01-24,P0010,134,0,5,129,0
2024-01-24,P0011,15,0,1,14,0
2024-01-24,P0012,61,0,0,61,0
2024-01-24,P0013,43,0,2,41,0
2024-01-24,P0014,49,0,2,47,0
2024-01-24,P0015,176,0,8,168,0
2024-01-24,P0016,0,0,8,0,0
2024-01-24,P0017,10,0,7,3,0
2024-01-24,P0018,0,0,0,0,0
2024-01-24,P0019,49,17,0,66,0
2024-01-24,P0020,118,0,0,118,0
2024-01-24,P0021,76,0,9,67,0
2024-01-24,P0022,43,0,0,43,0
2024-01-24,P0023,39,20,0,59,0
2024-01-24,P0024,45,14,0,59,0
2024-01-24,P0025,105,0,1,104,0
2024-01-24,P0026,63,0,0,63,0
2024-01-24,P0027,39,10,0,49,0
2024-01-24,P0028,65,0,0,65,0
2024-01-24,P0029,0,0,1,0,0
2024-01-24,P0030,102,0,4,98,0
2024-01-24,P0031,84,0,1,83,0
2024-01-24,P0032,80,0,0,80,0
2024-01-24,P0033,36,0,1,35,0
2024-01-24,P0034,78,0,0,78,0
2024-01-24,P0035,44,0,5,39,0
2024-01-24,P0036,12,25,4,33,0
2024-01-24,P0037,34,0,1,33,0
2024-01-24,P0038,70,0,4,66,0
2024-01-24,P0039,0,0,0,0,0
2024-01-24,P0040,50,0,1,49,0
2024-01-24,P0041,101,0,0,101,0
2024-01-24,P0042,15,0,1,14,0
2024-01-24,P0043,72,0,0,72,0
2024-01-24,P0044,155,123,21,257,0
2024-01-24,P0045,18,12,0,30,0
2024-01-24,P0046,28,0,9,19,0
2024-01-24,P0047,58,0,0,58,0
2024-01-24,P0048,0,0,0,0,0
2024-01-24,P0049,54,0,2,52,0
2024-01-24,P0050,33,0,1,32,0
2024-01-24,P0051,75,0,0,75,0
2024-01-24,P0052,20,0,0,20,0
2024-01-24,P0053,0,0,4,0,0
2024-01-24,P0054,17,0,0,17,0
2024-01-24,P0055,38,0,0,38,0
2024-01-24,P0056,113,0,0,113,0
2024-01-24,P0057,83,0,0,83,0
2024-01-24,P0058,127,0,8,119,0
2024-01-24,P0059,0,0,12,0,0
2024-01-24,P0060,0,0,1,0,0
2024-01-24,P0061,0,0,0,0,0
2024-01-24,P0062,39,0,0,39,0
2024-01-24,P0063,225,0,5,220,0
2024-01-24,P0064,49,0,5,44,0
2024-01-24,P0065,149,0,23,126,0
2024-01-24,P0066,0,0,9,0,0
2024-01-24,P0067,0,0,16,0,0
2024-01-24,P0068,106,0,0,106,0
2024-01-24,P0069,54,0,0,54,0
2024-01-24,P0070,0,0,4,0,0
2024-01-24,P0071,21,0,0,21,0
2024-01-24,P0072,40,0,0,40,0
2024-01-24,P0073,9,0,3,6,0
2024-01-24,P0074,31,0,9,22,0
2024-01-24,P0075,0,15,1,11,3
2024-01-24,P0076,47,0,0,47,0
2024-01-24,P0077,92,0,0,92,0
2024-01-24,P0078,69,0,1,68,0
2024-01-24,P0079,203,0,25,178,0
2024-01-24,P0080,75,0,0,75,0
2024-01-25,P0001,64,0,11,53,0
2024-01-25,P0002,61,0,0,61,0
2024-01-25,P0003,68,0,0,68,0
2024-01-25,P0004,51,32,5,75,3
2024-01-25,P0005,126,0,0,126,0
2024-01-25,P0006,51,0,7,44,0
2024-01-25,P0007,56,0,0,56,0
2024-01-25,P0008,89,0,0,89,0
2024-01-25,P0009,64,0,2,62,0
2024-01-25,P0010,129,0,3,126,0
2024-01-25,P0011,14,0,3,11,0
2024-01-25,P0012,61,0,0,61,0
2024-01-25,P0013,41,0,0,41,0
2024-01-25,P0014,47,0,6,39,2
2024-01-25,P0015,168,0,4,164,0
2024-01-25,P0016,0,0,2,0,0
2024-01-25,P0017,3,0,9,0,0
2024-01-25,P0018,0,25,1,24,0
2024-01-25,P0019,66,0,0,66,0
2024-01-25,P0020,118,0,1,117,0
2024-01-25,P0021,67,0,5,62,0
2024-01-25,P0022,43,0,0,43,0
2024-01-25,P0023,59,0,0,59,0
2024-01-25,P0024,59,0,3,56,0
2024-01-25,P0025,104,0,0,104,0
2024-01-25,P0026,63,0,0,63,0
2024-01-25,P0027,49,0,0,49,0
2024-01-25,P0028,65,0,2,63,0
2024-01-25,P0029,0,0,4,0,0
2024-01-25,P0030,98,0,2,96,0
2024-01-25,P0031,83,0,0,83,0
2024-01-25,P0032,80,0,4,76,0
2024-01-25,P0033,35,0,0,35,0
2024-01-25,P0034,78,0,2,76,0
2024-01-25,P0035,39,0,3,36,0
2024-01-25,P0036,33,0,0,33,0
2024-01-25,P0037,33,0,16,17,0
2024-01-25,P0038,66,22,0,88,0
2024-01-25,P0039,0,0,6,0,0
2024-01-25,P0040,49,0,0,49,0
2024-01-25,P0041,101,0,0,101,0
2024-01-25,P0042,14,0,0,14,0
2024-01-25,P0043,72,0,0,72,0
2024-01-25,P0044,257,0,25,232,0
2024-01-25,P0045,30,15,0,45,0
2024-01-25,P0046,19,0,2,17,0
2024-01-25,P0047,58,0,0,58,0
2024-01-25,P0048,0,0,4,0,0
2024-01-25,P0049,52,0,2,50,0
2024-01-25,P0050,32,0,0,32,0
2024-01-25,P0051,75,15,0,90,0
2024-01-25,P0052,20,0,3,17,0
2024-01-25,P0053,0,0,0,0,0
2024-01-25,P0054,17,0,0,17,0
2024-01-25,P0055,38,0,0,38,0
2024-01-25,P0056,113,0,1,112,0
2024-01-25,P0057,83,0,0,83,0
2024-01-25,P0058,119,0,2,117,0
2024-01-25,P0059,0,0,8,0,0
2024-01-25,P0060,0,0,8,0,0
2024-01-25,P0061,0,0,0,0,0
2024-01-25,P0062,39,0,0,39,0
2024-01-25,P0063,220,0,11,209,0
2024-01-25,P0064,44,0,1,43,0
2024-01-25,P0065,126,0,23,103,0
2024-01-25,P0066,0,0,9,0,0
2024-01-25,P0067,0,0,0,0,0
2024-01-25,P0068,106,0,0,106,0
2024-01-25,P0069,54,0,0,54,0
2024-01-25,P0070,0,0,0,0,0
2024-01-25,P0071,21,12,2,31,0
2024-01-25,P0072,40,0,0,40,0
2024-01-25,P0073,6,0,5,1,0
2024-01-25,P0074,22,0,7,15,0
2024-01-25,P0075,11,15,7,19,0
2024-01-25,P0076,47,0,0,47,0
2024-01-25,P0077,92,0,0,92,0
2024-01-25,P0078,68,0,0,68,0
2024-01-25,P0079,178,0,18,160,0
2024-01-25,P0080,75,0,0,75,0
2024-01-26,P0001,53,0,6,47,0
2024-01-26,P0002,61,0,2,59,0
2024-01-26,P0003,68,27,1,94,0
2024-01-26,P0004,75,0,6,69,0
2024-01-26,P0005,126,0,2,124,0
2024-01-26,P0006,44,0,0,44,0
2024-01-26,P0007,56,0,2,54,0
2024-01-26,P0008,89,0,0,89,0
2024-01-26,P0009,62,0,7,55,0
2024-01-26,P0010,126,0,8,118,0
2024-01-26,P0011,11,0,0,11,0
2024-01-26,P0012,61,0,0,61,0
2024-01-26,P0013,41,0,0,41,0
2024-01-26,P0014,39,0,5,34,0
2024-01-26,P0015,164,0,4,160,0
2024-01-26,P0016,0,0,7,0,0
2024-01-26,P0017,0,0,5,0,0
2024-01-26,P0018,24,0,1,23,0
2024-01-26,P0019,66,0,0,66,0
2024-01-26,P0020,117,0,0,117,0
2024-01-26,P0021,62,0,10,52,0
2024-01-26,P0022,43,0,1,42,0
2024-01-26,P0023,59,0,0,59,0
2024-01-26,P0024,56,0,0,56,0
2024-01-26,P0025,104,0,4,100,0
2024-01-26,P0026,63,0,0,63,0
2024-01-26,P0027,49,0,0,49,0
2024-01-26,P0028,63,0,2,61,0
2024-01-26,P0029,0,14,0,14,0
2024-01-26,P0030,96,0,2,94,0
2024-01-26,P0031,83,0,0,83,0
2024-01-26,P0032,76,0,3,73,0
2024-01-26,P0033,35,0,0,35,0
2024-01-26,P0034,76,0,5,71,0
2024-01-26,P0035,36,0,3,33,0
2024-01-26,P0036,33,0,1,32,0
2024-01-26,P0037,17,0,0,17,0
2024-01-26,P0038,88,0,5,83,0
2024-01-26,P0039,0,0,1,0,0
2024-01-26,P0040,49,0,0,49,0
2024-01-26,P0041,101,0,5,96,0
2024-01-26,P0042,14,0,5,9,0
2024-01-26,P0043,72,0,0,72,0
2024-01-26,P0044,232,0,21,211,0
2024-01-26,P0045,45,16,0,61,0
2024-01-26,P0046,17,0,3,14,0
2024-01-26,P0047,58,0,1,57,0
2024-01-26,P0048,0,0,3,0,0
2024-01-26,P0049,50,0,3,47,0
2024-01-26,P0050,32,0,0,32,0
2024-01-26,P0051,90,18,0,108,0
2024-01-26,P0052,17,0,1,16,0
2024-01-26,P0053,0,0,8,0,0
2024-01-26,P0054,17,0,0,17,0
2024-01-26,P0055,38,0,0,38,0
2024-01-26,P0056,112,0,1,111,0
2024-01-26,P0057,83,0,0,83,0
2024-01-26,P0058,117,0,5,112,0
2024-01-26,P0059,0,0,22,0,0
2024-01-26,P0060,0,0,4,0,0
2024-01-26,P0061,0,0,0,0,0
2024-01-26,P0062,39,0,0,39,0
2024-01-26,P0063,209,0,5,204,0
2024-01-26,P0064,43,0,4,39,0
2024-01-26,P0065,103,0,11,92,0
2024-01-26,P0066,0,0,6,0,0
2024-01-26,P0067,0,0,6,0,0
2024-01-26,P0068,106,0,0,106,0
2024-01-26,P0069,54,0,0,54,0
2024-01-26,P0070,0,0,4,0,0
2024-01-26,P0071,31,0,0,31,0
2024-01-26,P0072,40,0,0,40,0
2024-01-26,P0073,1,0,0,1,0
2024-01-26,P0074,15,0,8,7,0
2024-01-26,P0075,19,0,13,6,0
2024-01-26,P0076,47,0,0,47,0
2024-01-26,P0077,92,22,1,113,0
2024-01-26,P0078,68,0,0,68,0
2024-01-26,P0079,160,0,41,119,0
2024-01-26,P0080,75,0,0,75,0
2024-01-27,P0001,47,0,4,43,0
2024-01-27,P0002,59,0,1,58,0
2024-01-27,P0003,94,0,0,94,0
2024-01-27,P0004,69,0,8,61,0
2024-01-27,P0005,124,0,5,119,0
2024-01-27,P0006,44,0,2,42,0
2024-01-27,P0007,54,0,0,54,0
2024-01-27,P0008,89,11,0,100,0
2024-01-27,P0009,55,0,9,46,0
2024-01-27,P0010,118,0,12,106,0
2024-01-27,P0011,11,0,4,7,0
2024-01-27,P0012,61,0,1,60,0
2024-01-27,P0013,41,0,11,30,0
2024-01-27,P0014,34,0,0,31,3
2024-01-27,P0015,160,0,12,148,0
2024-01-27,P0016,0,0,14,0,0
2024-01-27,P0017,0,0,4,0,0
2024-01-27,P0018,23,0,1,22,0
2024-01-27,P0019,66,0,0,66,0
2024-01-27,P0020,117,0,0,117,0
2024-01-27,P0021,52,0,5,47,0
2024-01-27,P0022,42,0,5,37,0
2024-01-27,P0023,59,0,0,59,0
2024-01-27,P0024,56,0,0,56,0
2024-01-27,P0025,100,21,0,121,0
2024-01-27,P0026,63,0,0,63,0
2024-01-27,P0027,49,0,0,49,0
2024-01-27,P0028,61,0,7,54,0
2024-01-27,P0029,14,0,1,13,0
2024-01-27,P0030,94,0,7,87,0
2024-01-27,P0031,83,13,0,96,0
2024-01-27,P0032,73,0,0,73,0
2024-01-27,P0033,35,0,0,35,0
2024-01-27,P0034,71,0,3,68,0
2024-01-27,P0035,33,0,1,32,0
2024-01-27,P0036,32,0,4,28,0
2024-01-27,P0037,17,43,3,57,0
2024-01-27,P0038,83,0,2,81,0
2024-01-27,P0039,0,0,0,0,0
2024-01-27,P0040,49,0,0,49,0
2024-01-27,P0041,96,0,5,91,0
2024-01-27,P0042,9,22,0,31,0
2024-01-27,P0043,72,0,4,68,0
2024-01-27,P0044,211,0,30,179,2
2024-01-27,P0045,61,0,0,61,0
2024-01-27,P0046,14,0,12,0,3
2024-01-27,P0047,57,0,0,57,0
2024-01-27,P0048,0,29,1,28,0
2024-01-27,P0049,47,0,0,47,0
2024-01-27,P0050,32,0,3,29,0
2024-01-27,P0051,108,0,3,105,0
2024-01-27,P0052,16,0,0,16,0
2024-01-27,P0053,0,29,8,21,0
2024-01-27,P0054,17,0,0,17,0
2024-01-27,P0055,38,0,0,38,0
2024-01-27,P0056,111,0,2,109,0
2024-01-27,P0057,83,0,2,81,0
2024-01-27,P0058,112,0,8,104,0
2024-01-27,P0059,0,0,21,0,0
2024-01-27,P0060,0,0,7,0,0
2024-01-27,P0061,0,0,0,0,0
2024-01-27,P0062,39,0,0,37,2
2024-01-27,P0063,204,0,17,187,0
2024-01-27,P0064,39,0,2,37,0
2024-01-27,P0065,92,0,12,80,0
2024-01-27,P0066,0,0,16,0,0
2024-01-27,P0067,0,48,5,43,0
2024-01-27,P0068,106,0,1,105,0
2024-01-27,P0069,54,0,4,50,0
2024-01-27,P0070,0,0,6,0,0
2024-01-27,P0071,31,0,0,31,0
2024-01-27,P0072,40,0,0,40,0
2024-01-27,P0073,1,0,8,0,0
2024-01-27,P0074,7,0,14,0,0
2024-01-27,P0075,6,0,3,3,0
2024-01-27,P0076,47,0,4,43,0
2024-01-27,P0077,113,0,0,113,0
2024-01-27,P0078,68,0,0,68,0
2024-01-27,P0079,119,0,64,55,0
2024-01-27,P0080,75,0,0,75,0
2024-01-28,P0001,43,0,3,40,0
2024-01-28,P0002,58,0,0,58,0
2024-01-28,P0003,94,0,0,94,0
2024-01-28,P0004,61,0,18,43,0
2024-01-28,P0005,119,14,3,130,0
2024-01-28,P0006,42,0,1,41,0
2024-01-28,P0007,54,0,0,54,0
2024-01-28,P0008,100,0,0,100,0
2024-01-28,P0009,46,0,7,39,0
2024-01-28,P0010,106,0,12,94,0
2024-01-28,P0011,7,0,0,7,0
2024-01-28,P0012,60,0,0,60,0
2024-01-28,P0013,30,0,4,26,0
2024-01-28,P0014,31,0,2,29,0
2024-01-28,P0015,148,0,13,135,0
2024-01-28,P0016,0,0,13,0,0
2024-01-28,P0017,0,0,0,0,0
2024-01-28,P0018,22,0,5,17,0
2024-01-28,P0019,66,0,0,66,0
2024-01-28,P0020,117,0,2,115,0
2024-01-28,P0021,47,0,13,34,0
2024-01-28,P0022,37,0,5,32,0
2024-01-28,P0023,59,0,0,59,0
2024-01-28,P0024,56,0,0,56,0
2024-01-28,P0025,121,0,7,114,0
2024-01-28,P0026,63,0,0,63,0
2024-01-28,P0027,49,0,5,44,0
2024-01-28,P0028,54,0,1,53,0
2024-01-28,P0029,13,0,2,11,0
2024-01-28,P0030,87,0,0,87,0
2024-01-28,P0031,96,0,5,91,0
2024-01-28,P0032,73,0,7,66,0
2024-01-28,P0033,35,0,1,34,0
2024-01-28,P0034,68,0,4,64,0
2024-01-28,P0035,32,0,1,31,0
2024-01-28,P0036,28,0,0,28,0
2024-01-28,P0037,57,0,13,44,0
2024-01-28,P0038,81,0,2,79,0
2024-01-28,P0039,0,0,3,0,0
2024-01-28,P0040,49,0,0,49,0
2024-01-28,P0041,91,0,0,91,0
2024-01-28,P0042,31,0,0,31,0
2024-01-28,P0043,68,0,5,63,0
2024-01-28,P0044,179,0,12,167,0
2024-01-28,P0045,61,0,0,61,0
2024-01-28,P0046,0,0,7,0,0
2024-01-28,P0047,57,0,0,57,0
2024-01-28,P0048,28,0,7,21,0
2024-01-28,P0049,47,0,1,46,0
2024-01-28,P0050,29,0,4,25,0
2024-01-28,P0051,105,0,0,105,0
2024-01-28,P0052,16,0,2,14,0
2024-01-28,P0053,21,0,1,20,0
2024-01-28,P0054,17,0,0,17,0
2024-01-28,P0055,38,12,1,49,0
2024-01-28,P0056,109,0,0,109,0
2024-01-28,P0057,81,0,0,81,0
2024-01-28,P0058,104,0,17,87,0
2024-01-28,P0059,0,0,12,0,0
2024-01-28,P0060,0,0,10,0,2
2024-01-28,P0061,0,0,0,0,0
2024-01-28,P0062,37,13,0,50,0
2024-01-28,P0063,187,0,12,175,0
2024-01-28,P0064,37,21,3,55,0
2024-01-28,P0065,80,89,16,153,0
2024-01-28,P0066,0,0,19,0,0
2024-01-28,P0067,43,0,0,43,0
2024-01-28,P0068,105,0,1,104,0
2024-01-28,P0069,50,0,0,50,0
2024-01-28,P0070,0,0,12,0,0
2024-01-28,P0071,31,0,0,31,0
2024-01-28,P0072,40,0,0,40,0
2024-01-28,P0073,0,0,5,0,0
2024-01-28,P0074,0,0,18,0,0
2024-01-28,P0075,3,0,8,0,0
2024-01-28,P0076,43,0,4,39,0
2024-01-28,P0077,113,0,0,113,0
2024-01-28,P0078,68,0,7,61,0
2024-01-28,P0079,55,0,34,21,0
2024-01-28,P0080,75,0,0,72,3
2024-01-29,P0001,40,0,3,37,0
2024-01-29,P0002,58,11,0,69,0
2024-01-29,P0003,94,0,1,93,0
2024-01-29,P0004,43,0,16,27,0
2024-01-29,P0005,130,0,6,124,0
2024-01-29,P0006,41,0,4,37,0
2024-01-29,P0007,54,0,0,54,0
2024-01-29,P0008,100,0,0,100,0
2024-01-29,P0009,39,0,4,35,0
2024-01-29,P0010,94,0,10,84,0
2024-01-29,P0011,7,0,0,7,0
2024-01-29,P0012,60,0,0,60,0
2024-01-29,P0013,26,0,0,26,0
2024-01-29,P0014,29,0,13,16,0
2024-01-29,P0015,135,0,9,126,0
2024-01-29,P0016,0,0,6,0,0
2024-01-29,P0017,0,0,5,0,0
2024-01-29,P0018,17,0,0,17,0
2024-01-29,P0019,66,0,0,66,0
2024-01-29,P0020,115,0,0,115,0
2024-01-29,P0021,34,0,0,34,0
2024-01-29,P0022,32,0,3,29,0
2024-01-29,P0023,59,0,0,59,0
2024-01-29,P0024,56,0,0,56,0
2024-01-29,P0025,114,0,5,109,0
2024-01-29,P0026,63,0,0,63,0
2024-01-29,P0027,44,0,0,44,0
2024-01-29,P0028,53,0,0,53,0
2024-01-29,P0029,11,0,1,10,0
2024-01-29,P0030,87,0,1,84,2
2024-01-29,P0031,91,0,0,91,0
2024-01-29,P0032,66,0,6,60,0
2024-01-29,P0033,34,0,0,34,0
2024-01-29,P0034,64,0,0,64,0
2024-01-29,P0035,31,0,5,26,0
2024-01-29,P0036,28,0,3,25,0
2024-01-29,P0037,44,0,1,43,0
2024-01-29,P0038,79,0,3,76,0
2024-01-29,P0039,0,0,2,0,0
2024-01-29,P0040,49,0,0,49,0
2024-01-29,P0041,91,0,4,87,0
2024-01-29,P0042,31,0,1,30,0
2024-01-29,P0043,63,0,0,63,0
2024-01-29,P0044,167,0,12,155,0
2024-01-29,P0045,61,0,0,61,0
2024-01-29,P0046,0,0,8,0,0
2024-01-29,P0047,57,0,5,52,0
2024-01-29,P0048,21,0,1,20,0
2024-01-29,P0049,46,0,1,45,0
2024-01-29,P0050,25,0,1,24,0
2024-01-29,P0051,105,0,0,105,0
2024-01-29,P0052,14,0,0,14,0
2024-01-29,P0053,20,0,0,20,0
2024-01-29,P0054,17,0,1,16,0
2024-01-29,P0055,49,0,0,49,0
2024-01-29,P0056,109,0,0,109,0
2024-01-29,P0057,81,0,0,81,0
2024-01-29,P0058,87,0,4,83,0
2024-01-29,P0059,0,0,13,0,0
2024-01-29,P0060,0,0,5,0,0
2024-01-29,P0061,0,0,0,0,0
2024-01-29,P0062,50,0,0,50,0
2024-01-29,P0063,175,0,22,153,0
2024-01-29,P0064,55,0,1,54,0
2024-01-29,P0065,153,0,16,137,0
2024-01-29,P0066,0,0,12,0,0
2024-01-29,P0067,43,0,8,35,0
2024-01-29,P0068,104,0,0,104,0
2024-01-29,P0069,50,0,3,47,0
2024-01-29,P0070,0,0,3,0,0
2024-01-29,P0071,31,0,0,31,0
2024-01-29,P0072,40,0,0,40,0
2024-01-29,P0073,0,0,0,0,0
2024-01-29,P0074,0,0,2,0,0
2024-01-29,P0075,0,0,4,0,0
2024-01-29,P0076,39,0,1,38,0
2024-01-29,P0077,113,11,0,124,0
2024-01-29,P0078,61,23,8,76,0
2024-01-29,P0079,21,0,27,0,0
2024-01-29,P0080,72,0,0,72,0
2024-01-30,P0001,37,0,5,32,0
2024-01-30,P0002,69,0,0,69,0
2024-01-30,P0003,93,0,0,93,0
2024-01-30,P0004,27,0,4,23,0
2024-01-30,P0005,124,0,2,122,0
2024-01-30,P0006,37,0,1,36,0
2024-01-30,P0007,54,11,0,65,0
2024-01-30,P0008,100,0,1,99,0
2024-01-30,P0009,35,0,7,28,0
2024-01-30,P0010,84,0,8,76,0
2024-01-30,P0011,7,0,1,6,0
2024-01-30,P0012,60,0,4,56,0
2024-01-30,P0013,26,0,0,26,0
2024-01-30,P0014,16,0,5,11,0
2024-01-30,P0015,126,0,7,119,0
2024-01-30,P0016,0,0,7,0,0
2024-01-30,P0017,0,0,1,0,0
2024-01-30,P0018,17,0,0,17,0
2024-01-30,P0019,66,0,0,66,0
2024-01-30,P0020,115,0,0,115,0
2024-01-30,P0021,34,0,7,27,0
2024-01-30,P0022,29,0,1,28,0
2024-01-30,P0023,59,0,0,59,0
2024-01-30,P0024,56,0,2,54,0
2024-01-30,P0025,109,0,0,109,0
2024-01-30,P0026,63,0,0,60,3
2024-01-30,P0027,44,0,4,40,0
2024-01-30,P0028,53,0,0,53,0
2024-01-30,P0029,10,0,0,10,0
2024-01-30,P0030,84,0,0,83,1
2024-01-30,P0031,91,0,0,91,0
2024-01-30,P0032,60,0,3,57,0
2024-01-30,P0033,34,0,0,34,0
2024-01-30,P0034,64,0,0,64,0
2024-01-30,P0035,26,0,7,19,0
2024-01-30,P0036,25,0,1,24,0
2024-01-30,P0037,43,0,3,40,0
2024-01-30,P0038,76,16,1,91,0
2024-01-30,P0039,0,0,5,0,0
2024-01-30,P0040,49,0,0,49,0
2024-01-30,P0041,87,0,0,87,0
2024-01-30,P0042,30,0,0,30,0
2024-01-30,P0043,63,0,0,63,0
2024-01-30,P0044,155,0,3,152,0
2024-01-30,P0045,61,0,0,61,0
2024-01-30,P0046,0,0,7,0,0
2024-01-30,P0047,52,0,4,48,0
2024-01-30,P0048,20,0,1,19,0
2024-01-30,P0049,45,13,0,58,0
2024-01-30,P0050,24,0,4,20,0
2024-01-30,P0051,105,0,1,104,0
2024-01-30,P0052,14,0,1,13,0
2024-01-30,P0053,20,0,1,19,0
2024-01-30,P0054,16,0,0,16,0
2024-01-30,P0055,49,0,0,49,0
2024-01-30,P0056,109,0,3,106,0
2024-01-30,P0057,81,0,0,81,0
2024-01-30,P0058,83,0,13,70,0
2024-01-30,P0059,0,0,9,0,0
2024-01-30,P0060,0,0,2,0,0
2024-01-30,P0061,0,0,0,0,0
2024-01-30,P0062,50,0,0,50,0
2024-01-30,P0063,153,0,20,133,0
2024-01-30,P0064,54,0,1,53,0
2024-01-30,P0065,137,0,22,115,0
2024-01-30,P0066,0,0,1,0,0
2024-01-30,P0067,35,0,10,25,0
2024-01-30,P0068,104,0,7,97,0
2024-01-30,P0069,47,0,0,47,0
2024-01-30,P0070,0,0,10,0,0
2024-01-30,P0071,31,0,0,31,0
2024-01-30,P0072,40,0,8,32,0
2024-01-30,P0073,0,15,5,10,0
2024-01-30,P0074,0,76,9,67,0
2024-01-30,P0075,0,0,0,0,0
2024-01-30,P0076,38,0,1,37,0
2024-01-30,P0077,124,0,0,124,0
2024-01-30,P0078,76,0,4,72,0
2024-01-30,P0079,0,151,22,129,0
2024-01-30,P0080,72,0,0,72,0
2024-01-31,P0001,32,0,0,32,0
2024-01-31,P0002,69,0,0,69,0
2024-01-31,P0003,93,26,0,119,0
2024-01-31,P0004,23,0,5,18,0
2024-01-31,P0005,122,0,1,121,0
2024-01-31,P0006,36,0,2,34,0
2024-01-31,P0007,65,16,0,81,0
2024-01-31,P0008,99,0,0,99,0
2024-01-31,P0009,28,0,13,15,0
2024-01-31,P0010,76,38,12,102,0
2024-01-31,P0011,6,0,0,6,0
2024-01-31,P0012,56,0,0,56,0
2024-01-31,P0013,26,0,0,26,0
2024-01-31,P0014,11,0,10,1,0
2024-01-31,P0015,119,0,6,113,0
2024-01-31,P0016,0,0,7,0,0
2024-01-31,P0017,0,0,2,0,0
2024-01-31,P0018,17,0,0,17,0
2024-01-31,P0019,66,0,0,66,0
2024-01-31,P0020,115,0,0,115,0
2024-01-31,P0021,27,50,10,67,0
2024-01-31,P0022,28,16,4,40,0
2024-01-31,P0023,59,10,0,69,0
2024-01-31,P0024,54,0,0,52,2
2024-01-31,P0025,109,0,1,108,0
2024-01-31,P0026,60,22,0,82,0
2024-01-31,P0027,40,0,2,38,0
2024-01-31,P0028,53,0,0,53,0
2024-01-31,P0029,10,0,0,10,0
2024-01-31,P0030,83,0,4,79,0
2024-01-31,P0031,91,0,0,91,0
2024-01-31,P0032,57,0,0,57,0
2024-01-31,P0033,34,0,2,32,0
2024-01-31,P0034,64,0,1,63,0
2024-01-31,P0035,19,0,4,15,0
2024-01-31,P0036,24,0,4,20,0
2024-01-31,P0037,40,0,5,35,0
2024-01-31,P0038,91,0,0,91,0
2024-01-31,P0039,0,0,6,0,0
2024-01-31,P0040,49,0,0,49,0
2024-01-31,P0041,87,0,1,86,0
2024-01-31,P0042,30,12,0,42,0
2024-01-31,P0043,63,0,0,63,0
2024-01-31,P0044,152,0,13,139,0
2024-01-31,P0045,61,0,0,61,0
2024-01-31,P0046,0,0,5,0,0
2024-01-31,P0047,48,14,9,53,0
2024-01-31,P0048,19,0,1,18,0
2024-01-31,P0049,58,0,0,58,0
2024-01-31,P0050,20,0,2,18,0
2024-01-31,P0051,104,0,0,104,0
2024-01-31,P0052,13,0,3,10,0
2024-01-31,P0053,19,0,0,19,0
2024-01-31,P0054,16,0,0,16,0
2024-01-31,P0055,49,0,0,49,0
2024-01-31,P0056,106,0,2,104,0
2024-01-31,P0057,81,0,0,81,0
2024-01-31,P0058,70,0,11,59,0
2024-01-31,P0059,0,0,16,0,0
2024-01-31,P0060,0,0,3,0,0
2024-01-31,P0061,0,0,1,0,0
2024-01-31,P0062,50,0,0,50,0
2024-01-31,P0063,133,38,2,169,0
2024-01-31,P0064,53,0,0,53,0
2024-01-31,P0065,115,0,18,97,0
2024-01-31,P0066,0,0,8,0,0
2024-01-31,P0067,25,0,4,21,0
2024-01-31,P0068,97,0,0,97,0
2024-01-31,P0069,47,0,0,47,0
2024-01-31,P0070,0,0,3,0,0
2024-01-31,P0071,31,0,0,31,0
2024-01-31,P0072,32,0,0,32,0
2024-01-31,P0073,10,0,2,8,0
2024-01-31,P0074,67,0,9,58,0
2024-01-31,P0075,0,0,2,0,0
2024-01-31,P0076,37,0,1,36,0
2024-01-31,P0077,124,0,0,124,0
2024-01-31,P0078,72,0,2,70,0
2024-01-31,P0079,129,268,31,366,0
2024-01-31,P0080,72,0,0,72,0
2024-02-01,P0001,32,0,0,32,0
2024-02-01,P0002,69,0,0,69,0
2024-02-01,P0003,119,0,0,119,0
2024-02-01,P0004,18,0,1,17,0
2024-02-01,P0005,121,0,7,114,0
2024-02-01,P0006,34,0,3,31,0
2024-02-01,P0007,81,0,0,81,0
2024-02-01,P0008,99,0,0,99,0
2024-02-01,P0009,15,0,0,15,0
2024-02-01,P0010,102,0,7,92,3
2024-02-01,P0011,6,17,0,23,0
2024-02-01,P0012,56,0,0,56,0
2024-02-01,P0013,26,0,1,25,0
2024-02-01,P0014,1,0,0,1,0
2024-02-01,P0015,113,0,7,106,0
2024-02-01,P0016,0,0,11,0,0
2024-02-01,P0017,0,0,2,0,0
2024-02-01,P0018,17,0,5,12,0
2024-02-01,P0019,66,0,2,64,0
2024-02-01,P0020,115,0,0,115,0
2024-02-01,P0021,67,0,4,63,0
2024-02-01,P0022,40,24,1,63,0
2024-02-01,P0023,69,0,2,67,0
2024-02-01,P0024,52,0,0,52,0
2024-02-01,P0025,108,0,0,108,0
2024-02-01,P0026,82,0,0,82,0
2024-02-01,P0027,38,0,0,38,0
2024-02-01,P0028,53,0,6,47,0
2024-02-01,P0029,10,0,1,9,0
2024-02-01,P0030,79,0,2,77,0
2024-02-01,P0031,91,21,0,112,0
2024-02-01,P0032,57,0,1,56,0
2024-02-01,P0033,32,0,0,32,0
2024-02-01,P0034,63,0,0,63,0
2024-02-01,P0035,15,0,1,14,0
2024-02-01,P0036,20,0,10,10,0
2024-02-01,P0037,35,0,4,31,0
2024-02-01,P0038,91,0,0,91,0
2024-02-01,P0039,0,0,1,0,0
2024-02-01,P0040,49,0,0,49,0
2024-02-01,P0041,86,21,0,107,0
2024-02-01,P0042,42,14,0,56,0
2024-02-01,P0043,63,0,1,62,0
2024-02-01,P0044,139,0,35,104,0
2024-02-01,P0045,61,0,8,53,0
2024-02-01,P0046,0,0,1,0,0
2024-02-01,P0047,53,0,3,50,0
2024-02-01,P0048,18,0,2,16,0
2024-02-01,P0049,58,0,0,58,0
2024-02-01,P0050,18,0,1,17,0
2024-02-01,P0051,104,0,0,104,0
2024-02-01,P0052,10,0,1,9,0
2024-02-01,P0053,19,0,3,16,0
2024-02-01,P0054,16,0,0,16,0
2024-02-01,P0055,49,13,0,62,0
2024-02-01,P0056,104,0,2,102,0
2024-02-01,P0057,81,0,0,81,0
2024-02-01,P0058,59,49,10,98,0
2024-02-01,P0059,0,0,20,0,0
2024-02-01,P0060,0,0,2,0,0
2024-02-01,P0061,0,0,0,0,0
2024-02-01,P0062,50,0,0,50,0
2024-02-01,P0063,169,0,10,159,0
2024-02-01,P0064,53,20,7,66,0
2024-02-01,P0065,97,0,13,84,0
2024-02-01,P0066,0,0,16,0,0
2024-02-01,P0067,21,0,1,20,0
2024-02-01,P0068,97,0,3,94,0
2024-02-01,P0069,47,0,0,47,0
2024-02-01,P0070,0,0,2,0,0
2024-02-01,P0071,31,12,3,40,0
2024-02-01,P0072,32,0,0,32,0
2024-02-01,P0073,8,0,1,7,0
2024-02-01,P0074,58,0,2,56,0
2024-02-01,P0075,0,0,0,0,0
2024-02-01,P0076,36,21,15,42,0
2024-02-01,P0077,124,0,0,124,0
2024-02-01,P0078,70,0,0,70,0
2024-02-01,P0079,366,0,32,334,0
2024-02-01,P0080,72,0,0,72,0
2024-02-02,P0001,32,0,0,32,0
2024-02-02,P0002,69,0,2,67,0
2024-02-02,P0003,119,0,2,117,0
2024-02-02,P0004,17,0,1,16,0
2024-02-02,P0005,114,0,0,114,0
2024-02-02,P0006,31,0,1,30,0
2024-02-02,P0007,81,0,1,80,0
2024-02-02,P0008,99,0,0,99,0
2024-02-02,P0009,15,0,10,5,0
2024-02-02,P0010,92,0,8,84,0
2024-02-02,P0011,23,0,1,22,0
2024-02-02,P0012,56,0,0,56,0
2024-02-02,P0013,25,0,1,24,0
2024-02-02,P0014,1,0,2,0,0
2024-02-02,P0015,106,0,13,93,0
2024-02-02,P0016,0,0,6,0,0
2024-02-02,P0017,0,0,12,0,0
2024-02-02,P0018,12,0,1,11,0
2024-02-02,P0019,64,18,0,82,0
2024-02-02,P0020,115,0,0,115,0
2024-02-02,P0021,63,0,4,59,0
2024-02-02,P0022,63,0,0,63,0
2024-02-02,P0023,67,0,0,67,0
2024-02-02,P0024,52,0,0,52,0
2024-02-02,P0025,108,0,0,108,0
2024-02-02,P0026,82,0,0,82,0
2024-02-02,P0027,38,0,3,35,0
2024-02-02,P0028,47,0,1,46,0
2024-02-02,P0029,9,0,0,9,0
2024-02-02,P0030,77,0,3,74,0
2024-02-02,P0031,112,0,0,112,0
2024-02-02,P0032,56,0,1,55,0
2024-02-02,P0033,32,0,5,27,0
2024-02-02,P0034,63,0,3,60,0
2024-02-02,P0035,14,0,1,13,0
2024-02-02,P0036,10,0,6,4,0
2024-02-02,P0037,31,0,7,24,0
2024-02-02,P0038,91,0,0,91,0
2024-02-02,P0039,0,0,2,0,0
2024-02-02,P0040,49,0,0,49,0
2024-02-02,P0041,107,0,0,107,0
2024-02-02,P0042,56,0,5,51,0
2024-02-02,P0043,62,0,3,59,0
2024-02-02,P0044,104,0,18,86,0
2024-02-02,P0045,53,0,0,53,0
2024-02-02,P0046,0,0,19,0,0
2024-02-02,P0047,50,0,0,50,0
2024-02-02,P0048,16,0,4,12,0
2024-02-02,P0049,58,0,1,57,0
2024-02-02,P0050,17,0,0,17,0
2024-02-02,P0051,104,0,0,104,0
2024-02-02,P0052,9,0,0,9,0
2024-02-02,P0053,16,0,1,15,0
2024-02-02,P0054,16,0,0,16,0
2024-02-02,P0055,62,0,1,61,0
2024-02-02,P0056,102,0,4,98,0
2024-02-02,P0057,81,0,0,81,0
2024-02-02,P0058,98,0,16,82,0
2024-02-02,P0059,0,0,7,0,0
2024-02-02,P0060,0,0,6,0,0
2024-02-02,P0061,0,0,3,0,0
2024-02-02,P0062,50,0,0,50,0
2024-02-02,P0063,159,0,7,152,0
2024-02-02,P0064,66,0,3,63,0
2024-02-02,P0065,84,0,18,66,0
2024-02-02,P0066,0,0,6,0,0
2024-02-02,P0067,20,0,5,15,0
2024-02-02,P0068,94,0,0,94,0
2024-02-02,P0069,47,0,0,47,0
2024-02-02,P0070,0,0,1,0,0
2024-02-02,P0071,40,0,0,40,0
2024-02-02,P0072,32,0,0,32,0
2024-02-02,P0073,7,0,0,7,0
2024-02-02,P0074,56,0,16,40,0
2024-02-02,P0075,0,0,0,0,0
2024-02-02,P0076,42,0,9,33,0
2024-02-02,P0077,124,0,0,124,0
2024-02-02,P0078,70,0,0,70,0
2024-02-02,P0079,334,0,24,310,0
2024-02-02,P0080,72,0,1,71,0
2024-02-03,P0001,32,0,6,26,0
2024-02-03,P0002,67,16,0,83,0
2024-02-03,P0003,117,0,1,116,0
2024-02-03,P0004,16,0,7,9,0
2024-02-03,P0005,114,0,4,110,0
2024-02-03,P0006,30,0,0,30,0
2024-02-03,P0007,80,0,0,80,0
2024-02-03,P0008,99,0,0,99,0
2024-02-03,P0009,5,0,7,0,0
2024-02-03,P0010,84,0,8,76,0
2024-02-03,P0011,22,0,2,20,0
2024-02-03,P0012,56,0,0,56,0
2024-02-03,P0013,24,0,2,22,0
2024-02-03,P0014,0,0,0,0,0
2024-02-03,P0015,93,0,3,90,0
2024-02-03,P0016,0,0,3,0,0
2024-02-03,P0017,0,0,2,0,0
2024-02-03,P0018,11,0,3,8,0
2024-02-03,P0019,82,0,1,81,0
2024-02-03,P0020,115,17,0,132,0
2024-02-03,P0021,59,0,7,52,0
2024-02-03,P0022,63,0,3,60,0
2024-02-03,P0023,67,0,0,67,0
2024-02-03,P0024,52,0,4,48,0
2024-02-03,P0025,108,0,3,105,0
2024-02-03,P0026,82,0,2,80,0
2024-02-03,P0027,35,0,0,34,1
2024-02-03,P0028,46,0,4,42,0
2024-02-03,P0029,9,0,9,0,0
2024-02-03,P0030,74,0,0,74,0
2024-02-03,P0031,112,0,5,107,0
2024-02-03,P0032,55,0,4,51,0
2024-02-03,P0033,27,0,0,27,0
2024-02-03,P0034,60,14,0,74,0
2024-02-03,P0035,13,0,2,11,0
2024-02-03,P0036,4,0,1,3,0
2024-02-03,P0037,24,28,3,49,0
2024-02-03,P0038,91,0,4,87,0
2024-02-03,P0039,0,0,6,0,0
2024-02-03,P0040,49,0,0,49,0
2024-02-03,P0041,107,0,0,105,2
2024-02-03,P0042,51,0,0,51,0
2024-02-03,P0043,59,0,0,59,0
2024-02-03,P0044,86,0,21,65,0
2024-02-03,P0045,53,0,0,53,0
2024-02-03,P0046,0,0,5,0,0
2024-02-03,P0047,50,0,4,46,0
2024-02-03,P0048,12,0,12,0,0
2024-02-03,P0049,57,0,1,56,0
2024-02-03,P0050,17,0,4,13,0
2024-02-03,P0051,104,0,7,97,0
2024-02-03,P0052,9,0,0,9,0
2024-02-03,P0053,15,0,2,13,0
2024-02-03,P0054,16,0,0,16,0
2024-02-03,P0055,61,0,0,61,0
2024-02-03,P0056,98,0,9,89,0
2024-02-03,P0057,81,0,2,79,0
2024-02-03,P0058,82,0,10,72,0
2024-02-03,P0059,0,0,14,0,0
2024-02-03,P0060,0,42,9,33,0
2024-02-03,P0061,0,0,0,0,0
2024-02-03,P0062,50,0,0,50,0
2024-02-03,P0063,152,0,13,139,0
2024-02-03,P0064,63,0,2,61,0
2024-02-03,P0065,66,0,18,48,0
2024-02-03,P0066,0,0,8,0,0
2024-02-03,P0067,15,0,7,6,2
2024-02-03,P0068,94,0,0,94,0
2024-02-03,P0069,47,0,1,46,0
2024-02-03,P0070,0,0,1,0,0
2024-02-03,P0071,40,0,0,40,0
2024-02-03,P0072,32,0,1,31,0
2024-02-03,P0073,7,0,1,6,0
2024-02-03,P0074,40,0,8,32,0
2024-02-03,P0075,0,0,2,0,3
2024-02-03,P0076,33,0,5,28,0
2024-02-03,P0077,124,0,0,124,0
2024-02-03,P0078,70,0,1,69,0
2024-02-03,P0079,310,0,80,230,0
2024-02-03,P0080,71,0,0,71,0
2024-02-04,P0001,26,0,5,21,0
2024-02-04,P0002,83,13,0,96,0
2024-02-04,P0003,116,0,7,109,0
2024-02-04,P0004,9,0,0,9,0
2024-02-04,P0005,110,0,5,105,0
2024-02-04,P0006,30,0,0,30,0
2024-02-04,P0007,80,10,3,87,0
2024-02-04,P0008,99,0,0,99,0
2024-02-04,P0009,0,0,11,0,0
2024-02-04,P0010,76,0,11,65,0
2024-02-04,P0011,20,0,2,18,0
2024-02-04,P0012,56,0,4,52,0
2024-02-04,P0013,22,0,0,22,0
2024-02-04,P0014,0,0,3,0,0
2024-02-04,P0015,90,0,8,79,3
2024-02-04,P0016,0,0,7,0,0
2024-02-04,P0017,0,0,2,0,0
2024-02-04,P0018,8,0,0,8,0
2024-02-04,P0019,81,0,0,81,0
2024-02-04,P0020,132,0,0,132,0
2024-02-04,P0021,52,0,2,50,0
2024-02-04,P0022,60,0,1,59,0
2024-02-04,P0023,67,0,0,67,0
2024-02-04,P0024,48,0,0,48,0
2024-02-04,P0025,105,0,3,102,0
2024-02-04,P0026,80,0,0,80,0
2024-02-04,P0027,34,0,0,34,0
2024-02-04,P0028,42,0,4,38,0
2024-02-04,P0029,0,0,8,0,0
2024-02-04,P0030,74,0,0,74,0
2024-02-04,P0031,107,0,0,107,0
2024-02-04,P0032,51,30,3,78,0
2024-02-04,P0033,27,0,0,27,0
2024-02-04,P0034,74,0,3,71,0
2024-02-04,P0035,11,0,0,11,0
2024-02-04,P0036,3,26,1,28,0
2024-02-04,P0037,49,0,8,41,0
2024-02-04,P0038,87,0,1,86,0
2024-02-04,P0039,0,0,2,0,0
2024-02-04,P0040,49,0,0,49,0
2024-02-04,P0041,105,15,0,120,0
2024-02-04,P0042,51,0,3,48,0
2024-02-04,P0043,59,0,0,59,0
2024-02-04,P0044,65,0,24,41,0
2024-02-04,P0045,53,0,1,52,0
2024-02-04,P0046,0,0,23,0,0
2024-02-04,P0047,46,0,1,45,0
2024-02-04,P0048,0,0,3,0,0
2024-02-04,P0049,56,0,6,50,0
2024-02-04,P0050,13,15,3,25,0
2024-02-04,P0051,97,0,0,97,0
2024-02-04,P0052,9,0,0,9,0
2024-02-04,P0053,13,0,1,12,0
2024-02-04,P0054,16,0,3,13,0
2024-02-04,P0055,61,0,0,61,0
2024-02-04,P0056,89,0,1,88,0
2024-02-04,P0057,79,0,0,79,0
2024-02-04,P0058,72,42,10,104,0
2024-02-04,P0059,0,0,20,0,0
2024-02-04,P0060,33,0,7,26,0
2024-02-04,P0061,0,0,0,0,0
2024-02-04,P0062,50,0,0,50,0
2024-02-04,P0063,139,0,4,135,0
2024-02-04,P0064,61,0,0,58,3
2024-02-04,P0065,48,127,23,152,0
2024-02-04,P0066,0,0,20,0,0
2024-02-04,P0067,6,0,2,4,0
2024-02-04,P0068,94,0,0,94,0
2024-02-04,P0069,46,0,4,42,0
2024-02-04,P0070,0,0,6,0,0
2024-02-04,P0071,40,0,0,40,0
2024-02-04,P0072,31,0,0,31,0
2024-02-04,P0073,6,0,1,5,0
2024-02-04,P0074,32,0,15,15,2
2024-02-04,P0075,0,0,5,0,0
2024-02-04,P0076,28,0,1,27,0
2024-02-04,P0077,124,20,0,144,0
2024-02-04,P0078,69,0,0,69,0
2024-02-04,P0079,230,0,34,196,0
2024-02-04,P0080,71,0,0,71,0
2024-02-05,P0001,21,0,7,14,0
2024-02-05,P0002,96,0,0,96,0
2024-02-05,P0003,109,0,3,106,0
2024-02-05,P0004,9,0,5,4,0
2024-02-05,P0005,105,0,0,105,0
2024-02-05,P0006,30,20,4,46,0
2024-02-05,P0007,87,0,0,87,0
2024-02-05,P0008,99,0,0,99,0
2024-02-05,P0009,0,0,7,0,0
2024-02-05,P0010,65,0,9,56,0
2024-02-05,P0011,18,0,0,18,0
2024-02-05,P0012,52,0,2,50,0
2024-02-05,P0013,22,0,0,22,0
2024-02-05,P0014,0,0,1,0,0
2024-02-05,P0015,79,0,8,71,0
2024-02-05,P0016,0,0,16,0,0
2024-02-05,P0017,0,0,7,0,0
2024-02-05,P0018,8,0,0,8,0
2024-02-05,P0019,81,0,0,81,0
2024-02-05,P0020,132,0,0,132,0
2024-02-05,P0021,50,0,4,46,0
2024-02-05,P0022,59,0,2,57,0
2024-02-05,P0023,67,13,0,80,0
2024-02-05,P0024,48,0,0,48,0
2024-02-05,P0025,102,0,9,93,0
2024-02-05,P0026,80,0,0,80,0
2024-02-05,P0027,34,0,0,34,0
2024-02-05,P0028,38,0,3,35,0
2024-02-05,P0029,0,0,0,0,0
2024-02-05,P0030,74,0,0,74,0
2024-02-05,P0031,107,20,1,126,0
2024-02-05,P0032,78,0,1,77,0
2024-02-05,P0033,27,0,0,27,0
2024-02-05,P0034,71,0,0,71,0
2024-02-05,P0035,11,0,2,9,0
2024-02-05,P0036,28,0,0,28,0
2024-02-05,P0037,41,0,3,38,0
2024-02-05,P0038,86,0,0,86,0
2024-02-05,P0039,0,0,0,0,0
2024-02-05,P0040,49,0,0,49,0
2024-02-05,P0041,120,0,5,115,0
2024-02-05,P0042,48,21,0,69,0
2024-02-05,P0043,59,0,0,59,0
2024-02-05,P0044,41,0,17,24,0
2024-02-05,P0045,52,0,0,52,0
2024-02-05,P0046,0,0,8,0,0
2024-02-05,P0047,45,0,5,40,0
2024-02-05,P0048,0,24,7,17,0
2024-02-05,P0049,50,0,0,50,0
2024-02-05,P0050,25,18,0,43,0
2024-02-05,P0051,97,0,0,97,0
2024-02-05,P0052,9,0,5,4,0
2024-02-05,P0053,12,0,1,11,0
2024-02-05,P0054,13,0,2,11,0
2024-02-05,P0055,61,0,0,61,0
2024-02-05,P0056,88,0,1,87,0
2024-02-05,P0057,79,12,1,90,0
2024-02-05,P0058,104,0,5,99,0
2024-02-05,P0059,0,0,2,0,0
2024-02-05,P0060,26,0,3,23,0
2024-02-05,P0061,0,0,0,0,0
2024-02-05,P0062,50,0,0,50,0
2024-02-05,P0063,135,0,4,131,0
2024-02-05,P0064,58,0,0,58,0
2024-02-05,P0065,152,0,11,141,0
2024-02-05,P0066,0,0,4,0,0
2024-02-05,P0067,4,0,9,0,0
2024-02-05,P0068,94,0,0,94,0
2024-02-05,P0069,42,0,0,42,0
2024-02-05,P0070,0,0,2,0,0
2024-02-05,P0071,40,0,0,37,3
2024-02-05,P0072,31,15,0,46,0
2024-02-05,P0073,5,17,0,22,0
2024-02-05,P0074,15,42,7,50,0
2024-02-05,P0075,0,0,3,0,0
2024-02-05,P0076,27,0,0,27,0
2024-02-05,P0077,144,0,0,142,2
2024-02-05,P0078,69,0,4,65,0
2024-02-05,P0079,196,0,25,171,0
2024-02-05,P0080,71,0,2,69,0
2024-02-06,P0001,14,0,0,14,0
2024-02-06,P0002,96,11,0,107,0
2024-02-06,P0003,106,0,0,106,0
2024-02-06,P0004,4,0,11,0,0
2024-02-06,P0005,105,0,2,103,0
2024-02-06,P0006,46,0,0,46,0
2024-02-06,P0007,87,0,0,87,0
2024-02-06,P0008,99,0,0,99,0
2024-02-06,P0009,0,0,13,0,0
2024-02-06,P0010,56,0,6,50,0
2024-02-06,P0011,18,0,2,16,0
2024-02-06,P0012,50,0,0,50,0
2024-02-06,P0013,22,0,1,21,0
2024-02-06,P0014,0,0,2,0,0
2024-02-06,P0015,71,0,7,64,0
2024-02-06,P0016,0,0,4,0,0
2024-02-06,P0017,0,0,0,0,0
2024-02-06,P0018,8,0,1,7,0
2024-02-06,P0019,81,0,0,81,0
2024-02-06,P0020,132,0,0,132,0
2024-02-06,P0021,46,0,7,39,0
2024-02-06,P0022,57,0,0,57,0
2024-02-06,P0023,80,0,0,80,0
2024-02-06,P0024,48,0,1,47,0
2024-02-06,P0025,93,0,0,93,0
2024-02-06,P0026,80,0,0,77,3
2024-02-06,P0027,34,0,0,34,0
2024-02-06,P0028,35,0,2,33,0
2024-02-06,P0029,0,0,0,0,0
2024-02-06,P0030,74,0,0,74,0
2024-02-06,P0031,126,0,0,126,0
2024-02-06,P0032,77,0,3,74,0
2024-02-06,P0033,27,0,0,27,0
2024-02-06,P0034,71,0,0,71,0
2024-02-06,P0035,9,0,1,8,0
2024-02-06,P0036,28,0,0,28,0
2024-02-06,P0037,38,0,2,36,0
2024-02-06,P0038,86,0,2,84,0
2024-02-06,P0039,0,0,3,0,0
2024-02-06,P0040,49,0,0,49,0
2024-02-06,P0041,115,0,1,114,0
2024-02-06,P0042,69,0,2,67,0
2024-02-06,P0043,59,0,0,59,0
2024-02-06,P0044,24,0,21,3,0
2024-02-06,P0045,52,0,0,52,0
2024-02-06,P0046,0,0,8,0,0
2024-02-06,P0047,40,0,1,39,0
2024-02-06,P0048,17,0,5,12,0
2024-02-06,P0049,50,0,0,50,0
2024-02-06,P0050,43,0,1,42,0
2024-02-06,P0051,97,0,0,97,0
2024-02-06,P0052,4,0,0,4,0
2024-02-06,P0053,11,0,0,11,0
2024-02-06,P0054,11,21,0,32,0
2024-02-06,P0055,61,0,0,61,0
2024-02-06,P0056,87,0,0,87,0
2024-02-06,P0057,90,0,2,88,0
2024-02-06,P0058,99,0,2,97,0
2024-02-06,P0059,0,0,13,0,0
2024-02-06,P0060,23,0,4,19,0
2024-02-06,P0061,0,0,0,0,0
2024-02-06,P0062,50,0,0,50,0
2024-02-06,P0063,131,0,6,125,0
2024-02-06,P0064,58,0,0,58,0
2024-02-06,P0065,141,0,18,123,0
2024-02-06,P0066,0,0,12,0,0
2024-02-06,P0067,0,0,1,0,0
2024-02-06,P0068,94,0,0,94,0
2024-02-06,P0069,42,0,4,38,0
2024-02-06,P0070,0,41,10,31,0
2024-02-06,P0071,37,0,0,37,0
2024-02-06,P0072,46,0,1,45,0
2024-02-06,P0073,22,0,1,21,0
2024-02-06,P0074,50,0,3,47,0
2024-02-06,P0075,0,0,2,0,0
2024-02-06,P0076,27,0,5,22,0
2024-02-06,P0077,142,0,0,142,0
2024-02-06,P0078,65,0,0,65,0
2024-02-06,P0079,171,0,18,153,0
2024-02-06,P0080,69,0,0,69,0
2024-02-07,P0001,14,0,6,8,0
2024-02-07,P0002,107,0,2,105,0
2024-02-07,P0003,106,0,0,106,0
2024-02-07,P0004,0,0,1,0,1
2024-02-07,P0005,103,0,3,100,0
2024-02-07,P0006,46,0,0,46,0
2024-02-07,P0007,87,0,0,87,0
2024-02-07,P0008,99,0,0,97,2
2024-02-07,P0009,0,0,6,0,0
2024-02-07,P0010,50,0,7,43,0
2024-02-07,P0011,16,0,4,12,0
2024-02-07,P0012,50,0,0,50,0
2024-02-07,P0013,21,0,0,21,0
2024-02-07,P0014,0,0,4,0,0
2024-02-07,P0015,64,0,9,55,0
2024-02-07,P0016,0,0,5,0,0
2024-02-07,P0017,0,0,2,0,0
2024-02-07,P0018,7,0,3,4,0
2024-02-07,P0019,81,0,0,81,0
2024-02-07,P0020,132,0,0,132,0
2024-02-07,P0021,39,0,13,26,0
2024-02-07,P0022,57,0,0,57,0
2024-02-07,P0023,80,0,0,80,0
2024-02-07,P0024,47,0,0,47,0
2024-02-07,P0025,93,16,3,106,0
2024-02-07,P0026,77,0,0,77,0
2024-02-07,P0027,34,0,4,30,0
2024-02-07,P0028,33,0,1,32,0
2024-02-07,P0029,0,0,1,0,0
2024-02-07,P0030,74,12,0,86,0
2024-02-07,P0031,126,0,0,126,0
2024-02-07,P0032,74,27,1,100,0
2024-02-07,P0033,27,0,0,27,0
2024-02-07,P0034,71,0,3,68,0
2024-02-07,P0035,8,22,0,30,0
2024-02-07,P0036,28,0,0,28,0
2024-02-07,P0037,36,0,5,31,0
2024-02-07,P0038,84,18,0,102,0
2024-02-07,P0039,0,0,0,0,0
2024-02-07,P0040,49,0,0,49,0
2024-02-07,P0041,114,0,0,114,0
2024-02-07,P0042,67,0,0,67,0
2024-02-07,P0043,59,0,0,59,0
2024-02-07,P0044,3,0,14,0,0
2024-02-07,P0045,52,0,0,50,2
2024-02-07,P0046,0,30,14,16,0
2024-02-07,P0047,39,0,1,38,0
2024-02-07,P0048,12,0,11,1,0
2024-02-07,P0049,50,0,0,50,0
2024-02-07,P0050,42,0,3,39,0
2024-02-07,P0051,97,0,1,96,0
2024-02-07,P0052,4,0,0,4,0
2024-02-07,P0053,11,0,0,11,0
2024-02-07,P0054,32,0,1,31,0
2024-02-07,P0055,61,0,0,61,0
2024-02-07,P0056,87,0,4,80,3
2024-02-07,P0057,88,0,0,88,0
2024-02-07,P0058,97,0,3,92,2
2024-02-07,P0059,0,0,23,0,0
2024-02-07,P0060,19,0,15,4,0
2024-02-07,P0061,0,0,0,0,0
2024-02-07,P0062,50,0,0,50,0
2024-02-07,P0063,125,0,8,117,0
2024-02-07,P0064,58,20,2,76,0
2024-02-07,P0065,123,0,19,104,0
2024-02-07,P0066,0,0,18,0,0
2024-02-07,P0067,0,45,3,42,0
2024-02-07,P0068,94,0,1,93,0
2024-02-07,P0069,38,0,0,38,0
2024-02-07,P0070,31,0,2,29,0
2024-02-07,P0071,37,0,0,37,0
2024-02-07,P0072,45,0,0,45,0
2024-02-07,P0073,21,0,5,16,0
2024-02-07,P0074,47,0,15,32,0
2024-02-07,P0075,0,0,0,0,0
2024-02-07,P0076,22,0,4,18,0
2024-02-07,P0077,142,0,0,142,0
2024-02-07,P0078,65,0,0,65,0
2024-02-07,P0079,153,0,29,124,0
2024-02-07,P0080,69,13,0,82,0
2024-02-08,P0001,8,0,6,2,0
2024-02-08,P0002,105,0,0,105,0
2024-02-08,P0003,106,0,0,106,0
2024-02-08,P0004,0,0,3,0,0
2024-02-08,P0005,100,0,0,100,0
2024-02-08,P0006,46,18,0,64,0
2024-02-08,P0007,87,0,0,87,0
2024-02-08,P0008,97,0,3,94,0
2024-02-08,P0009,0,0,4,0,0
2024-02-08,P0010,43,0,4,39,0
2024-02-08,P0011,12,0,0,12,0
2024-02-08,P0012,50,16,0,66,0
2024-02-08,P0013,21,0,1,20,0
2024-02-08,P0014,0,0,1,0,0
2024-02-08,P0015,55,0,2,53,0
2024-02-08,P0016,0,0,0,0,0
2024-02-08,P0017,0,0,1,0,0
2024-02-08,P0018,4,0,4,0,0
2024-02-08,P0019,81,0,1,80,0
2024-02-08,P0020,132,0,0,132,0
2024-02-08,P0021,26,0,8,18,0
2024-02-08,P0022,57,0,0,57,0
2024-02-08,P0023,80,0,0,80,0
2024-02-08,P0024,47,0,0,47,0
2024-02-08,P0025,106,0,0,106,0
2024-02-08,P0026,77,0,0,77,0
2024-02-08,P0027,30,12,0,42,0
2024-02-08,P0028,32,0,4,28,0
2024-02-08,P0029,0,0,6,0,0
2024-02-08,P0030,86,0,0,86,0
2024-02-08,P0031,126,0,0,126,0
2024-02-08,P0032,100,0,2,98,0
2024-02-08,P0033,27,0,0,27,0
2024-02-08,P0034,68,0,0,68,0
2024-02-08,P0035,30,0,1,29,0
2024-02-08,P0036,28,0,0,28,0
2024-02-08,P0037,31,0,6,25,0
2024-02-08,P0038,102,0,0,102,0
2024-02-08,P0039,0,0,1,0,2
2024-02-08,P0040,49,0,0,49,0
2024-02-08,P0041,114,0,3,111,0
2024-02-08,P0042,67,0,0,67,0
2024-02-08,P0043,59,0,0,59,0
2024-02-08,P0044,0,0,18,0,0
2024-02-08,P0045,50,0,0,50,0
2024-02-08,P0046,16,0,7,9,0
2024-02-08,P0047,38,0,0,38,0
2024-02-08,P0048,1,0,0,1,0
2024-02-08,P0049,50,0,0,50,0
2024-02-08,P0050,39,0,0,39,0
2024-02-08,P0051,96,16,0,112,0
2024-02-08,P0052,4,0,0,4,0
2024-02-08,P0053,11,0,2,9,0
2024-02-08,P0054,31,0,0,31,0
2024-02-08,P0055,61,17,0,78,0
2024-02-08,P0056,80,21,0,101,0
2024-02-08,P0057,88,0,0,88,0
2024-02-08,P0058,92,0,4,88,0
2024-02-08,P0059,0,0,2,0,0
2024-02-08,P0060,4,0,8,0,0
2024-02-08,P0061,0,0,3,0,0
2024-02-08,P0062,50,0,0,50,0
2024-02-08,P0063,117,0,10,107,0
2024-02-08,P0064,76,0,0,76,0
2024-02-08,P0065,104,68,15,157,0
2024-02-08,P0066,0,0,8,0,0
2024-02-08,P0067,42,0,0,42,0
2024-02-08,P0068,93,0,0,93,0
2024-02-08,P0069,38,0,2,36,0
2024-02-08,P0070,29,0,2,27,0
2024-02-08,P0071,37,0,0,37,0
2024-02-08,P0072,45,0,0,45,0
2024-02-08,P0073,16,0,1,15,0
2024-02-08,P0074,32,0,10,22,0
2024-02-08,P0075,0,0,0,0,0
2024-02-08,P0076,18,0,1,17,0
2024-02-08,P0077,142,0,0,142,0
2024-02-08,P0078,65,0,3,62,0
2024-02-08,P0079,124,246,29,341,0
2024-02-08,P0080,82,0,0,82,0
2024-02-09,P0001,2,0,7,0,0
2024-02-09,P0002,105,0,5,100,0
2024-02-09,P0003,106,0,4,102,0
2024-02-09,P0004,0,28,8,20,0
2024-02-09,P0005,100,13,1,110,2
2024-02-09,P0006,64,0,1,63,0
2024-02-09,P0007,87,0,2,85,0
2024-02-09,P0008,94,0,1,93,0
2024-02-09,P0009,0,0,2,0,0
2024-02-09,P0010,39,0,5,34,0
2024-02-09,P0011,12,0,5,7,0
2024-02-09,P0012,66,0,4,62,0
2024-02-09,P0013,20,0,0,20,0
2024-02-09,P0014,0,0,6,0,0
2024-02-09,P0015,53,60,9,104,0
2024-02-09,P0016,0,0,2,0,0
2024-02-09,P0017,0,0,7,0,0
2024-02-09,P0018,0,0,0,0,0
2024-02-09,P0019,80,0,0,80,0
2024-02-09,P0020,132,0,0,132,0
2024-02-09,P0021,18,0,12,6,0
2024-02-09,P0022,57,0,4,53,0
2024-02-09,P0023,80,12,1,91,0
2024-02-09,P0024,47,0,0,47,0
2024-02-09,P0025,106,0,2,104,0
2024-02-09,P0026,77,19,0,96,0
2024-02-09,P0027,42,0,0,42,0
2024-02-09,P0028,28,23,1,50,0
2024-02-09,P0029,0,0,0,0,0
2024-02-09,P0030,86,0,0,86,0
2024-02-09,P0031,126,0,4,122,0
2024-02-09,P0032,98,0,0,98,0
2024-02-09,P0033,27,0,0,27,0
2024-02-09,P0034,68,0,1,67,0
2024-02-09,P0035,29,0,5,24,0
2024-02-09,P0036,28,0,2,26,0
2024-02-09,P0037,25,0,10,15,0
2024-02-09,P0038,102,0,1,101,0
2024-02-09,P0039,0,0,1,0,0
2024-02-09,P0040,49,14,8,55,0
2024-02-09,P0041,111,0,0,111,0
2024-02-09,P0042,67,0,0,67,0
2024-02-09,P0043,59,0,0,59,0
2024-02-09,P0044,0,0,17,0,0
2024-02-09,P0045,50,19,3,66,0
2024-02-09,P0046,9,0,1,8,0
2024-02-09,P0047,38,0,2,36,0
2024-02-09,P0048,1,0,6,0,0
2024-02-09,P0049,50,0,1,49,0
2024-02-09,P0050,39,0,0,39,0
2024-02-09,P0051,112,0,0,112,0
2024-02-09,P0052,4,16,0,20,0
2024-02-09,P0053,9,0,0,9,0
2024-02-09,P0054,31,0,4,27,0
2024-02-09,P0055,78,0,3,75,0
2024-02-09,P0056,101,0,0,101,0
2024-02-09,P0057,88,0,0,88,0
2024-02-09,P0058,88,0,10,78,0
2024-02-09,P0059,0,0,18,0,0
2024-02-09,P0060,0,0,5,0,0
2024-02-09,P0061,0,0,0,0,0
2024-02-09,P0062,50,0,0,50,0
2024-02-09,P0063,107,0,4,103,0
2024-02-09,P0064,76,0,0,76,0
2024-02-09,P0065,157,0,9,148,0
2024-02-09,P0066,0,0,6,0,0
2024-02-09,P0067,42,0,2,39,1
2024-02-09,P0068,93,20,0,113,0
2024-02-09,P0069,36,11,0,47,0
2024-02-09,P0070,27,41,2,66,0
2024-02-09,P0071,37,0,0,37,0
2024-02-09,P0072,45,0,1,44,0
2024-02-09,P0073,15,0,0,15,0
2024-02-09,P0074,22,0,8,14,0
2024-02-09,P0075,0,0,6,0,0
2024-02-09,P0076,17,0,7,10,0
2024-02-09,P0077,142,0,5,137,0
2024-02-09,P0078,62,0,4,58,0
2024-02-09,P0079,341,0,13,328,0
2024-02-09,P0080,82,0,0,82,0
2024-02-10,P0001,0,0,2,0,0
2024-02-10,P0002,100,21,1,120,0
2024-02-10,P0003,102,0,0,102,0
2024-02-10,P0004,20,0,11,9,0
2024-02-10,P0005,110,0,1,109,0
2024-02-10,P0006,63,0,0,63,0
2024-02-10,P0007,85,0,0,85,0
2024-02-10,P0008,93,12,0,105,0
2024-02-10,P0009,0,0,8,0,0
2024-02-10,P0010,34,0,20,14,0
2024-02-10,P0011,7,0,3,4,0
2024-02-10,P0012,62,0,0,62,0
2024-02-10,P0013,20,0,0,20,0
2024-02-10,P0014,0,0,4,0,0
2024-02-10,P0015,104,0,12,92,0
2024-02-10,P0016,0,0,23,0,0
2024-02-10,P0017,0,0,3,0,0
2024-02-10,P0018,0,0,0,0,0
2024-02-10,P0019,80,16,2,94,0
2024-02-10,P0020,132,0,0,132,0
2024-02-10,P0021,6,0,15,0,0
2024-02-10,P0022,53,0,6,47,0
2024-02-10,P0023,91,0,1,90,0
2024-02-10,P0024,47,0,0,47,0
2024-02-10,P0025,104,26,1,129,0
2024-02-10,P0026,96,0,0,96,0
2024-02-10,P0027,42,0,0,42,0
2024-02-10,P0028,50,0,5,43,2
2024-02-10,P0029,0,0,3,0,0
2024-02-10,P0030,86,0,0,86,0
2024-02-10,P0031,122,0,5,117,0
2024-02-10,P0032,98,0,5,93,0
2024-02-10,P0033,27,0,0,27,0
2024-02-10,P0034,67,0,0,67,0
2024-02-10,P0035,24,0,9,15,0
2024-02-10,P0036,26,0,0,26,0
2024-02-10,P0037,15,33,3,45,0
2024-02-10,P0038,101,0,1,100,0
2024-02-10,P0039,0,0,4,0,0
2024-02-10,P0040,55,0,1,54,0
2024-02-10,P0041,111,0,0,111,0
2024-02-10,P0042,67,0,0,67,0
2024-02-10,P0043,59,0,0,59,0
2024-02-10,P0044,0,0,16,0,0
2024-02-10,P0045,66,0,2,64,0
2024-02-10,P0046,8,0,9,0,0
2024-02-10,P0047,36,0,0,36,0
2024-02-10,P0048,0,0,8,0,0
2024-02-10,P0049,49,0,1,48,0
2024-02-10,P0050,39,0,3,36,0
2024-02-10,P0051,112,0,0,112,0
2024-02-10,P0052,20,0,0,20,0
2024-02-10,P0053,9,0,5,4,0
2024-02-10,P0054,27,0,0,27,0
2024-02-10,P0055,75,0,4,71,0
2024-02-10,P0056,101,0,0,101,0
2024-02-10,P0057,88,0,0,88,0
2024-02-10,P0058,78,0,19,59,0
2024-02-10,P0059,0,0,18,0,0
2024-02-10,P0060,0,39,11,28,0
2024-02-10,P0061,0,0,3,0,0
2024-02-10,P0062,50,0,0,50,0
2024-02-10,P0063,103,0,8,95,0
2024-02-10,P0064,76,0,0,76,0
2024-02-10,P0065,148,0,7,141,0
2024-02-10,P0066,0,0,27,0,0
2024-02-10,P0067,39,0,23,16,0
2024-02-10,P0068,113,0,1,112,0
2024-02-10,P0069,47,0,0,47,0
2024-02-10,P0070,66,0,5,61,0
2024-02-10,P0071,37,0,0,37,0
2024-02-10,P0072,44,0,0,44,0
2024-02-10,P0073,15,0,5,10,0
2024-02-10,P0074,14,0,6,8,0
2024-02-10,P0075,0,0,2,0,2
2024-02-10,P0076,10,22,0,32,0
2024-02-10,P0077,137,0,0,137,0
2024-02-10,P0078,58,25,0,83,0
2024-02-10,P0079,328,0,38,290,0
2024-02-10,P0080,82,0,0,82,0
2024-02-11,P0001,0,27,4,23,0
2024-02-11,P0002,120,0,0,120,0
2024-02-11,P0003,102,0,3,99,0
2024-02-11,P0004,9,0,1,8,0
2024-02-11,P0005,109,0,7,102,0
2024-02-11,P0006,63,0,2,61,0
2024-02-11,P0007,85,0,0,85,0
2024-02-11,P0008,105,0,0,105,0
2024-02-11,P0009,0,0,8,0,0
2024-02-11,P0010,14,0,6,8,0
2024-02-11,P0011,4,0,7,0,0
2024-02-11,P0012,62,0,0,62,0
2024-02-11,P0013,20,21,1,40,0
2024-02-11,P0014,0,0,14,0,0
2024-02-11,P0015,92,49,1,140,0
2024-02-11,P0016,0,0,2,0,0
2024-02-11,P0017,0,22,1,21,0
2024-02-11,P0018,0,0,8,0,0
2024-02-11,P0019,94,0,0,94,0
2024-02-11,P0020,132,0,1,131,0
2024-02-11,P0021,0,0,8,0,0
2024-02-11,P0022,47,0,4,43,0
2024-02-11,P0023,90,0,5,85,0
2024-02-11,P0024,47,0,2,45,0
2024-02-11,P0025,129,24,7,146,0
2024-02-11,P0026,96,0,0,96,0
2024-02-11,P0027,42,0,1,41,0
2024-02-11,P0028,43,0,5,38,0
2024-02-11,P0029,0,0,4,0,0
2024-02-11,P0030,86,0,2,84,0
2024-02-11,P0031,117,0,0,117,0
2024-02-11,P0032,93,0,12,81,0
2024-02-11,P0033,27,0,3,24,0
2024-02-11,P0034,67,0,1,66,0
2024-02-11,P0035,15,0,0,15,0
2024-02-11,P0036,26,0,6,20,0
2024-02-11,P0037,45,0,11,34,0
2024-02-11,P0038,100,0,7,93,0
2024-02-11,P0039,0,0,11,0,0
2024-02-11,P0040,54,0,1,53,0
2024-02-11,P0041,111,0,4,107,0
2024-02-11,P0042,67,0,7,60,0
2024-02-11,P0043,59,0,0,59,0
2024-02-11,P0044,0,0,21,0,0
2024-02-11,P0045,64,0,0,64,0
2024-02-11,P0046,0,0,9,0,0
2024-02-11,P0047,36,0,0,36,0
2024-02-11,P0048,0,0,3,0,0
2024-02-11,P0049,48,17,7,58,0
2024-02-11,P0050,36,0,2,34,0
2024-02-11,P0051,112,0,0,112,0
2024-02-11,P0052,20,0,2,18,0
2024-02-11,P0053,4,0,0,4,0
2024-02-11,P0054,27,0,0,27,0
2024-02-11,P0055,71,0,2,69,0
2024-02-11,P0056,101,0,1,100,0
2024-02-11,P0057,88,0,0,88,0
2024-02-11,P0058,59,0,9,50,0
2024-02-11,P0059,0,51,16,35,0
2024-02-11,P0060,28,0,19,9,0
2024-02-11,P0061,0,0,0,0,0
2024-02-11,P0062,50,0,0,50,0
2024-02-11,P0063,95,0,7,88,0
2024-02-11,P0064,76,0,3,73,0
2024-02-11,P0065,141,0,13,128,0
2024-02-11,P0066,0,78,24,54,0
2024-02-11,P0067,16,0,7,9,0
2024-02-11,P0068,112,0,0,112,0
2024-02-11,P0069,47,0,1,46,0
2024-02-11,P0070,61,0,5,56,0
2024-02-11,P0071,37,0,6,31,0
2024-02-11,P0072,44,0,2,42,0
2024-02-11,P0073,10,16,2,24,0
2024-02-11,P0074,8,0,9,0,0
2024-02-11,P0075,0,0,3,0,0
2024-02-11,P0076,32,0,0,32,0
2024-02-11,P0077,137,0,0,137,0
2024-02-11,P0078,83,0,1,79,3
2024-02-11,P0079,290,0,27,263,0
2024-02-11,P0080,82,0,0,82,0
2024-02-12,P0001,23,0,7,16,0
2024-02-12,P0002,120,0,4,116,0
2024-02-12,P0003,99,0,4,95,0
2024-02-12,P0004,8,0,3,5,0
2024-02-12,P0005,102,0,0,102,0
2024-02-12,P0006,61,0,3,58,0
2024-02-12,P0007,85,11,0,96,0
2024-02-12,P0008,105,0,0,105,0
2024-02-12,P0009,0,0,7,0,0
2024-02-12,P0010,8,0,8,0,0
2024-02-12,P0011,0,0,2,0,0
2024-02-12,P0012,62,0,0,62,0
2024-02-12,P0013,40,21,4,57,0
2024-02-12,P0014,0,0,2,0,0
2024-02-12,P0015,140,0,6,134,0
2024-02-12,P0016,0,0,9,0,0
2024-02-12,P0017,21,0,7,14,0
2024-02-12,P0018,0,0,0,0,0
2024-02-12,P0019,94,0,0,94,0
2024-02-12,P0020,131,0,1,130,0
2024-02-12,P0021,0,0,7,0,0
2024-02-12,P0022,43,0,0,43,0
2024-02-12,P0023,85,0,0,85,0
2024-02-12,P0024,45,0,1,44,0
2024-02-12,P0025,146,0,1,145,0
2024-02-12,P0026,96,17,0,113,0
2024-02-12,P0027,41,0,0,41,0
2024-02-12,P0028,38,0,0,38,0
2024-02-12,P0029,0,0,3,0,0
2024-02-12,P0030,84,0,1,83,0
2024-02-12,P0031,117,0,0,117,0
2024-02-12,P0032,81,0,4,77,0
2024-02-12,P0033,24,0,6,18,0
2024-02-12,P0034,66,0,0,66,0
2024-02-12,P0035,15,0,0,15,0
2024-02-12,P0036,20,0,2,18,0
2024-02-12,P0037,34,0,4,29,1
2024-02-12,P0038,93,0,0,93,0
2024-02-12,P0039,0,0,0,0,0
2024-02-12,P0040,53,15,2,66,0
2024-02-12,P0041,107,0,1,106,0
2024-02-12,P0042,60,0,0,60,0
2024-02-12,P0043,59,0,0,59,0
2024-02-12,P0044,0,0,8,0,0
2024-02-12,P0045,64,0,3,61,0
2024-02-12,P0046,0,0,12,0,0
2024-02-12,P0047,36,0,0,36,0
2024-02-12,P0048,0,0,1,0,0
2024-02-12,P0049,58,0,6,52,0
2024-02-12,P0050,34,0,3,31,0
2024-02-12,P0051,112,0,3,109,0
2024-02-12,P0052,18,0,0,18,0
2024-02-12,P0053,4,0,2,2,0
2024-02-12,P0054,27,0,0,27,0
2024-02-12,P0055,69,0,0,69,0
2024-02-12,P0056,100,0,3,97,0
2024-02-12,P0057,88,0,0,88,0
2024-02-12,P0058,50,0,11,39,0
2024-02-12,P0059,35,0,16,19,0
2024-02-12,P0060,9,0,6,3,0
2024-02-12,P0061,0,0,3,0,0
2024-02-12,P0062,50,19,0,69,0
2024-02-12,P0063,88,68,8,148,0
2024-02-12,P0064,73,0,1,72,0
2024-02-12,P0065,128,0,9,119,0
2024-02-12,P0066,54,0,10,44,0
2024-02-12,P0067,9,0,4,5,0
2024-02-12,P0068,112,0,0,112,0
2024-02-12,P0069,46,0,0,46,0
2024-02-12,P0070,56,0,3,53,0
2024-02-12,P0071,31,0,0,31,0
2024-02-12,P0072,42,0,0,42,0
2024-02-12,P0073,24,12,1,35,0
2024-02-12,P0074,0,0,3,0,0
2024-02-12,P0075,0,27,2,25,0
2024-02-12,P0076,32,0,0,32,0
2024-02-12,P0077,137,0,0,137,0
2024-02-12,P0078,79,0,1,75,3
2024-02-12,P0079,263,0,28,235,0
2024-02-12,P0080,82,0,0,82,0
2024-02-13,P0001,16,0,0,16,0
2024-02-13,P0002,116,0,0,113,3
2024-02-13,P0003,95,0,2,93,0
2024-02-13,P0004,5,0,10,0,0
2024-02-13,P0005,102,0,2,100,0
2024-02-13,P0006,58,0,2,56,0
2024-02-13,P0007,96,0,0,96,0
2024-02-13,P0008,105,0,0,105,0
2024-02-13,P0009,0,52,5,47,0
2024-02-13,P0010,0,0,0,0,0
2024-02-13,P0011,0,0,5,0,0
2024-02-13,P0012,62,0,0,62,0
2024-02-13,P0013,57,18,2,73,0
2024-02-13,P0014,0,15,8,7,0
2024-02-13,P0015,134,0,5,129,0
2024-02-13,P0016,0,0,4,0,0
2024-02-13,P0017,14,0,0,14,0
2024-02-13,P0018,0,0,0,0,0
2024-02-13,P0019,94,0,0,94,0
2024-02-13,P0020,130,0,0,130,0
2024-02-13,P0021,0,0,6,0,0
2024-02-13,P0022,43,0,0,43,0
2024-02-13,P0023,85,0,0,85,0
2024-02-13,P0024,44,0,0,44,0
2024-02-13,P0025,145,0,0,145,0
2024-02-13,P0026,113,0,0,113,0
2024-02-13,P0027,41,0,0,41,0
2024-02-13,P0028,38,0,1,37,0
2024-02-13,P0029,0,25,1,24,0
2024-02-13,P0030,83,0,2,81,0
2024-02-13,P0031,117,0,1,116,0
2024-02-13,P0032,77,0,2,75,0
2024-02-13,P0033,18,0,0,18,0
2024-02-13,P0034,66,0,0,66,0
2024-02-13,P0035,15,16,4,27,0
2024-02-13,P0036,18,0,0,18,0
2024-02-13,P0037,29,0,10,19,0
2024-02-13,P0038,93,0,1,92,0
2024-02-13,P0039,0,0,5,0,0
2024-02-13,P0040,66,0,1,65,0
2024-02-13,P0041,106,0,0,106,0
2024-02-13,P0042,60,0,0,60,0
2024-02-13,P0043,59,0,0,59,0
2024-02-13,P0044,0,0,18,0,0
2024-02-13,P0045,61,0,1,60,0
2024-02-13,P0046,0,0,14,0,0
2024-02-13,P0047,36,15,1,50,0
2024-02-13,P0048,0,30,8,22,0
2024-02-13,P0049,52,0,3,48,1
2024-02-13,P0050,31,0,2,29,0
2024-02-13,P0051,109,0,0,109,0
2024-02-13,P0052,18,0,8,10,0
2024-02-13,P0053,2,0,4,0,0
2024-02-13,P0054,27,0,0,27,0
2024-02-13,P0055,69,0,0,69,0
2024-02-13,P0056,97,0,1,96,0
2024-02-13,P0057,88,0,1,87,0
2024-02-13,P0058,39,0,21,18,0
2024-02-13,P0059,19,0,6,13,0
2024-02-13,P0060,3,0,1,2,0
2024-02-13,P0061,0,0,0,0,0
2024-02-13,P0062,69,0,0,69,0
2024-02-13,P0063,148,0,13,135,0
2024-02-13,P0064,72,0,1,71,0
2024-02-13,P0065,119,0,20,99,0
2024-02-13,P0066,44,0,16,28,0
2024-02-13,P0067,5,0,6,0,0
2024-02-13,P0068,112,0,0,112,0
2024-02-13,P0069,46,0,0,46,0
2024-02-13,P0070,53,0,1,52,0
2024-02-13,P0071,31,0,0,31,0
2024-02-13,P0072,42,0,1,41,0
2024-02-13,P0073,35,0,0,35,0
2024-02-13,P0074,0,0,1,0,0
2024-02-13,P0075,25,0,0,25,0
2024-02-13,P0076,32,0,0,32,0
2024-02-13,P0077,137,0,0,137,0
2024-02-13,P0078,75,0,1,74,0
2024-02-13,P0079,235,0,14,221,0
2024-02-13,P0080,82,0,0,82,0
2024-02-14,P0001,16,0,8,8,0
2024-02-14,P0002,113,0,0,113,0
2024-02-14,P0003,93,0,1,92,0
2024-02-14,P0004,0,0,8,0,0
2024-02-14,P0005,100,0,1,99,0
2024-02-14,P0006,56,0,0,56,0
2024-02-14,P0007,96,10,0,106,0
2024-02-14,P0008,105,0,0,105,0
2024-02-14,P0009,47,0,14,33,0
2024-02-14,P0010,0,0,10,0,0
2024-02-14,P0011,0,0,6,0,0
2024-02-14,P0012,62,0,0,62,0
2024-02-14,P0013,73,0,5,68,0
2024-02-14,P0014,7,0,0,7,0
2024-02-14,P0015,129,0,12,117,0
2024-02-14,P0016,0,0,3,0,0
2024-02-14,P0017,14,18,6,26,0
2024-02-14,P0018,0,0,11,0,0
2024-02-14,P0019,94,0,0,94,0
2024-02-14,P0020,130,0,0,130,0
2024-02-14,P0021,0,0,6,0,0
2024-02-14,P0022,43,0,5,38,0
2024-02-14,P0023,85,0,2,83,0
2024-02-14,P0024,44,0,3,41,0
2024-02-14,P0025,145,16,2,159,0
2024-02-14,P0026,113,0,0,113,0
2024-02-14,P0027,41,0,0,41,0
2024-02-14,P0028,37,0,7,30,0
2024-02-14,P0029,24,0,2,22,0
2024-02-14,P0030,81,0,0,81,0
2024-02-14,P0031,116,0,0,116,0
2024-02-14,P0032,75,0,0,75,0
2024-02-14,P0033,18,0,1,17,0
2024-02-14,P0034,66,11,1,73,3
2024-02-14,P0035,27,0,3,24,0
2024-02-14,P0036,18,0,2,16,0
2024-02-14,P0037,19,0,0,19,0
2024-02-14,P0038,92,0,1,91,0
2024-02-14,P0039,0,0,0,0,1
2024-02-14,P0040,65,0,5,60,0
2024-02-14,P0041,106,0,0,106,0
2024-02-14,P0042,60,0,1,59,0
2024-02-14,P0043,59,0,0,59,0
2024-02-14,P0044,0,0,19,0,0
2024-02-14,P0045,60,17,0,77,0
2024-02-14,P0046,0,0,22,0,0
2024-02-14,P0047,50,0,5,45,0
2024-02-14,P0048,22,0,2,20,0
2024-02-14,P0049,48,21,8,61,0
2024-02-14,P0050,29,0,1,28,0
2024-02-14,P0051,109,0,0,109,0
2024-02-14,P0052,10,0,1,9,0
2024-02-14,P0053,0,0,1,0,0
2024-02-14,P0054,27,0,0,27,0
2024-02-14,P0055,69,0,0,69,0
2024-02-14,P0056,96,0,4,92,0
2024-02-14,P0057,87,0,0,87,0
2024-02-14,P0058,18,0,1,17,0
2024-02-14,P0059,13,0,9,4,0
2024-02-14,P0060,2,0,7,0,0
2024-02-14,P0061,0,0,0,0,0
2024-02-14,P0062,69,0,0,69,0
2024-02-14,P0063,135,0,20,115,0
2024-02-14,P0064,71,0,0,71,0
2024-02-14,P0065,99,0,14,85,0
2024-02-14,P0066,28,0,14,14,0
2024-02-14,P0067,0,0,0,0,0
2024-02-14,P0068,112,0,0,112,0
2024-02-14,P0069,46,0,0,46,0
2024-02-14,P0070,52,0,5,47,0
2024-02-14,P0071,31,0,0,31,0
2024-02-14,P0072,41,0,0,41,0
2024-02-14,P0073,35,0,0,35,0
2024-02-14,P0074,0,0,15,0,0
2024-02-14,P0075,25,24,0,49,0
2024-02-14,P0076,32,0,2,30,0
2024-02-14,P0077,137,0,0,137,0
2024-02-14,P0078,74,0,0,74,0
2024-02-14,P0079,221,268,23,466,0
2024-02-14,P0080,82,0,0,82,0
2024-02-15,P0001,8,40,3,45,0
2024-02-15,P0002,113,0,0,113,0
2024-02-15,P0003,92,0,0,92,0
2024-02-15,P0004,0,0,1,0,0
2024-02-15,P0005,99,0,0,99,0
2024-02-15,P0006,56,0,0,56,0
2024-02-15,P0007,106,0,0,106,0
2024-02-15,P0008,105,0,0,105,0
2024-02-15,P0009,33,0,1,32,0
2024-02-15,P0010,0,0,8,0,0
2024-02-15,P0011,0,0,1,0,0
2024-02-15,P0012,62,0,7,55,0
2024-02-15,P0013,68,0,0,68,0
2024-02-15,P0014,7,0,0,7,0
2024-02-15,P0015,117,0,2,115,0
2024-02-15,P0016,0,0,4,0,0
2024-02-15,P0017,26,0,4,22,0
2024-02-15,P0018,0,0,2,0,0
2024-02-15,P0019,94,0,0,94,0
2024-02-15,P0020,130,0,1,128,1
2024-02-15,P0021,0,0,5,0,0
2024-02-15,P0022,38,18,0,56,0
2024-02-15,P0023,83,0,0,83,0
2024-02-15,P0024,41,0,0,41,0
2024-02-15,P0025,159,0,1,158,0
2024-02-15,P0026,113,0,0,113,0
2024-02-15,P0027,41,0,2,39,0
2024-02-15,P0028,30,0,0,30,0
2024-02-15,P0029,22,19,3,38,0
2024-02-15,P0030,81,0,0,81,0
2024-02-15,P0031,116,0,0,116,0
2024-02-15,P0032,75,0,4,71,0
2024-02-15,P0033,17,0,0,17,0
2024-02-15,P0034,73,0,0,73,0
2024-02-15,P0035,24,0,1,23,0
2024-02-15,P0036,16,25,2,39,0
2024-02-15,P0037,19,0,7,12,0
2024-02-15,P0038,91,0,1,90,0
2024-02-15,P0039,0,0,0,0,0
2024-02-15,P0040,60,0,5,55,0
2024-02-15,P0041,106,0,0,106,0
2024-02-15,P0042,59,0,0,59,0
2024-02-15,P0043,59,0,0,59,0
2024-02-15,P0044,0,0,9,0,0
2024-02-15,P0045,77,0,5,72,0
2024-02-15,P0046,0,0,2,0,0
2024-02-15,P0047,45,0,2,43,0
2024-02-15,P0048,20,0,10,10,0
2024-02-15,P0049,61,0,0,61,0
2024-02-15,P0050,28,26,2,52,0
2024-02-15,P0051,109,0,2,107,0
2024-02-15,P0052,9,0,3,6,0
2024-02-15,P0053,0,0,6,0,0
2024-02-15,P0054,27,12,2,37,0
2024-02-15,P0055,69,0,0,69,0
2024-02-15,P0056,92,0,10,82,0
2024-02-15,P0057,87,0,0,87,0
2024-02-15,P0058,17,0,17,0,0
2024-02-15,P0059,4,0,10,0,0
2024-02-15,P0060,0,33,14,19,0
2024-02-15,P0061,0,0,0,0,0
2024-02-15,P0062,69,0,1,68,0
2024-02-15,P0063,115,0,15,100,0
2024-02-15,P0064,71,0,1,70,0
2024-02-15,P0065,85,99,10,174,0
2024-02-15,P0066,14,92,9,97,0
2024-02-15,P0067,0,0,5,0,0
2024-02-15,P0068,112,0,3,109,0
2024-02-15,P0069,46,0,0,45,1
2024-02-15,P0070,47,0,12,35,0
2024-02-15,P0071,31,0,6,25,0
2024-02-15,P0072,41,0,0,41,0
2024-02-15,P0073,35,0,0,35,0
2024-02-15,P0074,0,0,7,0,0
2024-02-15,P0075,49,0,3,46,0
2024-02-15,P0076,30,0,5,25,0
2024-02-15,P0077,137,0,0,137,0
2024-02-15,P0078,74,0,3,71,0
2024-02-15,P0079,466,0,30,436,0
2024-02-15,P0080,82,0,0,82,0
2024-02-16,P0001,45,0,10,35,0
2024-02-16,P0002,113,0,1,112,0
2024-02-16,P0003,92,0,3,89,0
2024-02-16,P0004,0,0,4,0,0
2024-02-16,P0005,99,0,0,99,0
2024-02-16,P0006,56,0,1,55,0
2024-02-16,P0007,106,0,0,106,0
2024-02-16,P0008,105,0,0,105,0
2024-02-16,P0009,32,0,9,23,0
2024-02-16,P0010,0,0,7,0,0
2024-02-16,P0011,0,0,6,0,0
2024-02-16,P0012,55,0,3,52,0
2024-02-16,P0013,68,0,5,63,0
2024-02-16,P0014,7,0,0,7,0
2024-02-16,P0015,115,0,6,109,0
2024-02-16,P0016,0,0,1,0,0
2024-02-16,P0017,22,0,10,12,0
2024-02-16,P0018,0,0,6,0,0
2024-02-16,P0019,94,0,0,94,0
2024-02-16,P0020,128,0,0,128,0
2024-02-16,P0021,0,0,9,0,0
2024-02-16,P0022,56,0,2,54,0
2024-02-16,P0023,83,0,0,83,0
2024-02-16,P0024,41,0,0,41,0
2024-02-16,P0025,158,0,0,158,0
2024-02-16,P0026,113,0,0,113,0
2024-02-16,P0027,39,0,0,39,0
2024-02-16,P0028,30,0,0,30,0
2024-02-16,P0029,38,0,0,38,0
2024-02-16,P0030,81,0,0,81,0
2024-02-16,P0031,116,0,2,114,0
2024-02-16,P0032,71,0,0,71,0
2024-02-16,P0033,17,0,0,17,0
2024-02-16,P0034,73,0,0,73,0
2024-02-16,P0035,23,0,3,20,0
2024-02-16,P0036,39,0,6,33,0
2024-02-16,P0037,12,0,3,9,0
2024-02-16,P0038,90,0,5,85,0
2024-02-16,P0039,0,0,1,0,0
2024-02-16,P0040,55,0,0,55,0
2024-02-16,P0041,106,0,2,104,0
2024-02-16,P0042,59,0,0,59,0
2024-02-16,P0043,59,0,0,59,0
2024-02-16,P0044,0,0,20,0,0
2024-02-16,P0045,72,0,0,72,0
2024-02-16,P0046,0,0,9,0,0
2024-02-16,P0047,43,0,4,39,0
2024-02-16,P0048,10,0,1,9,0
2024-02-16,P0049,61,0,0,61,0
2024-02-16,P0050,52,0,0,52,0
2024-02-16,P0051,107,0,1,106,0
2024-02-16,P0052,6,0,0,6,0
2024-02-16,P0053,0,0,2,0,0
2024-02-16,P0054,37,0,1,36,0
2024-02-16,P0055,69,0,0,69,0
2024-02-16,P0056,82,0,1,81,0
2024-02-16,P0057,87,0,1,86,0
2024-02-16,P0058,0,0,13,0,0
2024-02-16,P0059,0,0,20,0,1
2024-02-16,P0060,19,0,4,15,0
2024-02-16,P0061,0,0,5,0,0
2024-02-16,P0062,68,0,0,68,0
2024-02-16,P0063,100,0,5,95,0
2024-02-16,P0064,70,0,3,67,0
2024-02-16,P0065,174,0,17,157,0
2024-02-16,P0066,97,0,14,83,0
2024-02-16,P0067,0,29,3,26,0
2024-02-16,P0068,109,0,0,109,0
2024-02-16,P0069,45,0,0,45,0
2024-02-16,P0070,35,0,8,27,0
2024-02-16,P0071,25,0,0,25,0
2024-02-16,P0072,41,0,0,41,0
2024-02-16,P0073,35,0,0,35,0
2024-02-16,P0074,0,0,8,0,0
2024-02-16,P0075,46,0,5,41,0
2024-02-16,P0076,25,0,2,23,0
2024-02-16,P0077,137,0,0,137,0
2024-02-16,P0078,71,0,0,71,0
2024-02-16,P0079,436,0,39,397,0
2024-02-16,P0080,82,0,0,82,0
2024-02-17,P0001,35,0,11,24,0
2024-02-17,P0002,112,0,3,109,0
2024-02-17,P0003,89,0,1,88,0
2024-02-17,P0004,0,0,5,0,0
2024-02-17,P0005,99,0,5,94,0
2024-02-17,P0006,55,0,0,55,0
2024-02-17,P0007,106,0,0,106,0
2024-02-17,P0008,105,0,0,105,0
2024-02-17,P0009,23,0,9,14,0
2024-02-17,P0010,0,0,10,0,0
2024-02-17,P0011,0,0,3,0,0
2024-02-17,P0012,52,0,0,52,0
2024-02-17,P0013,63,0,0,63,0
2024-02-17,P0014,7,0,3,4,0
2024-02-17,P0015,109,0,3,106,0
2024-02-17,P0016,0,0,19,0,0
2024-02-17,P0017,12,0,6,6,0
2024-02-17,P0018,0,0,6,0,0
2024-02-17,P0019,94,0,0,94,0
2024-02-17,P0020,128,0,0,128,0
2024-02-17,P0021,0,0,12,0,0
2024-02-17,P0022,54,0,3,51,0
2024-02-17,P0023,83,0,1,82,0
2024-02-17,P0024,41,0,3,38,0
2024-02-17,P0025,158,0,4,154,0
2024-02-17,P0026,113,0,0,113,0
2024-02-17,P0027,39,0,0,39,0
2024-02-17,P0028,30,0,3,27,0
2024-02-17,P0029,38,0,5,33,0
2024-02-17,P0030,81,0,5,76,0
2024-02-17,P0031,114,0,0,114,0
2024-02-17,P0032,71,0,6,65,0
2024-02-17,P0033,17,0,0,17,0
2024-02-17,P0034,73,0,0,73,0
2024-02-17,P0035,20,0,2,18,0
2024-02-17,P0036,33,0,0,33,0
2024-02-17,P0037,9,39,3,45,0
2024-02-17,P0038,85,0,8,77,0
2024-02-17,P0039,0,0,2,0,0
2024-02-17,P0040,55,0,0,55,0
2024-02-17,P0041,104,0,0,104,0
2024-02-17,P0042,59,0,6,53,0
2024-02-17,P0043,59,20,0,79,0
2024-02-17,P0044,0,0,25,0,0
2024-02-17,P0045,72,0,1,71,0
2024-02-17,P0046,0,0,13,0,0
2024-02-17,P0047,39,0,0,39,0
2024-02-17,P0048,9,25,8,26,0
2024-02-17,P0049,61,0,2,59,0
2024-02-17,P0050,52,0,0,49,3
2024-02-17,P0051,106,0,0,106,0
2024-02-17,P0052,6,0,0,6,0
2024-02-17,P0053,0,19,0,19,0
2024-02-17,P0054,36,15,0,51,0
2024-02-17,P0055,69,0,0,69,0
2024-02-17,P0056,81,0,6,75,0
2024-02-17,P0057,86,0,0,86,0
2024-02-17,P0058,0,0,8,0,0
2024-02-17,P0059,0,0,18,0,0
2024-02-17,P0060,15,0,6,9,0
2024-02-17,P0061,0,0,1,0,0
2024-02-17,P0062,68,0,0,68,0
2024-02-17,P0063,95,0,1,94,0
2024-02-17,P0064,67,0,2,65,0
2024-02-17,P0065,157,0,20,137,0
2024-02-17,P0066,83,0,20,63,0
2024-02-17,P0067,26,0,0,26,0
2024-02-17,P0068,109,0,1,108,0
2024-02-17,P0069,45,0,2,43,0
2024-02-17,P0070,27,0,11,16,0
2024-02-17,P0071,25,0,0,25,0
2024-02-17,P0072,41,0,0,41,0
2024-02-17,P0073,35,0,1,34,0
2024-02-17,P0074,0,0,23,0,0
2024-02-17,P0075,41,0,7,34,0
2024-02-17,P0076,23,0,4,19,0
2024-02-17,P0077,137,0,0,137,0
2024-02-17,P0078,71,0,8,63,0
2024-02-17,P0079,397,0,32,365,0
2024-02-17,P0080,82,0,0,82,0
2024-02-18,P0001,24,0,11,13,0
2024-02-18,P0002,109,20,1,128,0
2024-02-18,P0003,88,0,0,88,0
2024-02-18,P0004,0,0,4,0,0
2024-02-18,P0005,94,12,0,106,0
2024-02-18,P0006,55,0,8,47,0
2024-02-18,P0007,106,16,0,122,0
2024-02-18,P0008,105,0,0,105,0
2024-02-18,P0009,14,44,15,43,0
2024-02-18,P0010,0,60,5,55,0
2024-02-18,P0011,0,0,1,0,0
2024-02-18,P0012,52,0,2,50,0
2024-02-18,P0013,63,0,3,60,0
2024-02-18,P0014,4,0,0,1,3
2024-02-18,P0015,106,38,4,140,0
2024-02-18,P0016,0,50,15,35,0
2024-02-18,P0017,6,0,2,4,0
2024-02-18,P0018,0,13,2,11,0
2024-02-18,P0019,94,0,0,94,0
2024-02-18,P0020,128,0,3,125,0
2024-02-18,P0021,0,0,3,0,0
2024-02-18,P0022,51,0,0,51,0
2024-02-18,P0023,82,0,0,82,0
2024-02-18,P0024,38,0,0,38,0
2024-02-18,P0025,154,0,0,154,0
2024-02-18,P0026,113,0,0,113,0
2024-02-18,P0027,39,22,0,61,0
2024-02-18,P0028,27,0,3,24,0
2024-02-18,P0029,33,0,1,32,0
2024-02-18,P0030,76,0,4,72,0
2024-02-18,P0031,114,0,0,114,0
2024-02-18,P0032,65,0,1,64,0
2024-02-18,P0033,17,0,0,17,0
2024-02-18,P0034,73,0,1,72,0
2024-02-18,P0035,18,0,5,13,0
2024-02-18,P0036,33,0,5,28,0
2024-02-18,P0037,45,0,21,24,0
2024-02-18,P0038,77,0,5,72,0
2024-02-18,P0039,0,0,3,0,0
2024-02-18,P0040,55,0,2,53,0
2024-02-18,P0041,104,0,2,102,0
2024-02-18,P0042,53,11,0,64,0
2024-02-18,P0043,79,0,2,77,0
2024-02-18,P0044,0,0,16,0,0
2024-02-18,P0045,71,0,3,68,0
2024-02-18,P0046,0,0,9,0,0
2024-02-18,P0047,39,0,4,35,0
2024-02-18,P0048,26,0,2,24,0
2024-02-18,P0049,59,0,2,57,0
2024-02-18,P0050,49,0,5,44,0
2024-02-18,P0051,106,0,2,104,0
2024-02-18,P0052,6,0,2,4,0
2024-02-18,P0053,19,0,8,11,0
2024-02-18,P0054,51,14,4,61,0
2024-02-18,P0055,69,0,0,69,0
2024-02-18,P0056,75,0,0,75,0
2024-02-18,P0057,86,0,0,86,0
2024-02-18,P0058,0,0,27,0,0
2024-02-18,P0059,0,0,12,0,3
2024-02-18,P0060,9,0,8,1,0
2024-02-18,P0061,0,0,1,0,0
2024-02-18,P0062,68,0,0,68,0
2024-02-18,P0063,94,0,13,81,0
2024-02-18,P0064,65,0,0,65,0
2024-02-18,P0065,137,0,17,120,0
2024-02-18,P0066,63,0,13,50,0
2024-02-18,P0067,26,0,4,22,0
2024-02-18,P0068,108,0,0,105,3
2024-02-18,P0069,43,19,0,62,0
2024-02-18,P0070,16,35,7,43,1
2024-02-18,P0071,25,0,0,25,0
2024-02-18,P0072,41,21,0,62,0
2024-02-18,P0073,34,0,1,33,0
2024-02-18,P0074,0,0,10,0,0
2024-02-18,P0075,34,0,6,28,0
2024-02-18,P0076,19,0,0,19,0
2024-02-18,P0077,137,0,0,137,0
2024-02-18,P0078,63,0,0,63,0
2024-02-18,P0079,365,0,32,333,0
2024-02-18,P0080,82,0,1,81,0
2024-02-19,P0001,13,0,0,13,0
2024-02-19,P0002,128,0,2,126,0
2024-02-19,P0003,88,0,0,88,0
2024-02-19,P0004,0,0,11,0,0
2024-02-19,P0005,106,0,0,106,0
2024-02-19,P0006,47,0,0,47,0
2024-02-19,P0007,122,0,0,122,0
2024-02-19,P0008,105,0,0,105,0
2024-02-19,P0009,43,0,5,38,0
2024-02-19,P0010,55,0,12,43,0
2024-02-19,P0011,0,14,3,11,0
2024-02-19,P0012,50,0,0,50,0
2024-02-19,P0013,60,0,1,59,0
2024-02-19,P0014,1,0,3,0,0
2024-02-19,P0015,140,0,3,137,0
2024-02-19,P0016,35,0,4,31,0
2024-02-19,P0017,4,0,6,0,0
2024-02-19,P0018,11,0,0,11,0
2024-02-19,P0019,94,0,0,94,0
2024-02-19,P0020,125,0,0,122,3
2024-02-19,P0021,0,0,15,0,0
2024-02-19,P0022,51,0,0,51,0
2024-02-19,P0023,82,0,0,82,0
2024-02-19,P0024,38,0,3,35,0
2024-02-19,P0025,154,0,1,153,0
2024-02-19,P0026,113,0,0,113,0
2024-02-19,P0027,61,0,0,61,0
2024-02-19,P0028,24,0,0,24,0
2024-02-19,P0029,32,0,0,32,0
2024-02-19,P0030,72,0,1,71,0
2024-02-19,P0031,114,0,0,114,0
2024-02-19,P0032,64,0,0,64,0
2024-02-19,P0033,17,0,0,17,0
2024-02-19,P0034,72,0,1,71,0
2024-02-19,P0035,13,0,7,6,0
2024-02-19,P0036,28,0,0,28,0
2024-02-19,P0037,24,0,4,20,0
2024-02-19,P0038,72,0,2,70,0
2024-02-19,P0039,0,0,0,0,0
2024-02-19,P0040,53,0,0,53,0
2024-02-19,P0041,102,0,1,101,0
2024-02-19,P0042,64,0,0,61,3
2024-02-19,P0043,77,0,1,76,0
2024-02-19,P0044,0,0,13,0,0
2024-02-19,P0045,68,0,0,68,0
2024-02-19,P0046,0,0,11,0,0
2024-02-19,P0047,35,18,0,53,0
2024-02-19,P0048,24,0,1,23,0
2024-02-19,P0049,57,0,0,57,0
2024-02-19,P0050,44,0,1,43,0
2024-02-19,P0051,104,0,6,98,0
2024-02-19,P0052,4,0,0,4,0
2024-02-19,P0053,11,0,4,7,0
2024-02-19,P0054,61,0,0,61,0
2024-02-19,P0055,69,0,0,69,0
2024-02-19,P0056,75,0,0,75,0
2024-02-19,P0057,86,0,0,86,0
2024-02-19,P0058,0,0,6,0,0
2024-02-19,P0059,0,0,8,0,0
2024-02-19,P0060,1,0,5,0,0
2024-02-19,P0061,0,0,0,0,0
2024-02-19,P0062,68,0,0,68,0
2024-02-19,P0063,81,0,6,75,0
2024-02-19,P0064,65,0,2,63,0
2024-02-19,P0065,120,0,24,96,0
2024-02-19,P0066,50,0,20,30,0
2024-02-19,P0067,22,0,9,13,0
2024-02-19,P0068,105,0,0,105,0
2024-02-19,P0069,62,0,0,62,0
2024-02-19,P0070,43,0,7,36,0
2024-02-19,P0071,25,20,0,45,0
2024-02-19,P0072,62,0,0,62,0
2024-02-19,P0073,33,0,0,33,0
2024-02-19,P0074,0,0,18,0,0
2024-02-19,P0075,28,0,7,21,0
2024-02-19,P0076,19,0,3,16,0
2024-02-19,P0077,137,0,0,137,0
2024-02-19,P0078,63,0,4,59,0
2024-02-19,P0079,333,0,25,308,0
2024-02-19,P0080,81,0,2,79,0
2024-02-20,P0001,13,0,2,11,0
2024-02-20,P0002,126,0,0,126,0
2024-02-20,P0003,88,0,1,87,0
2024-02-20,P0004,0,0,1,0,0
2024-02-20,P0005,106,0,0,106,0
2024-02-20,P0006,47,0,1,46,0
2024-02-20,P0007,122,0,0,122,0
2024-02-20,P0008,105,0,0,105,0
2024-02-20,P0009,38,0,6,32,0
2024-02-20,P0010,43,0,4,39,0
2024-02-20,P0011,11,15,1,25,0
2024-02-20,P0012,50,0,2,48,0
2024-02-20,P0013,59,0,0,59,0
2024-02-20,P0014,0,0,0,0,0
2024-02-20,P0015,137,0,10,126,1
2024-02-20,P0016,31,0,3,28,0
2024-02-20,P0017,0,0,0,0,0
2024-02-20,P0018,11,0,8,3,0
2024-02-20,P0019,94,0,0,94,0
2024-02-20,P0020,122,0,0,122,0
2024-02-20,P0021,0,0,5,0,0
2024-02-20,P0022,51,0,3,48,0
2024-02-20,P0023,82,0,0,82,0
2024-02-20,P0024,35,0,0,35,0
2024-02-20,P0025,153,0,1,149,3
2024-02-20,P0026,113,0,0,113,0
2024-02-20,P0027,61,0,0,61,0
2024-02-20,P0028,24,0,4,20,0
2024-02-20,P0029,32,0,0,32,0
2024-02-20,P0030,71,0,0,71,0
2024-02-20,P0031,114,0,2,112,0
2024-02-20,P0032,64,19,4,79,0
2024-02-20,P0033,17,0,0,17,0
2024-02-20,P0034,71,0,0,71,0
2024-02-20,P0035,6,0,2,4,0
2024-02-20,P0036,28,0,0,28,0
2024-02-20,P0037,20,0,7,13,0
2024-02-20,P0038,70,0,3,67,0
2024-02-20,P0039,0,0,2,0,0
2024-02-20,P0040,53,0,0,53,0
2024-02-20,P0041,101,0,0,101,0
2024-02-20,P0042,61,0,0,61,0
2024-02-20,P0043,76,0,0,76,0
2024-02-20,P0044,0,0,18,0,0
2024-02-20,P0045,68,11,2,77,0
2024-02-20,P0046,0,0,5,0,0
2024-02-20,P0047,53,14,0,67,0
2024-02-20,P0048,23,0,1,22,0
2024-02-20,P0049,57,0,1,56,0
2024-02-20,P0050,43,0,0,43,0
2024-02-20,P0051,98,0,0,98,0
2024-02-20,P0052,4,0,0,4,0
2024-02-20,P0053,7,0,2,5,0
2024-02-20,P0054,61,0,0,61,0
2024-02-20,P0055,69,0,0,69,0
2024-02-20,P0056,75,21,4,92,0
2024-02-20,P0057,86,11,0,97,0
2024-02-20,P0058,0,0,3,0,0
2024-02-20,P0059,0,0,13,0,0
2024-02-20,P0060,0,0,4,0,0
2024-02-20,P0061,0,0,2,0,0
2024-02-20,P0062,68,0,0,68,0
2024-02-20,P0063,75,0,7,68,0
2024-02-20,P0064,63,0,0,63,0
2024-02-20,P0065,96,0,9,87,0
2024-02-20,P0066,30,0,15,12,3
2024-02-20,P0067,13,0,6,7,0
2024-02-20,P0068,105,0,0,105,0
2024-02-20,P0069,62,0,0,62,0
2024-02-20,P0070,36,0,8,28,0
2024-02-20,P0071,45,13,0,58,0
2024-02-20,P0072,62,0,0,62,0
2024-02-20,P0073,33,0,3,30,0
2024-02-20,P0074,0,0,13,0,0
2024-02-20,P0075,21,0,0,21,0
2024-02-20,P0076,16,23,0,39,0
2024-02-20,P0077,137,0,0,135,2
2024-02-20,P0078,59,0,0,59,0
2024-02-20,P0079,308,0,28,280,0
2024-02-20,P0080,79,0,1,75,3
2024-02-21,P0001,11,0,10,1,0
2024-02-21,P0002,126,0,0,126,0
2024-02-21,P0003,87,0,2,85,0
2024-02-21,P0004,0,0,6,0,0
2024-02-21,P0005,106,0,0,106,0
2024-02-21,P0006,46,0,3,43,0
2024-02-21,P0007,122,0,0,122,0
2024-02-21,P0008,105,0,0,105,0
2024-02-21,P0009,32,0,4,28,0
2024-02-21,P0010,39,0,1,38,0
2024-02-21,P0011,25,0,0,25,0
2024-02-21,P0012,48,0,1,47,0
2024-02-21,P0013,59,0,1,58,0
2024-02-21,P0014,0,0,2,0,0
2024-02-21,P0015,126,0,10,116,0
2024-02-21,P0016,28,0,1,27,0
2024-02-21,P0017,0,0,5,0,0
2024-02-21,P0018,3,0,1,2,0
2024-02-21,P0019,94,0,0,94,0
2024-02-21,P0020,122,0,0,122,0
2024-02-21,P0021,0,0,15,0,0
2024-02-21,P0022,48,0,2,46,0
2024-02-21,P0023,82,0,0,82,0
2024-02-21,P0024,35,0,1,34,0
2024-02-21,P0025,149,0,2,147,0
2024-02-21,P0026,113,0,0,113,0
2024-02-21,P0027,61,0,0,61,0
2024-02-21,P0028,20,0,0,20,0
2024-02-21,P0029,32,0,0,32,0
2024-02-21,P0030,71,0,4,67,0
2024-02-21,P0031,112,0,0,112,0
2024-02-21,P0032,79,0,9,70,0
2024-02-21,P0033,17,0,0,17,0
2024-02-21,P0034,71,14,0,85,0
2024-02-21,P0035,4,0,3,1,0
2024-02-21,P0036,28,0,0,28,0
2024-02-21,P0037,13,0,0,13,0
2024-02-21,P0038,67,0,2,65,0
2024-02-21,P0039,0,17,0,17,0
2024-02-21,P0040,53,0,0,53,0
2024-02-21,P0041,101,0,0,101,0
2024-02-21,P0042,61,0,0,61,0
2024-02-21,P0043,76,0,0,76,0
2024-02-21,P0044,0,145,8,137,0
2024-02-21,P0045,77,0,1,76,0
2024-02-21,P0046,0,0,1,0,0
2024-02-21,P0047,67,0,5,62,0
2024-02-21,P0048,22,0,6,16,0
2024-02-21,P0049,56,0,1,55,0
2024-02-21,P0050,43,0,2,41,0
2024-02-21,P0051,98,0,13,85,0
2024-02-21,P0052,4,0,0,4,0
2024-02-21,P0053,5,21,5,21,0
2024-02-21,P0054,61,0,0,61,0
2024-02-21,P0055,69,0,0,69,0
2024-02-21,P0056,92,25,1,116,0
2024-02-21,P0057,97,0,0,97,0
2024-02-21,P0058,0,0,8,0,0
2024-02-21,P0059,0,0,17,0,0
2024-02-21,P0060,0,0,10,0,0
2024-02-21,P0061,0,0,0,0,0
2024-02-21,P0062,68,0,0,68,0
2024-02-21,P0063,68,0,3,65,0
2024-02-21,P0064,63,0,0,63,0
2024-02-21,P0065,87,0,10,77,0
2024-02-21,P0066,12,0,4,8,0
2024-02-21,P0067,7,0,6,1,0
2024-02-21,P0068,105,12,0,117,0
2024-02-21,P0069,62,0,3,59,0
2024-02-21,P0070,28,0,6,22,0
2024-02-21,P0071,58,0,0,58,0
2024-02-21,P0072,62,18,0,80,0
2024-02-21,P0073,30,0,2,28,0
2024-02-21,P0074,0,0,3,0,0
2024-02-21,P0075,21,0,3,15,3
2024-02-21,P0076,39,0,0,37,2
2024-02-21,P0077,135,0,0,135,0
2024-02-21,P0078,59,0,0,59,0
2024-02-21,P0079,280,139,45,374,0
2024-02-21,P0080,75,0,0,75,0
2024-02-22,P0001,1,0,2,0,0
2024-02-22,P0002,126,0,0,126,0
2024-02-22,P0003,85,0,4,81,0
2024-02-22,P0004,0,0,4,0,0
2024-02-22,P0005,106,0,2,104,0
2024-02-22,P0006,43,0,0,43,0
2024-02-22,P0007,122,0,1,121,0
2024-02-22,P0008,105,0,0,105,0
2024-02-22,P0009,28,0,10,18,0
2024-02-22,P0010,38,0,9,29,0
2024-02-22,P0011,25,0,1,24,0
2024-02-22,P0012,47,0,0,45,2
2024-02-22,P0013,58,0,0,58,0
2024-02-22,P0014,0,0,1,0,0
2024-02-22,P0015,116,0,2,111,3
2024-02-22,P0016,27,0,5,22,0
2024-02-22,P0017,0,35,1,34,0
2024-02-22,P0018,2,25,1,26,0
2024-02-22,P0019,94,0,1,93,0
2024-02-22,P0020,122,0,3,119,0
2024-02-22,P0021,0,0,4,0,0
2024-02-22,P0022,46,0,0,46,0
2024-02-22,P0023,82,0,0,82,0
2024-02-22,P0024,34,0,0,34,0
2024-02-22,P0025,147,0,1,146,0
2024-02-22,P0026,113,0,2,111,0
2024-02-22,P0027,61,0,3,58,0
2024-02-22,P0028,20,0,0,20,0
2024-02-22,P0029,32,0,4,28,0
2024-02-22,P0030,67,0,0,67,0
2024-02-22,P0031,112,0,0,112,0
2024-02-22,P0032,70,0,1,69,0
2024-02-22,P0033,17,0,0,17,0
2024-02-22,P0034,85,0,0,85,0
2024-02-22,P0035,1,0,2,0,1
2024-02-22,P0036,28,0,5,22,1
2024-02-22,P0037,13,0,4,9,0
2024-02-22,P0038,65,26,2,89,0
2024-02-22,P0039,17,0,1,16,0
2024-02-22,P0040,53,0,1,52,0
2024-02-22,P0041,101,0,6,95,0
2024-02-22,P0042,61,0,0,61,0
2024-02-22,P0043,76,20,1,95,0
2024-02-22,P0044,137,0,18,119,0
2024-02-22,P0045,76,0,0,76,0
2024-02-22,P0046,0,0,1,0,0
2024-02-22,P0047,62,0,1,61,0
2024-02-22,P0048,16,20,1,35,0
2024-02-22,P0049,55,0,0,55,0
2024-02-22,P0050,41,0,4,37,0
2024-02-22,P0051,85,0,0,85,0
2024-02-22,P0052,4,0,0,4,0
2024-02-22,P0053,21,0,6,15,0
2024-02-22,P0054,61,0,0,61,0
2024-02-22,P0055,69,0,0,69,0
2024-02-22,P0056,116,0,0,116,0
2024-02-22,P0057,97,0,0,97,0
2024-02-22,P0058,0,0,8,0,0
2024-02-22,P0059,0,0,15,0,0
2024-02-22,P0060,0,0,8,0,0
2024-02-22,P0061,0,0,0,0,0
2024-02-22,P0062,68,0,0,68,0
2024-02-22,P0063,65,0,16,49,0
2024-02-22,P0064,63,0,0,63,0
2024-02-22,P0065,77,0,17,60,0
2024-02-22,P0066,8,0,18,0,0
2024-02-22,P0067,1,0,5,0,0
2024-02-22,P0068,117,0,0,117,0
2024-02-22,P0069,59,0,1,55,3
2024-02-22,P0070,22,0,6,16,0
2024-02-22,P0071,58,0,0,58,0
2024-02-22,P0072,80,0,0,80,0
2024-02-22,P0073,28,0,0,28,0
2024-02-22,P0074,0,0,11,0,2
2024-02-22,P0075,15,0,3,12,0
2024-02-22,P0076,37,0,0,37,0
2024-02-22,P0077,135,0,0,135,0
2024-02-22,P0078,59,0,4,55,0
2024-02-22,P0079,374,0,24,350,0
2024-02-22,P0080,75,0,0,75,0
2024-02-23,P0001,0,0,7,0,0
2024-02-23,P0002,126,0,2,124,0
2024-02-23,P0003,81,0,1,80,0
2024-02-23,P0004,0,0,3,0,0
2024-02-23,P0005,104,0,0,104,0
2024-02-23,P0006,43,0,5,38,0
2024-02-23,P0007,121,0,1,120,0
2024-02-23,P0008,105,0,0,105,0
2024-02-23,P0009,18,0,2,16,0
2024-02-23,P0010,29,0,5,24,0
2024-02-23,P0011,24,0,1,23,0
2024-02-23,P0012,45,0,4,41,0
2024-02-23,P0013,58,14,0,72,0
2024-02-23,P0014,0,0,1,0,0
2024-02-23,P0015,111,0,10,101,0
2024-02-23,P0016,22,0,5,17,0
2024-02-23,P0017,34,0,7,27,0
2024-02-23,P0018,26,0,4,22,0
2024-02-23,P0019,93,0,0,93,0
2024-02-23,P0020,119,0,0,119,0
2024-02-23,P0021,0,0,12,0,0
2024-02-23,P0022,46,0,0,46,0
2024-02-23,P0023,82,0,0,82,0
2024-02-23,P0024,34,0,1,33,0
2024-02-23,P0025,146,0,3,143,0
2024-02-23,P0026,111,23,0,134,0
2024-02-23,P0027,58,0,0,58,0
2024-02-23,P0028,20,0,0,20,0
2024-02-23,P0029,28,0,4,24,0
2024-02-23,P0030,67,0,7,60,0
2024-02-23,P0031,112,0,1,111,0
2024-02-23,P0032,69,0,1,68,0
2024-02-23,P0033,17,0,4,13,0
2024-02-23,P0034,85,0,2,83,0
2024-02-23,P0035,0,0,5,0,0
2024-02-23,P0036,22,0,0,22,0
2024-02-23,P0037,9,0,0,9,0
2024-02-23,P0038,89,0,6,83,0
2024-02-23,P0039,16,0,8,8,0
2024-02-23,P0040,52,0,0,52,0
2024-02-23,P0041,95,0,0,95,0
2024-02-23,P0042,61,0,0,61,0
2024-02-23,P0043,95,0,0,95,0
2024-02-23,P0044,119,0,7,112,0
2024-02-23,P0045,76,0,0,76,0
2024-02-23,P0046,0,0,3,0,0
2024-02-23,P0047,61,24,0,85,0
2024-02-23,P0048,35,0,4,28,3
2024-02-23,P0049,55,0,1,54,0
2024-02-23,P0050,37,0,0,37,0
2024-02-23,P0051,85,0,0,85,0
2024-02-23,P0052,4,22,0,26,0
2024-02-23,P0053,15,0,2,13,0
2024-02-23,P0054,61,0,2,59,0
2024-02-23,P0055,69,0,0,69,0
2024-02-23,P0056,116,0,0,116,0
2024-02-23,P0057,97,0,0,97,0
2024-02-23,P0058,0,0,1,0,0
2024-02-23,P0059,0,0,7,0,0
2024-02-23,P0060,0,0,4,0,0
2024-02-23,P0061,0,0,0,0,0
2024-02-23,P0062,68,0,0,68,0
2024-02-23,P0063,49,0,9,40,0
2024-02-23,P0064,63,0,0,63,0
2024-02-23,P0065,60,0,19,41,0
2024-02-23,P0066,0,0,15,0,0
2024-02-23,P0067,0,0,7,0,0
2024-02-23,P0068,117,0,0,117,0
2024-02-23,P0069,55,0,0,55,0
2024-02-23,P0070,16,0,10,6,0
2024-02-23,P0071,58,0,1,57,0
2024-02-23,P0072,80,0,0,80,0
2024-02-23,P0073,28,0,5,23,0
2024-02-23,P0074,0,0,6,0,0
2024-02-23,P0075,12,0,0,12,0
2024-02-23,P0076,37,0,2,35,0
2024-02-23,P0077,135,0,2,133,0
2024-02-23,P0078,55,0,6,49,0
2024-02-23,P0079,350,0,32,318,0
2024-02-23,P0080,75,0,0,75,0
2024-02-24,P0001,0,0,9,0,0
2024-02-24,P0002,124,0,0,124,0
2024-02-24,P0003,80,19,0,99,0
2024-02-24,P0004,0,24,3,21,0
2024-02-24,P0005,104,0,1,101,2
2024-02-24,P0006,38,0,0,38,0
2024-02-24,P0007,120,0,0,120,0
2024-02-24,P0008,105,0,0,102,3
2024-02-24,P0009,16,0,8,8,0
2024-02-24,P0010,24,0,3,21,0
2024-02-24,P0011,23,0,0,23,0
2024-02-24,P0012,41,22,0,63,0
2024-02-24,P0013,72,0,0,72,0
2024-02-24,P0014,0,21,2,19,0
2024-02-24,P0015,101,0,7,94,0
2024-02-24,P0016,17,0,15,2,0
2024-02-24,P0017,27,0,3,24,0
2024-02-24,P0018,22,0,6,16,0
2024-02-24,P0019,93,0,0,93,0
2024-02-24,P0020,119,0,0,119,0
2024-02-24,P0021,0,0,8,0,0
2024-02-24,P0022,46,0,6,40,0
2024-02-24,P0023,82,0,0,82,0
2024-02-24,P0024,33,0,0,33,0
2024-02-24,P0025,143,0,0,143,0
2024-02-24,P0026,134,0,0,134,0
2024-02-24,P0027,58,0,0,58,0
2024-02-24,P0028,20,0,1,19,0
2024-02-24,P0029,24,0,2,22,0
2024-02-24,P0030,60,0,5,55,0
2024-02-24,P0031,111,20,0,131,0
2024-02-24,P0032,68,0,0,68,0
2024-02-24,P0033,13,0,0,13,0
2024-02-24,P0034,83,0,0,83,0
2024-02-24,P0035,0,27,0,27,0
2024-02-24,P0036,22,0,0,22,0
2024-02-24,P0037,9,0,15,0,0
2024-02-24,P0038,83,0,3,80,0
2024-02-24,P0039,8,0,0,8,0
2024-02-24,P0040,52,0,0,52,0
2024-02-24,P0041,95,0,0,95,0
2024-02-24,P0042,61,0,0,61,0
2024-02-24,P0043,95,0,1,94,0
2024-02-24,P0044,112,0,27,85,0
2024-02-24,P0045,76,0,0,76,0
2024-02-24,P0046,0,0,23,0,0
2024-02-24,P0047,85,0,1,84,0
2024-02-24,P0048,28,0,10,18,0
2024-02-24,P0049,54,0,2,52,0
2024-02-24,P0050,37,0,0,37,0
2024-02-24,P0051,85,0,1,84,0
2024-02-24,P0052,26,0,0,26,0
2024-02-24,P0053,13,0,7,6,0
2024-02-24,P0054,59,0,4,55,0
2024-02-24,P0055,69,0,0,69,0
2024-02-24,P0056,116,0,1,115,0
2024-02-24,P0057,97,0,0,97,0
2024-02-24,P0058,0,0,12,0,0
2024-02-24,P0059,0,0,19,0,0
2024-02-24,P0060,0,0,4,0,0
2024-02-24,P0061,0,0,0,0,0
2024-02-24,P0062,68,0,0,68,0
2024-02-24,P0063,40,0,12,28,0
2024-02-24,P0064,63,0,0,63,0
2024-02-24,P0065,41,0,19,22,0
2024-02-24,P0066,0,0,15,0,0
2024-02-24,P0067,0,38,13,25,0
2024-02-24,P0068,117,0,1,116,0
2024-02-24,P0069,55,0,6,49,0
2024-02-24,P0070,6,0,8,0,0
2024-02-24,P0071,57,0,0,57,0
2024-02-24,P0072,80,0,0,80,0
2024-02-24,P0073,23,22,2,43,0
2024-02-24,P0074,0,0,12,0,0
2024-02-24,P0075,12,0,3,9,0
2024-02-24,P0076,35,0,0,35,0
2024-02-24,P0077,133,0,0,133,0
2024-02-24,P0078,49,0,2,47,0
2024-02-24,P0079,318,0,27,291,0
2024-02-24,P0080,75,0,1,74,0
2024-02-25,P0001,0,0,4,0,0
2024-02-25,P0002,124,20,0,144,0
2024-02-25,P0003,99,0,7,92,0
2024-02-25,P0004,21,0,7,14,0
2024-02-25,P0005,101,0,2,99,0
2024-02-25,P0006,38,0,0,38,0
2024-02-25,P0007,120,0,0,120,0
2024-02-25,P0008,102,0,0,102,0
2024-02-25,P0009,8,0,10,0,0
2024-02-25,P0010,21,0,7,14,0
2024-02-25,P0011,23,0,3,20,0
2024-02-25,P0012,63,0,3,59,1
2024-02-25,P0013,72,0,2,70,0
2024-02-25,P0014,19,21,4,36,0
2024-02-25,P0015,94,58,10,140,2
2024-02-25,P0016,2,0,10,0,0
2024-02-25,P0017,24,0,9,13,2
2024-02-25,P0018,16,0,0,16,0
2024-02-25,P0019,93,0,0,93,0
2024-02-25,P0020,119,0,0,118,1
2024-02-25,P0021,0,0,1,0,0
2024-02-25,P0022,40,0,7,33,0
2024-02-25,P0023,82,0,0,82,0
2024-02-25,P0024,33,0,0,33,0
2024-02-25,P0025,143,0,7,136,0
2024-02-25,P0026,134,20,0,153,1
2024-02-25,P0027,58,0,7,51,0
2024-02-25,P0028,19,0,0,19,0
2024-02-25,P0029,22,0,5,17,0
2024-02-25,P0030,55,0,2,53,0
2024-02-25,P0031,131,0,0,131,0
2024-02-25,P0032,68,0,0,68,0
2024-02-25,P0033,13,0,0,13,0
2024-02-25,P0034,83,0,4,79,0
2024-02-25,P0035,27,0,4,23,0
2024-02-25,P0036,22,0,0,22,0
2024-02-25,P0037,0,0,7,0,0
2024-02-25,P0038,80,0,4,76,0
2024-02-25,P0039,8,0,0,8,0
2024-02-25,P0040,52,0,0,52,0
2024-02-25,P0041,95,0,0,95,0
2024-02-25,P0042,61,0,1,60,0
2024-02-25,P0043,94,0,0,94,0
2024-02-25,P0044,85,0,22,63,0
2024-02-25,P0045,76,0,3,73,0
2024-02-25,P0046,0,0,14,0,0
2024-02-25,P0047,84,0,0,84,0
2024-02-25,P0048,18,0,8,10,0
2024-02-25,P0049,52,0,2,50,0
2024-02-25,P0050,37,17,1,53,0
2024-02-25,P0051,84,0,1,83,0
2024-02-25,P0052,26,0,0,26,0
2024-02-25,P0053,6,0,1,5,0
2024-02-25,P0054,55,0,0,55,0
2024-02-25,P0055,69,0,0,69,0
2024-02-25,P0056,115,0,1,114,0
2024-02-25,P0057,97,0,0,97,0
2024-02-25,P0058,0,0,13,0,0
2024-02-25,P0059,0,0,13,0,0
2024-02-25,P0060,0,0,3,0,1
2024-02-25,P0061,0,0,0,0,0
2024-02-25,P0062,68,0,0,68,0
2024-02-25,P0063,28,0,4,24,0
2024-02-25,P0064,63,0,1,62,0
2024-02-25,P0065,22,0,15,7,0
2024-02-25,P0066,0,0,15,0,0
2024-02-25,P0067,25,0,15,10,0
2024-02-25,P0068,116,0,0,116,0
2024-02-25,P0069,49,0,0,49,0
2024-02-25,P0070,0,0,0,0,0
2024-02-25,P0071,57,0,5,52,0
2024-02-25,P0072,80,0,0,80,0
2024-02-25,P0073,43,0,0,43,0
2024-02-25,P0074,0,0,11,0,0
2024-02-25,P0075,9,17,4,22,0
2024-02-25,P0076,35,0,5,30,0
2024-02-25,P0077,133,0,0,133,0
2024-02-25,P0078,47,0,7,40,0
2024-02-25,P0079,291,128,47,372,0
2024-02-25,P0080,74,18,0,92,0
2024-02-26,P0001,0,0,7,0,0
2024-02-26,P0002,144,0,0,144,0
2024-02-26,P0003,92,14,2,104,0
2024-02-26,P0004,14,21,8,27,0
2024-02-26,P0005,99,0,6,93,0
2024-02-26,P0006,38,0,7,31,0
2024-02-26,P0007,120,0,0,120,0
2024-02-26,P0008,102,0,0,102,0
2024-02-26,P0009,0,0,9,0,0
2024-02-26,P0010,14,0,4,10,0
2024-02-26,P0011,20,0,5,15,0
2024-02-26,P0012,59,0,0,59,0
2024-02-26,P0013,70,0,5,65,0
2024-02-26,P0014,36,0,3,33,0
2024-02-26,P0015,140,0,2,138,0
2024-02-26,P0016,0,0,7,0,0
2024-02-26,P0017,13,0,1,12,0
2024-02-26,P0018,16,20,0,36,0
2024-02-26,P0019,93,0,0,93,0
2024-02-26,P0020,118,0,0,118,0
2024-02-26,P0021,0,0,7,0,0
2024-02-26,P0022,33,0,0,33,0
2024-02-26,P0023,82,0,0,82,0
2024-02-26,P0024,33,0,0,33,0
2024-02-26,P0025,136,14,0,150,0
2024-02-26,P0026,153,0,0,153,0
2024-02-26,P0027,51,0,0,51,0
2024-02-26,P0028,19,0,7,12,0
2024-02-26,P0029,17,0,3,14,0
2024-02-26,P0030,53,0,3,50,0
2024-02-26,P0031,131,0,2,129,0
2024-02-26,P0032,68,0,6,62,0
2024-02-26,P0033,13,0,0,13,0
2024-02-26,P0034,79,0,0,79,0
2024-02-26,P0035,23,0,1,22,0
2024-02-26,P0036,22,0,3,19,0
2024-02-26,P0037,0,0,4,0,0
2024-02-26,P0038,76,0,5,71,0
2024-02-26,P0039,8,0,1,7,0
2024-02-26,P0040,52,0,0,52,0
2024-02-26,P0041,95,0,1,94,0
2024-02-26,P0042,60,0,0,59,1
2024-02-26,P0043,94,23,0,117,0
2024-02-26,P0044,63,0,8,55,0
2024-02-26,P0045,73,0,0,73,0
2024-02-26,P0046,0,27,4,23,0
2024-02-26,P0047,84,0,1,83,0
2024-02-26,P0048,10,0,8,2,0
2024-02-26,P0049,50,14,4,60,0
2024-02-26,P0050,53,0,0,53,0
2024-02-26,P0051,83,0,0,83,0
2024-02-26,P0052,26,0,0,26,0
2024-02-26,P0053,5,0,6,0,0
2024-02-26,P0054,55,0,0,55,0
2024-02-26,P0055,69,13,0,82,0
2024-02-26,P0056,114,27,8,133,0
2024-02-26,P0057,97,0,3,94,0
2024-02-26,P0058,0,0,9,0,0
2024-02-26,P0059,0,0,25,0,0
2024-02-26,P0060,0,0,11,0,0
2024-02-26,P0061,0,0,3,0,0
2024-02-26,P0062,68,0,0,68,0
2024-02-26,P0063,24,0,9,15,0
2024-02-26,P0064,62,0,0,62,0
2024-02-26,P0065,7,0,17,0,0
2024-02-26,P0066,0,0,7,0,0
2024-02-26,P0067,10,0,3,7,0
2024-02-26,P0068,116,0,0,116,0
2024-02-26,P0069,49,0,2,47,0
2024-02-26,P0070,0,0,2,0,0
2024-02-26,P0071,52,0,0,52,0
2024-02-26,P0072,80,0,0,80,0
2024-02-26,P0073,43,0,2,41,0
2024-02-26,P0074,0,0,2,0,0
2024-02-26,P0075,22,0,3,19,0
2024-02-26,P0076,30,0,1,29,0
2024-02-26,P0077,133,0,0,133,0
2024-02-26,P0078,40,0,5,35,0
2024-02-26,P0079,372,0,11,361,0
2024-02-26,P0080,92,0,0,92,0
2024-02-27,P0001,0,0,5,0,0
2024-02-27,P0002,144,21,0,165,0
2024-02-27,P0003,104,0,1,103,0
2024-02-27,P0004,27,0,7,20,0
2024-02-27,P0005,93,0,0,93,0
2024-02-27,P0006,31,0,0,31,0
2024-02-27,P0007,120,15,0,135,0
2024-02-27,P0008,102,0,0,102,0
2024-02-27,P0009,0,0,10,0,0
2024-02-27,P0010,10,0,8,2,0
2024-02-27,P0011,15,0,2,13,0
2024-02-27,P0012,59,0,1,58,0
2024-02-27,P0013,65,0,2,63,0
2024-02-27,P0014,33,0,3,30,0
2024-02-27,P0015,138,0,4,134,0
2024-02-27,P0016,0,0,5,0,0
2024-02-27,P0017,12,0,0,12,0
2024-02-27,P0018,36,0,3,33,0
2024-02-27,P0019,93,0,1,92,0
2024-02-27,P0020,118,0,0,115,3
2024-02-27,P0021,0,0,10,0,0
2024-02-27,P0022,33,0,9,24,0
2024-02-27,P0023,82,0,0,82,0
2024-02-27,P0024,33,0,0,33,0
2024-02-27,P0025,150,0,0,150,0
2024-02-27,P0026,153,0,0,153,0
2024-02-27,P0027,51,0,0,51,0
2024-02-27,P0028,12,0,0,12,0
2024-02-27,P0029,14,0,2,12,0
2024-02-27,P0030,50,0,0,50,0
2024-02-27,P0031,129,19,3,145,0
2024-02-27,P0032,62,0,2,60,0
2024-02-27,P0033,13,0,0,13,0
2024-02-27,P0034,79,0,0,79,0
2024-02-27,P0035,22,0,1,21,0
2024-02-27,P0036,19,0,0,19,0
2024-02-27,P0037,0,0,13,0,0
2024-02-27,P0038,71,0,2,69,0
2024-02-27,P0039,7,0,6,1,0
2024-02-27,P0040,52,0,0,52,0
2024-02-27,P0041,94,0,2,92,0
2024-02-27,P0042,59,0,5,54,0
2024-02-27,P0043,117,0,0,117,0
2024-02-27,P0044,55,110,20,145,0
2024-02-27,P0045,73,0,2,71,0
2024-02-27,P0046,23,0,1,19,3
2024-02-27,P0047,83,0,1,82,0
2024-02-27,P0048,2,0,0,2,0
2024-02-27,P0049,60,0,1,59,0
2024-02-27,P0050,53,25,0,78,0
2024-02-27,P0051,83,0,0,83,0
2024-02-27,P0052,26,15,0,41,0
2024-02-27,P0053,0,0,6,0,0
2024-02-27,P0054,55,0,0,55,0
2024-02-27,P0055,82,0,0,82,0
2024-02-27,P0056,133,0,1,132,0
2024-02-27,P0057,94,0,0,91,3
2024-02-27,P0058,0,0,6,0,0
2024-02-27,P0059,0,0,19,0,0
2024-02-27,P0060,0,0,4,0,2
2024-02-27,P0061,0,0,0,0,0
2024-02-27,P0062,68,0,0,68,0
2024-02-27,P0063,15,0,11,4,0
2024-02-27,P0064,62,0,0,62,0
2024-02-27,P0065,0,0,13,0,0
2024-02-27,P0066,0,0,21,0,0
2024-02-27,P0067,7,0,10,0,0
2024-02-27,P0068,116,0,0,116,0
2024-02-27,P0069,47,0,0,47,0
2024-02-27,P0070,0,0,3,0,0
2024-02-27,P0071,52,0,4,48,0
2024-02-27,P0072,80,0,0,80,0
2024-02-27,P0073,41,0,1,40,0
2024-02-27,P0074,0,0,17,0,0
2024-02-27,P0075,19,0,0,19,0
2024-02-27,P0076,29,0,0,29,0
2024-02-27,P0077,133,0,0,133,0
2024-02-27,P0078,35,0,4,31,0
2024-02-27,P0079,361,0,18,343,0
2024-02-27,P0080,92,0,0,92,0
2024-02-28,P0001,0,0,4,0,0
2024-02-28,P0002,165,0,0,165,0
2024-02-28,P0003,103,0,3,100,0
2024-02-28,P0004,20,36,4,52,0
2024-02-28,P0005,93,0,0,93,0
2024-02-28,P0006,31,0,2,29,0
2024-02-28,P0007,135,0,0,135,0
2024-02-28,P0008,102,0,0,102,0
2024-02-28,P0009,0,45,3,42,0
2024-02-28,P0010,2,0,2,0,0
2024-02-28,P0011,13,0,5,8,0
2024-02-28,P0012,58,0,0,58,0
2024-02-28,P0013,63,0,0,63,0
2024-02-28,P0014,30,0,3,27,0
2024-02-28,P0015,134,0,9,125,0
2024-02-28,P0016,0,0,1,0,0
2024-02-28,P0017,12,0,0,12,0
2024-02-28,P0018,33,0,3,30,0
2024-02-28,P0019,92,16,0,108,0
2024-02-28,P0020,115,0,0,115,0
2024-02-28,P0021,0,0,6,0,0
2024-02-28,P0022,24,0,6,18,0
2024-02-28,P0023,82,0,0,82,0
2024-02-28,P0024,33,0,0,33,0
2024-02-28,P0025,150,0,0,150,0
2024-02-28,P0026,153,0,0,153,0
2024-02-28,P0027,51,22,0,73,0
2024-02-28,P0028,12,0,5,7,0
2024-02-28,P0029,12,0,1,11,0
2024-02-28,P0030,50,0,3,47,0
2024-02-28,P0031,145,0,1,144,0
2024-02-28,P0032,60,0,1,59,0
2024-02-28,P0033,13,0,1,12,0
2024-02-28,P0034,79,0,1,78,0
2024-02-28,P0035,21,0,1,20,0
2024-02-28,P0036,19,0,1,18,0
2024-02-28,P0037,0,0,6,0,2
2024-02-28,P0038,69,0,0,69,0
2024-02-28,P0039,1,0,1,0,0
2024-02-28,P0040,52,0,0,52,0
2024-02-28,P0041,92,0,2,90,0
2024-02-28,P0042,54,0,1,53,0
2024-02-28,P0043,117,0,0,117,0
2024-02-28,P0044,145,0,26,119,0
2024-02-28,P0045,71,0,2,69,0
2024-02-28,P0046,19,0,1,18,0
2024-02-28,P0047,82,0,3,79,0
2024-02-28,P0048,2,0,5,0,0
2024-02-28,P0049,59,0,0,59,0
2024-02-28,P0050,78,0,0,78,0
2024-02-28,P0051,83,0,0,83,0
2024-02-28,P0052,41,0,0,41,0
2024-02-28,P0053,0,0,2,0,0
2024-02-28,P0054,55,0,0,55,0
2024-02-28,P0055,82,0,0,82,0
2024-02-28,P0056,132,0,0,132,0
2024-02-28,P0057,91,11,0,102,0
2024-02-28,P0058,0,0,12,0,0
2024-02-28,P0059,0,0,10,0,0
2024-02-28,P0060,0,0,10,0,0
2024-02-28,P0061,0,0,2,0,0
2024-02-28,P0062,68,0,0,68,0
2024-02-28,P0063,4,0,5,0,0
2024-02-28,P0064,62,0,1,61,0
2024-02-28,P0065,0,0,19,0,0
2024-02-28,P0066,0,0,18,0,0
2024-02-28,P0067,0,0,4,0,0
2024-02-28,P0068,116,0,0,116,0
2024-02-28,P0069,47,0,0,47,0
2024-02-28,P0070,0,0,3,0,0
2024-02-28,P0071,48,0,1,47,0
2024-02-28,P0072,80,0,0,80,0
2024-02-28,P0073,40,0,0,40,0
2024-02-28,P0074,0,0,9,0,0
2024-02-28,P0075,19,0,0,19,0
2024-02-28,P0076,29,0,3,26,0
2024-02-28,P0077,133,0,0,133,0
2024-02-28,P0078,31,0,1,30,0
2024-02-28,P0079,343,0,29,314,0
2024-02-28,P0080,92,22,0,114,0
2024-02-29,P0001,0,0,7,0,0
2024-02-29,P0002,165,0,0,165,0
2024-02-29,P0003,100,0,6,94,0
2024-02-29,P0004,52,0,0,52,0
2024-02-29,P0005,93,0,0,93,0
2024-02-29,P0006,29,0,1,28,0
2024-02-29,P0007,135,0,0,135,0
2024-02-29,P0008,102,0,0,102,0
2024-02-29,P0009,42,0,14,28,0
2024-02-29,P0010,0,0,7,0,0
2024-02-29,P0011,8,0,1,7,0
2024-02-29,P0012,58,0,0,58,0
2024-02-29,P0013,63,0,2,61,0
2024-02-29,P0014,27,0,1,26,0
2024-02-29,P0015,125,0,4,121,0
2024-02-29,P0016,0,0,2,0,0
2024-02-29,P0017,12,0,0,12,0
2024-02-29,P0018,30,0,1,29,0
2024-02-29,P0019,108,0,0,108,0
2024-02-29,P0020,115,0,0,115,0
2024-02-29,P0021,0,0,6,0,0
2024-02-29,P0022,18,0,0,18,0
2024-02-29,P0023,82,0,0,82,0
2024-02-29,P0024,33,0,0,33,0
2024-02-29,P0025,150,0,3,147,0
2024-02-29,P0026,153,0,0,153,0
2024-02-29,P0027,73,0,0,73,0
2024-02-29,P0028,7,0,1,6,0
2024-02-29,P0029,11,0,1,10,0
2024-02-29,P0030,47,0,1,46,0
2024-02-29,P0031,144,0,1,143,0
2024-02-29,P0032,59,0,0,59,0
2024-02-29,P0033,12,0,3,9,0
2024-02-29,P0034,78,0,1,77,0
2024-02-29,P0035,20,0,5,15,0
2024-02-29,P0036,18,0,0,18,0
2024-02-29,P0037,0,0,5,0,2
2024-02-29,P0038,69,15,2,82,0
2024-02-29,P0039,0,0,0,0,0
2024-02-29,P0040,52,0,0,52,0
2024-02-29,P0041,90,0,0,90,0
2024-02-29,P0042,53,0,0,53,0
2024-02-29,P0043,117,0,0,117,0
2024-02-29,P0044,119,0,6,113,0
2024-02-29,P0045,69,0,0,69,0
2024-02-29,P0046,18,0,8,10,0
2024-02-29,P0047,79,0,5,74,0
2024-02-29,P0048,0,0,11,0,0
2024-02-29,P0049,59,0,0,59,0
2024-02-29,P0050,78,0,0,78,0
2024-02-29,P0051,83,0,0,83,0
2024-02-29,P0052,41,0,0,41,0
2024-02-29,P0053,0,0,7,0,0
2024-02-29,P0054,55,0,0,55,0
2024-02-29,P0055,82,17,0,99,0
2024-02-29,P0056,132,0,2,130,0
2024-02-29,P0057,102,0,0,102,0
2024-02-29,P0058,0,0,6,0,0
2024-02-29,P0059,0,0,12,0,0
2024-02-29,P0060,0,0,6,0,0
2024-02-29,P0061,0,0,4,0,2
2024-02-29,P0062,68,0,0,68,0
2024-02-29,P0063,0,0,5,0,0
2024-02-29,P0064,61,13,0,74,0
2024-02-29,P0065,0,0,12,0,0
2024-02-29,P0066,0,0,9,0,0
2024-02-29,P0067,0,0,5,0,0
2024-02-29,P0068,116,0,0,116,0
2024-02-29,P0069,47,13,2,58,0
2024-02-29,P0070,0,0,13,0,0
2024-02-29,P0071,47,19,0,66,0
2024-02-29,P0072,80,0,0,80,0
2024-02-29,P0073,40,0,0,40,0
2024-02-29,P0074,0,0,12,0,0
2024-02-29,P0075,19,0,2,17,0
2024-02-29,P0076,26,21,3,44,0
2024-02-29,P0077,133,0,2,131,0
2024-02-29,P0078,30,0,4,26,0
2024-02-29,P0079,314,0,33,281,0
2024-02-29,P0080,114,0,3,111,0
2024-03-01,P0001,0,0,6,0,0
2024-03-01,P0002,165,0,0,165,0
2024-03-01,P0003,94,0,6,88,0
2024-03-01,P0004,52,0,16,36,0
2024-03-01,P0005,93,0,1,92,0
2024-03-01,P0006,28,0,2,26,0
2024-03-01,P0007,135,0,0,133,2
2024-03-01,P0008,102,0,0,102,0
2024-03-01,P0009,28,0,8,20,0
2024-03-01,P0010,0,0,1,0,0
2024-03-01,P0011,7,0,1,6,0
2024-03-01,P0012,58,0,0,58,0
2024-03-01,P0013,61,0,0,58,3
2024-03-01,P0014,26,0,0,26,0
2024-03-01,P0015,121,49,7,163,0
2024-03-01,P0016,0,0,3,0,0
2024-03-01,P0017,12,0,2,10,0
2024-03-01,P0018,29,0,2,27,0
2024-03-01,P0019,108,0,0,108,0
2024-03-01,P0020,115,0,0,115,0
2024-03-01,P0021,0,0,2,0,0
2024-03-01,P0022,18,0,0,18,0
2024-03-01,P0023,82,0,0,82,0
2024-03-01,P0024,33,0,0,33,0
2024-03-01,P0025,147,0,3,144,0
2024-03-01,P0026,153,0,0,153,0
2024-03-01,P0027,73,0,0,73,0
2024-03-01,P0028,6,0,0,6,0
2024-03-01,P0029,10,0,0,10,0
2024-03-01,P0030,46,0,0,46,0
2024-03-01,P0031,143,0,2,141,0
2024-03-01,P0032,59,0,2,57,0
2024-03-01,P0033,9,0,1,8,0
2024-03-01,P0034,77,0,0,77,0
2024-03-01,P0035,15,31,3,43,0
2024-03-01,P0036,18,0,1,17,0
2024-03-01,P0037,0,0,3,0,0
2024-03-01,P0038,82,0,0,82,0
2024-03-01,P0039,0,0,1,0,0
2024-03-01,P0040,52,0,0,52,0
2024-03-01,P0041,90,0,0,90,0
2024-03-01,P0042,53,0,1,52,0
2024-03-01,P0043,117,0,0,117,0
2024-03-01,P0044,113,0,11,102,0
2024-03-01,P0045,69,0,0,69,0
2024-03-01,P0046,10,0,6,4,0
2024-03-01,P0047,74,0,0,74,0
2024-03-01,P0048,0,0,4,0,0
2024-03-01,P0049,59,0,2,57,0
2024-03-01,P0050,78,0,1,77,0
2024-03-01,P0051,83,15,1,97,0
2024-03-01,P0052,41,0,0,41,0
2024-03-01,P0053,0,0,0,0,0
2024-03-01,P0054,55,0,1,54,0
2024-03-01,P0055,99,0,0,99,0
2024-03-01,P0056,130,0,0,130,0
2024-03-01,P0057,102,0,0,102,0
2024-03-01,P0058,0,0,9,0,0
2024-03-01,P0059,0,0,7,0,0
2024-03-01,P0060,0,0,5,0,0
2024-03-01,P0061,0,0,0,0,0
2024-03-01,P0062,68,0,0,68,0
2024-03-01,P0063,0,0,8,0,0
2024-03-01,P0064,74,0,0,74,0
2024-03-01,P0065,0,0,15,0,0
2024-03-01,P0066,0,0,9,0,0
2024-03-01,P0067,0,0,3,0,0
2024-03-01,P0068,116,0,6,110,0
2024-03-01,P0069,58,0,3,55,0
2024-03-01,P0070,0,0,10,0,0
2024-03-01,P0071,66,0,0,66,0
2024-03-01,P0072,80,0,0,80,0
2024-03-01,P0073,40,0,0,40,0
2024-03-01,P0074,0,0,14,0,0
2024-03-01,P0075,17,0,0,17,0
2024-03-01,P0076,44,0,0,44,0
2024-03-01,P0077,131,0,2,129,0
2024-03-01,P0078,26,0,0,26,0
2024-03-01,P0079,281,154,35,400,0
2024-03-01,P0080,111,0,0,111,0
2024-03-02,P0001,0,0,5,0,0
2024-03-02,P0002,165,0,1,164,0
2024-03-02,P0003,88,0,0,88,0
2024-03-02,P0004,36,0,8,28,0
2024-03-02,P0005,92,0,0,92,0
2024-03-02,P0006,26,0,3,23,0
2024-03-02,P0007,133,0,4,129,0
2024-03-02,P0008,102,0,0,102,0
2024-03-02,P0009,20,0,12,8,0
2024-03-02,P0010,0,0,2,0,1
2024-03-02,P0011,6,0,6,0,0
2024-03-02,P0012,58,0,0,58,0
2024-03-02,P0013,58,0,1,57,0
2024-03-02,P0014,26,0,4,22,0
2024-03-02,P0015,163,0,20,143,0
2024-03-02,P0016,0,0,10,0,0
2024-03-02,P0017,10,0,0,10,0
2024-03-02,P0018,27,0,0,27,0
2024-03-02,P0019,108,0,0,108,0
2024-03-02,P0020,115,0,0,115,0
2024-03-02,P0021,0,0,16,0,0
2024-03-02,P0022,18,0,3,15,0
2024-03-02,P0023,82,0,0,82,0
2024-03-02,P0024,33,0,0,33,0
2024-03-02,P0025,144,0,2,142,0
2024-03-02,P0026,153,0,0,153,0
2024-03-02,P0027,73,0,0,73,0
2024-03-02,P0028,6,0,0,6,0
2024-03-02,P0029,10,0,4,6,0
2024-03-02,P0030,46,0,4,42,0
2024-03-02,P0031,141,0,0,141,0
2024-03-02,P0032,57,0,5,52,0
2024-03-02,P0033,8,0,0,8,0
2024-03-02,P0034,77,0,0,77,0
2024-03-02,P0035,43,0,5,38,0
2024-03-02,P0036,17,0,0,17,0
2024-03-02,P0037,0,0,1,0,0
2024-03-02,P0038,82,0,3,79,0
2024-03-02,P0039,0,0,0,0,0
2024-03-02,P0040,52,0,1,51,0
2024-03-02,P0041,90,0,0,90,0
2024-03-02,P0042,52,0,2,50,0
2024-03-02,P0043,117,0,4,113,0
2024-03-02,P0044,102,0,23,79,0
2024-03-02,P0045,69,0,2,67,0
2024-03-02,P0046,4,0,5,0,0
2024-03-02,P0047,74,0,3,71,0
2024-03-02,P0048,0,0,4,0,0
2024-03-02,P0049,57,0,0,57,0
2024-03-02,P0050,77,0,5,70,2
2024-03-02,P0051,97,0,6,91,0
2024-03-02,P0052,41,0,0,41,0
2024-03-02,P0053,0,0,3,0,0
2024-03-02,P0054,54,0,7,47,0
2024-03-02,P0055,99,0,0,99,0
2024-03-02,P0056,130,0,6,124,0
2024-03-02,P0057,102,0,0,102,0
2024-03-02,P0058,0,0,17,0,0
2024-03-02,P0059,0,0,11,0,0
2024-03-02,P0060,0,0,8,0,0
2024-03-02,P0061,0,0,1,0,0
2024-03-02,P0062,68,0,0,68,0
2024-03-02,P0063,0,0,12,0,0
2024-03-02,P0064,74,0,0,74,0
2024-03-02,P0065,0,0,15,0,0
2024-03-02,P0066,0,0,27,0,0
2024-03-02,P0067,0,0,4,0,0
2024-03-02,P0068,110,13,0,123,0
2024-03-02,P0069,55,13,1,67,0
2024-03-02,P0070,0,0,9,0,2
2024-03-02,P0071,66,0,0,66,0
2024-03-02,P0072,80,0,0,80,0
2024-03-02,P0073,40,0,2,38,0
2024-03-02,P0074,0,40,11,29,0
2024-03-02,P0075,17,0,5,12,0
2024-03-02,P0076,44,0,0,44,0
2024-03-02,P0077,129,0,0,129,0
2024-03-02,P0078,26,0,1,25,0
2024-03-02,P0079,400,0,34,366,0
2024-03-02,P0080,111,0,0,111,0
2024-03-03,P0001,0,0,5,0,0
2024-03-03,P0002,164,0,0,164,0
2024-03-03,P0003,88,0,0,88,0
2024-03-03,P0004,28,41,7,62,0
2024-03-03,P0005,92,20,0,112,0
2024-03-03,P0006,23,0,0,23,0
2024-03-03,P0007,129,0,0,129,0
2024-03-03,P0008,102,0,8,94,0
2024-03-03,P0009,8,0,10,0,0
2024-03-03,P0010,0,0,14,0,0
2024-03-03,P0011,0,0,1,0,0
2024-03-03,P0012,58,20,6,72,0
2024-03-03,P0013,57,19,5,71,0
2024-03-03,P0014,22,0,2,20,0
2024-03-03,P0015,143,0,17,126,0
2024-03-03,P0016,0,0,2,0,0
2024-03-03,P0017,10,0,1,9,0
2024-03-03,P0018,27,0,1,26,0
2024-03-03,P0019,108,0,0,108,0
2024-03-03,P0020,115,0,0,115,0
2024-03-03,P0021,0,0,11,0,0
2024-03-03,P0022,15,0,9,6,0
2024-03-03,P0023,82,0,0,82,0
2024-03-03,P0024,33,0,0,33,0
2024-03-03,P0025,142,0,7,135,0
2024-03-03,P0026,153,0,0,153,0
2024-03-03,P0027,73,0,0,73,0
2024-03-03,P0028,6,0,3,3,0
2024-03-03,P0029,6,0,5,1,0
2024-03-03,P0030,42,0,0,42,0
2024-03-03,P0031,141,0,0,141,0
2024-03-03,P0032,52,0,0,52,0
2024-03-03,P0033,8,0,2,6,0
2024-03-03,P0034,77,0,0,77,0
2024-03-03,P0035,38,0,3,35,0
2024-03-03,P0036,17,0,3,14,0
2024-03-03,P0037,0,26,0,26,0
2024-03-03,P0038,79,0,5,74,0
2024-03-03,P0039,0,0,2,0,0
2024-03-03,P0040,51,0,0,51,0
2024-03-03,P0041,90,0,4,86,0
2024-03-03,P0042,50,0,1,49,0
2024-03-03,P0043,113,0,0,110,3
2024-03-03,P0044,79,0,11,68,0
2024-03-03,P0045,67,0,0,67,0
2024-03-03,P0046,0,0,6,0,0
2024-03-03,P0047,71,0,0,71,0
2024-03-03,P0048,0,0,9,0,0
2024-03-03,P0049,57,0,3,54,0
2024-03-03,P0050,70,0,4,66,0
2024-03-03,P0051,91,0,1,90,0
2024-03-03,P0052,41,0,1,40,0
2024-03-03,P0053,0,0,2,0,0
2024-03-03,P0054,47,0,0,47,0
2024-03-03,P0055,99,0,0,99,0
2024-03-03,P0056,124,0,0,124,0
2024-03-03,P0057,102,0,0,102,0
2024-03-03,P0058,0,0,17,0,0
2024-03-03,P0059,0,0,9,0,0
2024-03-03,P0060,0,0,13,0,0
2024-03-03,P0061,0,0,0,0,0
2024-03-03,P0062,68,0,0,65,3
2024-03-03,P0063,0,0,22,0,0
2024-03-03,P0064,74,0,0,74,0
2024-03-03,P0065,0,0,25,0,0
2024-03-03,P0066,0,0,23,0,0
2024-03-03,P0067,0,0,10,0,0
2024-03-03,P0068,123,19,0,142,0
2024-03-03,P0069,67,0,0,67,0
2024-03-03,P0070,0,0,11,0,0
2024-03-03,P0071,66,0,0,66,0
2024-03-03,P0072,80,0,4,76,0
2024-03-03,P0073,38,0,4,34,0
2024-03-03,P0074,29,0,6,23,0
2024-03-03,P0075,12,0,2,10,0
2024-03-03,P0076,44,0,4,40,0
2024-03-03,P0077,129,0,3,126,0
2024-03-03,P0078,25,0,3,21,1
2024-03-03,P0079,366,0,33,333,0
2024-03-03,P0080,111,0,0,111,0
2024-03-04,P0001,0,0,0,0,0
2024-03-04,P0002,164,0,0,164,0
2024-03-04,P0003,88,28,4,112,0
2024-03-04,P0004,62,0,4,58,0
2024-03-04,P0005,112,0,0,112,0
2024-03-04,P0006,23,0,3,20,0
2024-03-04,P0007,129,0,0,129,0
2024-03-04,P0008,94,0,0,94,0
2024-03-04,P0009,0,0,1,0,0
2024-03-04,P0010,0,52,7,45,0
2024-03-04,P0011,0,0,1,0,0
2024-03-04,P0012,72,0,5,67,0
2024-03-04,P0013,71,0,4,67,0
2024-03-04,P0014,20,0,5,15,0
2024-03-04,P0015,126,0,8,118,0
2024-03-04,P0016,0,0,6,0,0
2024-03-04,P0017,9,0,5,4,0
2024-03-04,P0018,26,0,5,21,0
2024-03-04,P0019,108,0,0,108,0
2024-03-04,P0020,115,0,4,111,0
2024-03-04,P0021,0,0,6,0,0
2024-03-04,P0022,6,23,5,24,0
2024-03-04,P0023,82,0,0,82,0
2024-03-04,P0024,33,22,0,55,0
2024-03-04,P0025,135,0,2,133,0
2024-03-04,P0026,153,0,0,153,0
2024-03-04,P0027,73,0,0,73,0
2024-03-04,P0028,3,0,0,3,0
2024-03-04,P0029,1,0,1,0,0
2024-03-04,P0030,42,0,1,41,0
2024-03-04,P0031,141,0,4,137,0
2024-03-04,P0032,52,0,3,49,0
2024-03-04,P0033,6,0,0,6,0
2024-03-04,P0034,77,0,0,77,0
2024-03-04,P0035,35,0,3,32,0
2024-03-04,P0036,14,0,3,11,0
2024-03-04,P0037,26,28,4,50,0
2024-03-04,P0038,74,0,5,69,0
2024-03-04,P0039,0,0,5,0,0
2024-03-04,P0040,51,0,0,51,0
2024-03-04,P0041,86,0,0,83,3
2024-03-04,P0042,49,0,0,49,0
2024-03-04,P0043,110,0,0,110,0
2024-03-04,P0044,68,0,18,50,0
2024-03-04,P0045,67,0,0,67,0
2024-03-04,P0046,0,0,6,0,0
2024-03-04,P0047,71,0,6,65,0
2024-03-04,P0048,0,0,2,0,0
2024-03-04,P0049,54,0,3,51,0
2024-03-04,P0050,66,0,1,65,0
2024-03-04,P0051,90,0,0,88,2
2024-03-04,P0052,40,0,2,38,0
2024-03-04,P0053,0,0,0,0,0
2024-03-04,P0054,47,0,0,47,0
2024-03-04,P0055,99,0,0,99,0
2024-03-04,P0056,124,0,0,124,0
2024-03-04,P0057,102,0,0,102,0
2024-03-04,P0058,0,0,5,0,0
2024-03-04,P0059,0,0,2,0,0
2024-03-04,P0060,0,0,8,0,0
2024-03-04,P0061,0,0,1,0,0
2024-03-04,P0062,65,0,0,65,0
2024-03-04,P0063,0,0,1,0,0
2024-03-04,P0064,74,0,3,71,0
2024-03-04,P0065,0,0,16,0,0
2024-03-04,P0066,0,0,24,0,0
2024-03-04,P0067,0,0,6,0,0
2024-03-04,P0068,142,0,5,137,0
2024-03-04,P0069,67,0,1,66,0
2024-03-04,P0070,0,0,3,0,0
2024-03-04,P0071,66,0,0,66,0
2024-03-04,P0072,76,15,0,91,0
2024-03-04,P0073,34,0,4,30,0
2024-03-04,P0074,23,0,3,20,0
2024-03-04,P0075,10,0,1,9,0
2024-03-04,P0076,40,0,1,39,0
2024-03-04,P0077,126,0,0,126,0
2024-03-04,P0078,21,0,5,16,0
2024-03-04,P0079,333,0,15,318,0
2024-03-04,P0080,111,0,0,111,0
2024-03-05,P0001,0,0,8,0,0
2024-03-05,P0002,164,0,0,164,0
2024-03-05,P0003,112,0,5,107,0
2024-03-05,P0004,58,0,6,52,0
2024-03-05,P0005,112,0,2,110,0
2024-03-05,P0006,20,0,0,20,0
2024-03-05,P0007,129,0,0,129,0
2024-03-05,P0008,94,0,0,94,0
2024-03-05,P0009,0,0,12,0,0
2024-03-05,P0010,45,55,17,83,0
2024-03-05,P0011,0,0,3,0,0
2024-03-05,P0012,67,0,1,66,0
2024-03-05,P0013,67,0,0,67,0
2024-03-05,P0014,15,0,5,10,0
2024-03-05,P0015,118,0,4,114,0
2024-03-05,P0016,0,0,1,0,0
2024-03-05,P0017,4,0,16,0,0
2024-03-05,P0018,21,0,0,21,0
2024-03-05,P0019,108,0,0,108,0
2024-03-05,P0020,111,0,0,111,0
2024-03-05,P0021,0,0,2,0,0
2024-03-05,P0022,24,0,0,24,0
2024-03-05,P0023,82,0,0,82,0
2024-03-05,P0024,55,0,0,55,0
2024-03-05,P0025,133,0,4,129,0
2024-03-05,P0026,153,0,0,153,0
2024-03-05,P0027,73,0,0,73,0
2024-03-05,P0028,3,16,3,16,0
2024-03-05,P0029,0,17,0,17,0
2024-03-05,P0030,41,0,3,38,0
2024-03-05,P0031,137,0,0,137,0
2024-03-05,P0032,49,0,0,49,0
2024-03-05,P0033,6,0,0,6,0
2024-03-05,P0034,77,0,0,77,0
2024-03-05,P0035,32,0,5,26,1
2024-03-05,P0036,11,0,1,10,0
2024-03-05,P0037,50,0,10,40,0
2024-03-05,P0038,69,0,2,67,0
2024-03-05,P0039,0,0,3,0,0
2024-03-05,P0040,51,0,0,51,0
2024-03-05,P0041,83,14,0,97,0
2024-03-05,P0042,49,0,0,49,0
2024-03-05,P0043,110,0,1,109,0
2024-03-05,P0044,50,0,40,10,0
2024-03-05,P0045,67,0,0,67,0
2024-03-05,P0046,0,0,2,0,0
2024-03-05,P0047,65,17,0,82,0
2024-03-05,P0048,0,0,5,0,0
2024-03-05,P0049,51,0,0,51,0
2024-03-05,P0050,65,21,0,83,3
2024-03-05,P0051,88,0,0,88,0
2024-03-05,P0052,38,0,0,38,0
2024-03-05,P0053,0,0,1,0,2
2024-03-05,P0054,47,17,4,60,0
2024-03-05,P0055,99,0,0,99,0
2024-03-05,P0056,124,0,8,116,0
2024-03-05,P0057,102,0,0,102,0
2024-03-05,P0058,0,0,10,0,0
2024-03-05,P0059,0,0,9,0,0
2024-03-05,P0060,0,0,17,0,0
2024-03-05,P0061,0,0,5,0,0
2024-03-05,P0062,65,0,0,65,0
2024-03-05,P0063,0,0,10,0,0
2024-03-05,P0064,71,0,1,70,0
2024-03-05,P0065,0,0,9,0,0
2024-03-05,P0066,0,0,17,0,0
2024-03-05,P0067,0,0,4,0,0
2024-03-05,P0068,137,0,1,136,0
2024-03-05,P0069,66,0,0,66,0
2024-03-05,P0070,0,0,4,0,0
2024-03-05,P0071,66,0,0,66,0
2024-03-05,P0072,91,0,0,91,0
2024-03-05,P0073,30,0,0,30,0
2024-03-05,P0074,20,0,4,16,0
2024-03-05,P0075,9,0,2,7,0
2024-03-05,P0076,39,0,2,37,0
2024-03-05,P0077,126,0,1,125,0
2024-03-05,P0078,16,0,5,11,0
2024-03-05,P0079,318,0,16,302,0
2024-03-05,P0080,111,0,0,111,0
2024-03-06,P0001,0,0,2,0,0
2024-03-06,P0002,164,0,0,163,1
2024-03-06,P0003,107,0,3,104,0
2024-03-06,P0004,52,0,0,52,0
2024-03-06,P0005,110,0,2,108,0
2024-03-06,P0006,20,15,0,35,0
2024-03-06,P0007,129,0,0,129,0
2024-03-06,P0008,94,0,0,94,0
2024-03-06,P0009,0,0,1,0,0
2024-03-06,P0010,83,0,13,70,0
2024-03-06,P0011,0,0,5,0,0
2024-03-06,P0012,66,0,0,66,0
2024-03-06,P0013,67,0,0,67,0
2024-03-06,P0014,10,0,2,8,0
2024-03-06,P0015,114,0,9,105,0
2024-03-06,P0016,0,0,4,0,0
2024-03-06,P0017,0,0,0,0,0
2024-03-06,P0018,21,0,1,20,0
2024-03-06,P0019,108,0,0,108,0
2024-03-06,P0020,111,0,0,111,0
2024-03-06,P0021,0,0,10,0,0
2024-03-06,P0022,24,0,3,21,0
2024-03-06,P0023,82,0,0,82,0
2024-03-06,P0024,55,0,0,55,0
2024-03-06,P0025,129,0,0,129,0
2024-03-06,P0026,153,0,0,153,0
2024-03-06,P0027,73,0,0,73,0
2024-03-06,P0028,16,0,2,14,0
2024-03-06,P0029,17,0,1,16,0
2024-03-06,P0030,38,0,5,33,0
2024-03-06,P0031,137,0,0,137,0
2024-03-06,P0032,49,0,0,49,0
2024-03-06,P0033,6,0,0,6,0
2024-03-06,P0034,77,0,0,77,0
2024-03-06,P0035,26,0,2,24,0
2024-03-06,P0036,10,22,1,31,0
2024-03-06,P0037,40,0,5,35,0
2024-03-06,P0038,67,0,0,67,0
2024-03-06,P0039,0,0,0,0,0
2024-03-06,P0040,51,0,0,51,0
2024-03-06,P0041,97,13,0,110,0
2024-03-06,P0042,49,0,1,48,0
2024-03-06,P0043,109,0,0,109,0
2024-03-06,P0044,10,0,15,0,0
2024-03-06,P0045,67,0,5,62,0
2024-03-06,P0046,0,0,3,0,0
2024-03-06,P0047,82,0,0,82,0
2024-03-06,P0048,0,0,0,0,0
2024-03-06,P0049,51,0,0,51,0
2024-03-06,P0050,83,0,1,82,0
2024-03-06,P0051,88,0,1,87,0
2024-03-06,P0052,38,0,2,36,0
2024-03-06,P0053,0,0,3,0,0
2024-03-06,P0054,60,0,0,60,0
2024-03-06,P0055,99,0,0,99,0
2024-03-06,P0056,116,0,5,111,0
2024-03-06,P0057,102,0,1,101,0
2024-03-06,P0058,0,0,4,0,0
2024-03-06,P0059,0,0,16,0,0
2024-03-06,P0060,0,0,9,0,0
2024-03-06,P0061,0,0,0,0,0
2024-03-06,P0062,65,0,0,65,0
2024-03-06,P0063,0,0,9,0,0
2024-03-06,P0064,70,0,0,70,0
2024-03-06,P0065,0,0,7,0,0
2024-03-06,P0066,0,0,5,0,0
2024-03-06,P0067,0,0,6,0,0
2024-03-06,P0068,136,0,0,136,0
2024-03-06,P0069,66,0,0,66,0
2024-03-06,P0070,0,0,6,0,0
2024-03-06,P0071,66,0,2,64,0
2024-03-06,P0072,91,0,4,87,0
2024-03-06,P0073,30,0,0,30,0
2024-03-06,P0074,16,0,18,0,0
2024-03-06,P0075,7,0,1,6,0
2024-03-06,P0076,37,0,0,37,0
2024-03-06,P0077,125,18,1,142,0
2024-03-06,P0078,11,0,1,10,0
2024-03-06,P0079,302,0,35,267,0
2024-03-06,P0080,111,0,3,108,0
2024-03-07,P0001,0,0,1,0,0
2024-03-07,P0002,163,0,2,161,0
2024-03-07,P0003,104,0,3,101,0
2024-03-07,P0004,52,0,2,50,0
2024-03-07,P0005,108,0,0,108,0
2024-03-07,P0006,35,0,5,30,0
2024-03-07,P0007,129,0,0,129,0
2024-03-07,P0008,94,0,0,94,0
2024-03-07,P0009,0,0,3,0,0
2024-03-07,P0010,70,0,7,63,0
2024-03-07,P0011,0,0,0,0,0
2024-03-07,P0012,66,0,0,66,0
2024-03-07,P0013,67,0,0,67,0
2024-03-07,P0014,8,0,8,0,0
2024-03-07,P0015,105,0,15,90,0
2024-03-07,P0016,0,0,5,0,0
2024-03-07,P0017,0,0,4,0,0
2024-03-07,P0018,20,0,10,10,0
2024-03-07,P0019,108,0,0,108,0
2024-03-07,P0020,111,0,1,110,0
2024-03-07,P0021,0,0,8,0,0
2024-03-07,P0022,21,18,1,38,0
2024-03-07,P0023,82,0,0,82,0
2024-03-07,P0024,55,0,0,55,0
2024-03-07,P0025,129,0,0,129,0
2024-03-07,P0026,153,0,4,149,0
2024-03-07,P0027,73,0,0,73,0
2024-03-07,P0028,14,0,6,5,3
2024-03-07,P0029,16,0,3,13,0
2024-03-07,P0030,33,0,2,31,0
2024-03-07,P0031,137,0,0,137,0
2024-03-07,P0032,49,0,1,48,0
2024-03-07,P0033,6,0,0,6,0
2024-03-07,P0034,77,0,0,77,0
2024-03-07,P0035,24,0,4,20,0
2024-03-07,P0036,31,0,0,31,0
2024-03-07,P0037,35,0,9,26,0
2024-03-07,P0038,67,0,5,62,0
2024-03-07,P0039,0,0,0,0,0
2024-03-07,P0040,51,0,2,49,0
2024-03-07,P0041,110,0,2,108,0
2024-03-07,P0042,48,0,0,48,0
2024-03-07,P0043,109,0,2,107,0
2024-03-07,P0044,0,0,17,0,0
2024-03-07,P0045,62,20,0,82,0
2024-03-07,P0046,0,0,7,0,0
2024-03-07,P0047,82,0,0,82,0
2024-03-07,P0048,0,0,12,0,0
2024-03-07,P0049,51,0,0,51,0
2024-03-07,P0050,82,0,10,72,0
2024-03-07,P0051,87,0,0,87,0
2024-03-07,P0052,36,0,0,36,0
2024-03-07,P0053,0,0,4,0,0
2024-03-07,P0054,60,0,3,57,0
2024-03-07,P0055,99,0,0,99,0
2024-03-07,P0056,111,0,0,111,0
2024-03-07,P0057,101,0,0,101,0
2024-03-07,P0058,0,0,13,0,0
2024-03-07,P0059,0,0,12,0,0
2024-03-07,P0060,0,0,10,0,0
2024-03-07,P0061,0,0,0,0,0
2024-03-07,P0062,65,0,0,65,0
2024-03-07,P0063,0,0,9,0,0
2024-03-07,P0064,70,0,0,67,3
2024-03-07,P0065,0,0,14,0,0
2024-03-07,P0066,0,0,2,0,0
2024-03-07,P0067,0,0,1,0,0
2024-03-07,P0068,136,0,0,136,0
2024-03-07,P0069,66,0,0,66,0
2024-03-07,P0070,0,0,7,0,0
2024-03-07,P0071,64,0,0,64,0
2024-03-07,P0072,87,0,2,85,0
2024-03-07,P0073,30,0,0,30,0
2024-03-07,P0074,0,0,4,0,0
2024-03-07,P0075,6,0,0,6,0
2024-03-07,P0076,37,0,2,35,0
2024-03-07,P0077,142,0,0,142,0
2024-03-07,P0078,10,0,0,10,0
2024-03-07,P0079,267,0,15,252,0
2024-03-07,P0080,108,0,1,107,0
2024-03-08,P0001,0,0,12,0,0
2024-03-08,P0002,161,0,0,161,0
2024-03-08,P0003,101,0,0,101,0
2024-03-08,P0004,50,0,2,48,0
2024-03-08,P0005,108,0,2,106,0
2024-03-08,P0006,30,0,0,30,0
2024-03-08,P0007,129,0,0,129,0
2024-03-08,P0008,94,0,0,94,0
2024-03-08,P0009,0,0,8,0,0
2024-03-08,P0010,63,0,3,60,0
2024-03-08,P0011,0,0,0,0,0
2024-03-08,P0012,66,0,0,66,0
2024-03-08,P0013,67,0,0,67,0
2024-03-08,P0014,0,0,5,0,2
2024-03-08,P0015,90,0,3,87,0
2024-03-08,P0016,0,0,9,0,0
2024-03-08,P0017,0,19,1,18,0
2024-03-08,P0018,10,26,2,34,0
2024-03-08,P0019,108,0,0,108,0
2024-03-08,P0020,110,0,0,110,0
2024-03-08,P0021,0,60,4,56,0
2024-03-08,P0022,38,0,0,38,0
2024-03-08,P0023,82,0,0,82,0
2024-03-08,P0024,55,0,0,55,0
2024-03-08,P0025,129,0,0,129,0
2024-03-08,P0026,149,0,0,149,0
2024-03-08,P0027,73,0,2,71,0
2024-03-08,P0028,5,0,0,5,0
2024-03-08,P0029,13,0,1,12,0
2024-03-08,P0030,31,20,4,47,0
2024-03-08,P0031,137,0,0,137,0
2024-03-08,P0032,48,0,1,47,0
2024-03-08,P0033,6,0,0,6,0
2024-03-08,P0034,77,0,2,75,0
2024-03-08,P0035,20,0,0,20,0
2024-03-08,P0036,31,0,5,26,0
2024-03-08,P0037,26,0,5,21,0
2024-03-08,P0038,62,0,5,57,0
2024-03-08,P0039,0,17,2,15,0
2024-03-08,P0040,49,0,0,49,0
2024-03-08,P0041,108,0,1,107,0
2024-03-08,P0042,48,0,0,48,0
2024-03-08,P0043,107,0,0,107,0
2024-03-08,P0044,0,0,17,0,0
2024-03-08,P0045,82,0,2,80,0
2024-03-08,P0046,0,0,5,0,0
2024-03-08,P0047,82,0,1,81,0
2024-03-08,P0048,0,0,0,0,0
2024-03-08,P0049,51,0,2,49,0
2024-03-08,P0050,72,0,1,71,0
2024-03-08,P0051,87,0,1,86,0
2024-03-08,P0052,36,0,1,35,0
2024-03-08,P0053,0,31,11,19,1
2024-03-08,P0054,57,0,0,57,0
2024-03-08,P0055,99,0,0,99,0
2024-03-08,P0056,111,0,10,101,0
2024-03-08,P0057,101,0,0,101,0
2024-03-08,P0058,0,0,8,0,0
2024-03-08,P0059,0,0,20,0,0
2024-03-08,P0060,0,0,10,0,0
2024-03-08,P0061,0,0,0,0,0
2024-03-08,P0062,65,0,0,65,0
2024-03-08,P0063,0,0,14,0,0
2024-03-08,P0064,67,0,4,63,0
2024-03-08,P0065,0,0,32,0,0
2024-03-08,P0066,0,0,7,0,0
2024-03-08,P0067,0,0,3,0,0
2024-03-08,P0068,136,11,3,144,0
2024-03-08,P0069,66,0,0,66,0
2024-03-08,P0070,0,0,8,0,0
2024-03-08,P0071,64,0,2,62,0
2024-03-08,P0072,85,0,0,85,0
2024-03-08,P0073,30,0,0,30,0
2024-03-08,P0074,0,0,8,0,0
2024-03-08,P0075,6,26,0,32,0
2024-03-08,P0076,35,0,1,34,0
2024-03-08,P0077,142,0,1,141,0
2024-03-08,P0078,10,0,0,10,0
2024-03-08,P0079,252,0,29,223,0
2024-03-08,P0080,107,0,0,107,0
2024-03-09,P0001,0,0,5,0,0
2024-03-09,P0002,161,0,0,161,0
2024-03-09,P0003,101,0,0,101,0
2024-03-09,P0004,48,0,1,45,2
2024-03-09,P0005,106,16,1,121,0
2024-03-09,P0006,30,0,0,28,2
2024-03-09,P0007,129,0,4,125,0
2024-03-09,P0008,94,0,1,91,2
2024-03-09,P0009,0,0,10,0,0
2024-03-09,P0010,60,0,7,53,0
2024-03-09,P0011,0,0,1,0,0
2024-03-09,P0012,66,17,1,82,0
2024-03-09,P0013,67,0,0,67,0
2024-03-09,P0014,0,0,0,0,0
2024-03-09,P0015,87,0,5,82,0
2024-03-09,P0016,0,0,9,0,0
2024-03-09,P0017,18,0,9,9,0
2024-03-09,P0018,34,0,3,31,0
2024-03-09,P0019,108,0,0,108,0
2024-03-09,P0020,110,0,0,110,0
2024-03-09,P0021,56,0,5,51,0
2024-03-09,P0022,38,0,5,33,0
2024-03-09,P0023,82,0,0,82,0
2024-03-09,P0024,55,0,0,55,0
2024-03-09,P0025,129,0,0,129,0
2024-03-09,P0026,149,0,2,147,0
2024-03-09,P0027,71,0,0,71,0
2024-03-09,P0028,5,0,2,1,2
2024-03-09,P0029,12,0,4,8,0
2024-03-09,P0030,47,0,2,45,0
2024-03-09,P0031,137,0,1,136,0
2024-03-09,P0032,47,0,7,40,0
2024-03-09,P0033,6,0,0,6,0
2024-03-09,P0034,75,22,4,93,0
2024-03-09,P0035,20,0,18,1,1
2024-03-09,P0036,26,0,2,24,0
2024-03-09,P0037,21,0,3,18,0
2024-03-09,P0038,57,0,2,55,0
2024-03-09,P0039,15,0,3,12,0
2024-03-09,P0040,49,0,0,49,0
2024-03-09,P0041,107,0,0,107,0
2024-03-09,P0042,48,0,0,48,0
2024-03-09,P0043,107,0,0,107,0
2024-03-09,P0044,0,0,17,0,0
2024-03-09,P0045,80,0,2,78,0
2024-03-09,P0046,0,0,14,0,0
2024-03-09,P0047,81,0,3,78,0
2024-03-09,P0048,0,0,3,0,0
2024-03-09,P0049,49,0,1,46,2
2024-03-09,P0050,71,0,1,70,0
2024-03-09,P0051,86,21,0,107,0
2024-03-09,P0052,35,0,2,33,0
2024-03-09,P0053,19,0,6,13,0
2024-03-09,P0054,57,0,0,57,0
2024-03-09,P0055,99,0,0,99,0
2024-03-09,P0056,101,0,0,101,0
2024-03-09,P0057,101,0,0,101,0
2024-03-09,P0058,0,54,16,38,0
2024-03-09,P0059,0,0,18,0,0
2024-03-09,P0060,0,46,7,39,0
2024-03-09,P0061,0,0,0,0,0
2024-03-09,P0062,65,14,0,79,0
2024-03-09,P0063,0,0,22,0,0
2024-03-09,P0064,63,0,0,63,0
2024-03-09,P0065,0,0,17,0,0
2024-03-09,P0066,0,0,20,0,0
2024-03-09,P0067,0,0,9,0,0
2024-03-09,P0068,144,0,2,142,0
2024-03-09,P0069,66,0,0,66,0
2024-03-09,P0070,0,0,9,0,0
2024-03-09,P0071,62,0,4,58,0
2024-03-09,P0072,85,0,5,80,0
2024-03-09,P0073,30,0,2,28,0
2024-03-09,P0074,0,0,9,0,0
2024-03-09,P0075,32,0,10,22,0
2024-03-09,P0076,34,0,1,33,0
2024-03-09,P0077,141,0,0,141,0
2024-03-09,P0078,10,0,8,2,0
2024-03-09,P0079,223,0,38,185,0
2024-03-09,P0080,107,0,0,107,0
2024-03-10,P0001,0,33,5,28,0
2024-03-10,P0002,161,13,0,174,0
2024-03-10,P0003,101,0,3,98,0
2024-03-10,P0004,45,0,7,38,0
2024-03-10,P0005,121,0,1,120,0
2024-03-10,P0006,28,0,1,27,0
2024-03-10,P0007,125,0,0,125,0
2024-03-10,P0008,91,0,0,91,0
2024-03-10,P0009,0,0,9,0,0
2024-03-10,P0010,53,0,13,40,0
2024-03-10,P0011,0,0,0,0,0
2024-03-10,P0012,82,0,0,82,0
2024-03-10,P0013,67,0,0,67,0
2024-03-10,P0014,0,0,6,0,0
2024-03-10,P0015,82,0,11,71,0
2024-03-10,P0016,0,0,10,0,0
2024-03-10,P0017,9,0,3,6,0
2024-03-10,P0018,31,0,3,28,0
2024-03-10,P0019,108,0,0,108,0
2024-03-10,P0020,110,0,1,109,0
2024-03-10,P0021,51,0,1,50,0
2024-03-10,P0022,33,0,9,24,0
2024-03-10,P0023,82,0,0,82,0
2024-03-10,P0024,55,0,4,51,0
2024-03-10,P0025,129,0,6,123,0
2024-03-10,P0026,147,0,1,146,0
2024-03-10,P0027,71,0,0,71,0
2024-03-10,P0028,1,0,0,1,0
2024-03-10,P0029,8,0,1,7,0
2024-03-10,P0030,45,0,6,39,0
2024-03-10,P0031,136,0,0,136,0
2024-03-10,P0032,40,0,8,32,0
2024-03-10,P0033,6,0,0,6,0
2024-03-10,P0034,93,0,1,92,0
2024-03-10,P0035,1,0,4,0,0
2024-03-10,P0036,24,0,5,19,0
2024-03-10,P0037,18,0,8,10,0
2024-03-10,P0038,55,0,20,35,0
2024-03-10,P0039,12,0,9,2,1
2024-03-10,P0040,49,0,0,49,0
2024-03-10,P0041,107,0,0,107,0
2024-03-10,P0042,48,21,0,69,0
2024-03-10,P0043,107,0,0,107,0
2024-03-10,P0044,0,0,25,0,0
2024-03-10,P0045,78,0,1,77,0
2024-03-10,P0046,0,0,8,0,0
2024-03-10,P0047,78,0,1,77,0
2024-03-10,P0048,0,0,2,0,0
2024-03-10,P0049,46,0,2,44,0
2024-03-10,P0050,70,0,1,69,0
2024-03-10,P0051,107,0,6,101,0
2024-03-10,P0052,33,0,2,31,0
2024-03-10,P0053,13,0,0,13,0
2024-03-10,P0054,57,0,0,57,0
2024-03-10,P0055,99,0,0,99,0
2024-03-10,P0056,101,0,2,99,0
2024-03-10,P0057,101,0,0,101,0
2024-03-10,P0058,38,0,9,29,0
2024-03-10,P0059,0,0,19,0,0
2024-03-10,P0060,39,0,13,26,0
2024-03-10,P0061,0,0,4,0,0
2024-03-10,P0062,79,0,3,76,0
2024-03-10,P0063,0,0,6,0,0
2024-03-10,P0064,63,0,0,63,0
2024-03-10,P0065,0,0,21,0,0
2024-03-10,P0066,0,0,15,0,0
2024-03-10,P0067,0,0,3,0,0
2024-03-10,P0068,142,0,0,142,0
2024-03-10,P0069,66,0,0,66,0
2024-03-10,P0070,0,0,7,0,0
2024-03-10,P0071,58,0,0,58,0
2024-03-10,P0072,80,19,0,99,0
2024-03-10,P0073,28,0,4,24,0
2024-03-10,P0074,0,0,20,0,0
2024-03-10,P0075,22,0,5,17,0
2024-03-10,P0076,33,0,1,32,0
2024-03-10,P0077,141,0,0,141,0
2024-03-10,P0078,2,0,0,2,0
2024-03-10,P0079,185,0,47,138,0
2024-03-10,P0080,107,0,0,107,0
2024-03-11,P0001,28,0,5,23,0
2024-03-11,P0002,174,0,0,174,0
2024-03-11,P0003,98,0,0,98,0
2024-03-11,P0004,38,0,10,28,0
2024-03-11,P0005,120,0,4,116,0
2024-03-11,P0006,27,13,0,40,0
2024-03-11,P0007,125,0,2,123,0
2024-03-11,P0008,91,0,0,91,0
2024-03-11,P0009,0,0,2,0,0
2024-03-11,P0010,40,44,6,78,0
2024-03-11,P0011,0,0,0,0,0
2024-03-11,P0012,82,0,0,82,0
2024-03-11,P0013,67,0,3,64,0
2024-03-11,P0014,0,0,0,0,0
2024-03-11,P0015,71,0,15,56,0
2024-03-11,P0016,0,0,4,0,0
2024-03-11,P0017,6,0,7,0,0
2024-03-11,P0018,28,0,2,26,0
2024-03-11,P0019,108,0,0,108,0
2024-03-11,P0020,109,0,0,109,0
2024-03-11,P0021,50,0,14,36,0
2024-03-11,P0022,24,0,3,21,0
2024-03-11,P0023,82,0,0,82,0
2024-03-11,P0024,51,0,0,51,0
2024-03-11,P0025,123,0,2,121,0
2024-03-11,P0026,146,0,0,146,0
2024-03-11,P0027,71,0,0,71,0
2024-03-11,P0028,1,0,4,0,0
2024-03-11,P0029,7,0,2,5,0
2024-03-11,P0030,39,0,2,37,0
2024-03-11,P0031,136,0,2,134,0
2024-03-11,P0032,32,0,3,29,0
2024-03-11,P0033,6,0,1,5,0
2024-03-11,P0034,92,0,0,92,0
2024-03-11,P0035,0,0,0,0,0
2024-03-11,P0036,19,0,0,19,0
2024-03-11,P0037,10,0,1,9,0
2024-03-11,P0038,35,0,2,33,0
2024-03-11,P0039,2,0,3,0,0
2024-03-11,P0040,49,0,0,49,0
2024-03-11,P0041,107,0,3,104,0
2024-03-11,P0042,69,0,0,69,0
2024-03-11,P0043,107,0,0,107,0
2024-03-11,P0044,0,0,15,0,3
2024-03-11,P0045,77,0,2,75,0
2024-03-11,P0046,0,35,3,32,0
2024-03-11,P0047,77,0,1,76,0
2024-03-11,P0048,0,0,7,0,0
2024-03-11,P0049,44,0,2,42,0
2024-03-11,P0050,69,0,0,69,0
2024-03-11,P0051,101,0,1,100,0
2024-03-11,P0052,31,0,0,31,0
2024-03-11,P0053,13,23,3,33,0
2024-03-11,P0054,57,0,1,56,0
2024-03-11,P0055,99,0,0,99,0
2024-03-11,P0056,99,0,4,95,0
2024-03-11,P0057,101,0,0,101,0
2024-03-11,P0058,29,0,8,21,0
2024-03-11,P0059,0,0,7,0,0
2024-03-11,P0060,26,0,5,21,0
2024-03-11,P0061,0,0,1,0,0
2024-03-11,P0062,76,0,0,76,0
2024-03-11,P0063,0,0,13,0,0
2024-03-11,P0064,63,0,0,63,0
2024-03-11,P0065,0,0,13,0,0
2024-03-11,P0066,0,0,15,0,0
2024-03-11,P0067,0,0,7,0,0
2024-03-11,P0068,142,0,0,142,0
2024-03-11,P0069,66,0,0,66,0
2024-03-11,P0070,0,0,7,0,0
2024-03-11,P0071,58,0,0,58,0
2024-03-11,P0072,99,0,0,99,0
2024-03-11,P0073,24,0,0,24,0
2024-03-11,P0074,0,0,13,0,1
2024-03-11,P0075,17,0,9,7,1
2024-03-11,P0076,32,13,2,43,0
2024-03-11,P0077,141,0,1,140,0
2024-03-11,P0078,2,0,3,0,0
2024-03-11,P0079,138,0,24,114,0
2024-03-11,P0080,107,0,0,104,3
2024-03-12,P0001,23,0,5,18,0
2024-03-12,P0002,174,0,0,174,0
2024-03-12,P0003,98,0,6,92,0
2024-03-12,P0004,28,0,0,28,0
2024-03-12,P0005,116,0,1,115,0
2024-03-12,P0006,40,0,4,36,0
2024-03-12,P0007,123,0,0,123,0
2024-03-12,P0008,91,0,0,91,0
2024-03-12,P0009,0,0,7,0,0
2024-03-12,P0010,78,0,12,66,0
2024-03-12,P0011,0,0,1,0,0
2024-03-12,P0012,82,0,1,81,0
2024-03-12,P0013,64,0,0,64,0
2024-03-12,P0014,0,0,3,0,0
2024-03-12,P0015,56,0,4,50,2
2024-03-12,P0016,0,0,7,0,0
2024-03-12,P0017,0,0,2,0,0
2024-03-12,P0018,26,0,1,25,0
2024-03-12,P0019,108,0,0,108,0
2024-03-12,P0020,109,0,0,109,0
2024-03-12,P0021,36,0,7,29,0
2024-03-12,P0022,21,0,0,21,0
2024-03-12,P0023,82,0,1,81,0
2024-03-12,P0024,51,0,0,51,0
2024-03-12,P0025,121,0,2,119,0
2024-03-12,P0026,146,0,0,146,0
2024-03-12,P0027,71,0,2,69,0
2024-03-12,P0028,0,0,1,0,0
2024-03-12,P0029,5,0,7,0,0
2024-03-12,P0030,37,0,3,34,0
2024-03-12,P0031,134,0,0,134,0
2024-03-12,P0032,29,0,4,25,0
2024-03-12,P0033,5,0,0,3,2
2024-03-12,P0034,92,0,0,92,0
2024-03-12,P0035,0,0,3,0,0
2024-03-12,P0036,19,0,1,18,0
2024-03-12,P0037,9,0,0,9,0
2024-03-12,P0038,33,0,0,32,1
2024-03-12,P0039,0,0,0,0,0
2024-03-12,P0040,49,0,0,49,0
2024-03-12,P0041,104,0,7,97,0
2024-03-12,P0042,69,20,0,89,0
2024-03-12,P0043,107,0,0,107,0
2024-03-12,P0044,0,0,12,0,1
2024-03-12,P0045,75,0,0,75,0
2024-03-12,P0046,32,0,1,31,0
2024-03-12,P0047,76,0,3,73,0
2024-03-12,P0048,0,0,12,0,0
2024-03-12,P0049,42,0,6,36,0
2024-03-12,P0050,69,0,0,69,0
2024-03-12,P0051,100,0,0,100,0
2024-03-12,P0052,31,0,0,31,0
2024-03-12,P0053,33,0,4,29,0
2024-03-12,P0054,56,0,3,53,0
2024-03-12,P0055,99,0,0,99,0
2024-03-12,P0056,95,0,4,91,0
2024-03-12,P0057,101,0,0,99,2
2024-03-12,P0058,21,0,5,16,0
2024-03-12,P0059,0,0,1,0,0
2024-03-12,P0060,21,0,2,19,0
2024-03-12,P0061,0,20,8,12,0
2024-03-12,P0062,76,0,0,76,0
2024-03-12,P0063,0,0,5,0,0
2024-03-12,P0064,63,0,0,63,0
2024-03-12,P0065,0,0,17,0,0
2024-03-12,P0066,0,0,27,0,0
2024-03-12,P0067,0,0,0,0,0
2024-03-12,P0068,142,0,0,142,0
2024-03-12,P0069,66,0,1,65,0
2024-03-12,P0070,0,0,5,0,0
2024-03-12,P0071,58,0,0,58,0
2024-03-12,P0072,99,0,0,99,0
2024-03-12,P0073,24,0,0,24,0
2024-03-12,P0074,0,0,10,0,0
2024-03-12,P0075,7,0,4,3,0
2024-03-12,P0076,43,18,2,59,0
2024-03-12,P0077,140,0,0,140,0
2024-03-12,P0078,0,0,5,0,0
2024-03-12,P0079,114,0,40,74,0
2024-03-12,P0080,104,12,0,116,0
2024-03-13,P0001,18,39,0,57,0
2024-03-13,P0002,174,0,1,173,0
2024-03-13,P0003,92,0,0,92,0
2024-03-13,P0004,28,36,0,64,0
2024-03-13,P0005,115,0,7,108,0
2024-03-13,P0006,36,0,0,36,0
2024-03-13,P0007,123,0,4,119,0
2024-03-13,P0008,91,0,5,86,0
2024-03-13,P0009,0,0,6,0,0
2024-03-13,P0010,66,0,5,61,0
2024-03-13,P0011,0,0,0,0,0
2024-03-13,P0012,81,0,0,81,0
2024-03-13,P0013,64,0,0,64,0
2024-03-13,P0014,0,0,4,0,0
2024-03-13,P0015,50,0,6,44,0
2024-03-13,P0016,0,0,1,0,0
2024-03-13,P0017,0,0,4,0,0
2024-03-13,P0018,25,0,4,21,0
2024-03-13,P0019,108,0,0,108,0
2024-03-13,P0020,109,0,0,109,0
2024-03-13,P0021,29,0,10,19,0
2024-03-13,P0022,21,0,0,21,0
2024-03-13,P0023,81,0,0,81,0
2024-03-13,P0024,51,0,0,51,0
2024-03-13,P0025,119,19,5,133,0
2024-03-13,P0026,146,0,0,146,0
2024-03-13,P0027,69,0,0,69,0
2024-03-13,P0028,0,0,0,0,0
2024-03-13,P0029,0,0,2,0,0
2024-03-13,P0030,34,0,5,29,0
2024-03-13,P0031,134,0,0,134,0
2024-03-13,P0032,25,0,0,25,0
2024-03-13,P0033,3,0,0,3,0
2024-03-13,P0034,92,0,0,92,0
2024-03-13,P0035,0,0,0,0,0
2024-03-13,P0036,18,0,0,18,0
2024-03-13,P0037,9,0,10,0,1
2024-03-13,P0038,32,0,3,29,0
2024-03-13,P0039,0,0,2,0,0
2024-03-13,P0040,49,0,0,49,0
2024-03-13,P0041,97,0,0,97,0
2024-03-13,P0042,89,0,0,89,0
2024-03-13,P0043,107,13,0,120,0
2024-03-13,P0044,0,0,21,0,0
2024-03-13,P0045,75,0,0,75,0
2024-03-13,P0046,31,0,5,26,0
2024-03-13,P0047,73,0,4,69,0
2024-03-13,P0048,0,0,0,0,0
2024-03-13,P0049,36,0,0,36,0
2024-03-13,P0050,69,0,0,69,0
2024-03-13,P0051,100,0,0,100,0
2024-03-13,P0052,31,0,0,31,0
2024-03-13,P0053,29,0,2,27,0
2024-03-13,P0054,53,0,0,53,0
2024-03-13,P0055,99,0,0,99,0
2024-03-13,P0056,91,20,0,111,0
2024-03-13,P0057,99,0,0,99,0
2024-03-13,P0058,16,0,9,7,0
2024-03-13,P0059,0,0,8,0,0
2024-03-13,P0060,19,0,4,15,0
2024-03-13,P0061,12,0,0,12,0
2024-03-13,P0062,76,0,0,76,0
2024-03-13,P0063,0,0,13,0,0
2024-03-13,P0064,63,0,1,62,0
2024-03-13,P0065,0,0,13,0,0
2024-03-13,P0066,0,0,26,0,0
2024-03-13,P0067,0,0,2,0,1
2024-03-13,P0068,142,0,3,139,0
2024-03-13,P0069,65,0,0,65,0
2024-03-13,P0070,0,0,8,0,0
2024-03-13,P0071,58,0,1,57,0
2024-03-13,P0072,99,14,0,113,0
2024-03-13,P0073,24,0,6,18,0
2024-03-13,P0074,0,0,19,0,0
2024-03-13,P0075,3,0,1,2,0
2024-03-13,P0076,59,0,0,59,0
2024-03-13,P0077,140,0,0,140,0
2024-03-13,P0078,0,0,4,0,0
2024-03-13,P0079,74,0,18,56,0
2024-03-13,P0080,116,0,1,115,0
2024-03-14,P0001,57,0,5,52,0
2024-03-14,P0002,173,0,0,173,0
2024-03-14,P0003,92,0,6,86,0
2024-03-14,P0004,64,0,1,63,0
2024-03-14,P0005,108,0,3,105,0
2024-03-14,P0006,36,0,0,36,0
2024-03-14,P0007,119,11,0,130,0
2024-03-14,P0008,86,0,0,86,0
2024-03-14,P0009,0,0,1,0,0
2024-03-14,P0010,61,0,1,60,0
2024-03-14,P0011,0,0,0,0,0
2024-03-14,P0012,81,22,2,101,0
2024-03-14,P0013,64,0,0,64,0
2024-03-14,P0014,0,0,0,0,0
2024-03-14,P0015,44,0,14,30,0
2024-03-14,P0016,0,0,5,0,0
2024-03-14,P0017,0,0,0,0,0
2024-03-14,P0018,21,0,0,21,0
2024-03-14,P0019,108,0,0,108,0
2024-03-14,P0020,109,0,0,109,0
2024-03-14,P0021,19,41,5,55,0
2024-03-14,P0022,21,0,4,17,0
2024-03-14,P0023,81,0,0,81,0
2024-03-14,P0024,51,0,0,51,0
2024-03-14,P0025,133,0,0,133,0
2024-03-14,P0026,146,0,0,146,0
2024-03-14,P0027,69,0,0,69,0
2024-03-14,P0028,0,0,0,0,0
2024-03-14,P0029,0,0,1,0,0
2024-03-14,P0030,29,0,0,29,0
2024-03-14,P0031,134,17,0,151,0
2024-03-14,P0032,25,0,9,16,0
2024-03-14,P0033,3,0,0,3,0
2024-03-14,P0034,92,19,1,110,0
2024-03-14,P0035,0,0,2,0,0
2024-03-14,P0036,18,0,4,14,0
2024-03-14,P0037,0,0,8,0,0
2024-03-14,P0038,29,0,0,29,0
2024-03-14,P0039,0,18,4,14,0
2024-03-14,P0040,49,0,0,49,0
2024-03-14,P0041,97,0,0,97,0
2024-03-14,P0042,89,0,0,89,0
2024-03-14,P0043,120,0,5,115,0
2024-03-14,P0044,0,0,14,0,0
2024-03-14,P0045,75,0,0,75,0
2024-03-14,P0046,26,0,9,17,0
2024-03-14,P0047,69,0,5,64,0
2024-03-14,P0048,0,0,6,0,0
2024-03-14,P0049,36,0,0,36,0
2024-03-14,P0050,69,0,4,65,0
2024-03-14,P0051,100,0,0,100,0
2024-03-14,P0052,31,15,1,45,0
2024-03-14,P0053,27,0,1,26,0
2024-03-14,P0054,53,0,0,53,0
2024-03-14,P0055,99,0,0,99,0
2024-03-14,P0056,111,0,0,111,0
2024-03-14,P0057,99,15,0,114,0
2024-03-14,P0058,7,0,13,0,0
2024-03-14,P0059,0,0,5,0,0
2024-03-14,P0060,15,0,8,7,0
2024-03-14,P0061,12,0,0,12,0
2024-03-14,P0062,76,0,0,76,0
2024-03-14,P0063,0,0,7,0,1
2024-03-14,P0064,62,0,0,62,0
2024-03-14,P0065,0,0,19,0,0
2024-03-14,P0066,0,0,5,0,0
2024-03-14,P0067,0,0,4,0,0
2024-03-14,P0068,139,0,0,139,0
2024-03-14,P0069,65,0,0,65,0
2024-03-14,P0070,0,0,2,0,0
2024-03-14,P0071,57,19,0,76,0
2024-03-14,P0072,113,0,0,113,0
2024-03-14,P0073,18,0,0,18,0
2024-03-14,P0074,0,0,7,0,0
2024-03-14,P0075,2,0,8,0,0
2024-03-14,P0076,59,0,0,59,0
2024-03-14,P0077,140,0,0,140,0
2024-03-14,P0078,0,0,8,0,0
2024-03-14,P0079,56,0,37,19,0
2024-03-14,P0080,115,10,0,125,0
2024-03-15,P0001,52,0,19,33,0
2024-03-15,P0002,173,0,0,173,0
2024-03-15,P0003,86,0,6,80,0
2024-03-15,P0004,63,24,3,84,0
2024-03-15,P0005,105,0,0,105,0
2024-03-15,P0006,36,0,0,36,0
2024-03-15,P0007,130,0,3,127,0
2024-03-15,P0008,86,0,0,83,3
2024-03-15,P0009,0,0,0,0,0
2024-03-15,P0010,60,61,3,118,0
2024-03-15,P0011,0,0,3,0,2
2024-03-15,P0012,101,0,0,101,0
2024-03-15,P0013,64,0,3,61,0
2024-03-15,P0014,0,17,1,16,0
2024-03-15,P0015,30,40,5,65,0
2024-03-15,P0016,0,0,3,0,0
2024-03-15,P0017,0,0,1,0,0
2024-03-15,P0018,21,0,3,18,0
2024-03-15,P0019,108,15,0,123,0
2024-03-15,P0020,109,0,1,108,0
2024-03-15,P0021,55,0,8,47,0
2024-03-15,P0022,17,19,4,32,0
2024-03-15,P0023,81,0,3,78,0
2024-03-15,P0024,51,0,0,51,0
2024-03-15,P0025,133,16,1,148,0
2024-03-15,P0026,146,20,0,166,0
2024-03-15,P0027,69,0,0,69,0
2024-03-15,P0028,0,0,1,0,0
2024-03-15,P0029,0,0,0,0,0
2024-03-15,P0030,29,0,0,29,0
2024-03-15,P0031,151,0,0,151,0
2024-03-15,P0032,16,0,1,15,0
2024-03-15,P0033,3,0,0,3,0
2024-03-15,P0034,110,0,0,110,0
2024-03-15,P0035,0,0,1,0,0
2024-03-15,P0036,14,0,0,14,0
2024-03-15,P0037,0,0,6,0,0
2024-03-15,P0038,29,0,0,29,0
2024-03-15,P0039,14,0,0,14,0
2024-03-15,P0040,49,0,0,49,0
2024-03-15,P0041,97,0,0,97,0
2024-03-15,P0042,89,0,0,89,0
2024-03-15,P0043,115,0,0,115,0
2024-03-15,P0044,0,0,26,0,0
2024-03-15,P0045,75,0,3,72,0
2024-03-15,P0046,17,0,7,10,0
2024-03-15,P0047,64,0,2,62,0
2024-03-15,P0048,0,0,0,0,0
2024-03-15,P0049,36,0,9,27,0
2024-03-15,P0050,65,0,0,65,0
2024-03-15,P0051,100,0,0,100,0
2024-03-15,P0052,45,0,0,45,0
2024-03-15,P0053,26,0,6,20,0
2024-03-15,P0054,53,0,0,53,0
2024-03-15,P0055,99,0,0,99,0
2024-03-15,P0056,111,0,0,111,0
2024-03-15,P0057,114,0,0,114,0
2024-03-15,P0058,0,0,17,0,0
2024-03-15,P0059,0,0,4,0,0
2024-03-15,P0060,7,0,7,0,0
2024-03-15,P0061,12,0,0,12,0
2024-03-15,P0062,76,0,0,76,0
2024-03-15,P0063,0,0,3,0,0
2024-03-15,P0064,62,0,0,62,0
2024-03-15,P0065,0,0,7,0,3
2024-03-15,P0066,0,0,18,0,0
2024-03-15,P0067,0,0,4,0,0
2024-03-15,P0068,139,0,0,139,0
2024-03-15,P0069,65,18,0,83,0
2024-03-15,P0070,0,0,6,0,0
2024-03-15,P0071,76,0,3,73,0
2024-03-15,P0072,113,0,0,113,0
2024-03-15,P0073,18,0,1,17,0
2024-03-15,P0074,0,0,13,0,0
2024-03-15,P0075,0,0,6,0,0
2024-03-15,P0076,59,0,2,57,0
2024-03-15,P0077,140,0,0,140,0
2024-03-15,P0078,0,0,8,0,0
2024-03-15,P0079,19,0,35,0,0
2024-03-15,P0080,125,0,0,125,0
2024-03-16,P0001,33,0,6,27,0
2024-03-16,P0002,173,18,0,191,0
2024-03-16,P0003,80,0,11,69,0
2024-03-16,P0004,84,0,0,84,0
2024-03-16,P0005,105,0,2,103,0
2024-03-16,P0006,36,0,0,36,0
2024-03-16,P0007,127,0,0,127,0
2024-03-16,P0008,83,0,0,83,0
2024-03-16,P0009,0,0,5,0,0
2024-03-16,P0010,118,0,9,109,0
2024-03-16,P0011,0,0,8,0,0
2024-03-16,P0012,101,0,6,95,0
2024-03-16,P0013,61,0,0,61,0
2024-03-16,P0014,16,0,4,12,0
2024-03-16,P0015,65,0,14,51,0
2024-03-16,P0016,0,0,5,0,0
2024-03-16,P0017,0,0,3,0,0
2024-03-16,P0018,18,0,3,15,0
2024-03-16,P0019,123,0,0,123,0
2024-03-16,P0020,108,0,3,104,1
2024-03-16,P0021,47,0,10,37,0
2024-03-16,P0022,32,0,0,32,0
2024-03-16,P0023,78,0,0,78,0
2024-03-16,P0024,51,0,1,50,0
2024-03-16,P0025,148,0,0,148,0
2024-03-16,P0026,166,0,0,166,0
2024-03-16,P0027,69,0,0,69,0
2024-03-16,P0028,0,0,2,0,0
2024-03-16,P0029,0,0,1,0,0
2024-03-16,P0030,29,0,0,29,0
2024-03-16,P0031,151,0,0,148,3
2024-03-16,P0032,15,0,3,12,0
2024-03-16,P0033,3,0,4,0,0
2024-03-16,P0034,110,13,5,118,0
2024-03-16,P0035,0,0,0,0,0
2024-03-16,P0036,14,0,3,11,0
2024-03-16,P0037,0,0,15,0,0
2024-03-16,P0038,29,0,5,24,0
2024-03-16,P0039,14,0,0,14,0
2024-03-16,P0040,49,0,0,49,0
2024-03-16,P0041,97,0,5,92,0
2024-03-16,P0042,89,12,2,99,0
2024-03-16,P0043,115,0,0,115,0
2024-03-16,P0044,0,0,17,0,0
2024-03-16,P0045,72,0,2,70,0
2024-03-16,P0046,10,0,17,0,0
2024-03-16,P0047,62,0,8,54,0
2024-03-16,P0048,0,31,3,28,0
2024-03-16,P0049,27,0,0,27,0
2024-03-16,P0050,65,0,7,58,0
2024-03-16,P0051,100,0,0,100,0
2024-03-16,P0052,45,0,0,45,0
2024-03-16,P0053,20,0,1,19,0
2024-03-16,P0054,53,0,0,53,0
2024-03-16,P0055,99,0,0,99,0
2024-03-16,P0056,111,14,0,125,0
2024-03-16,P0057,114,16,2,128,0
2024-03-16,P0058,0,0,13,0,0
2024-03-16,P0059,0,0,16,0,0
2024-03-16,P0060,0,0,14,0,0
2024-03-16,P0061,12,0,0,12,0
2024-03-16,P0062,76,0,2,74,0
2024-03-16,P0063,0,0,6,0,0
2024-03-16,P0064,62,0,0,62,0
2024-03-16,P0065,0,0,12,0,0
2024-03-16,P0066,0,0,22,0,0
2024-03-16,P0067,0,0,5,0,0
2024-03-16,P0068,139,0,1,138,0
2024-03-16,P0069,83,0,1,82,0
2024-03-16,P0070,0,0,11,0,0
2024-03-16,P0071,73,0,0,73,0
2024-03-16,P0072,113,21,0,134,0
2024-03-16,P0073,17,0,1,16,0
2024-03-16,P0074,0,0,4,0,0
2024-03-16,P0075,0,0,7,0,0
2024-03-16,P0076,57,0,0,57,0
2024-03-16,P0077,140,0,0,140,0
2024-03-16,P0078,0,17,7,10,0
2024-03-16,P0079,0,0,63,0,0
2024-03-16,P0080,125,0,5,120,0
2024-03-17,P0001,27,28,10,45,0
2024-03-17,P0002,191,0,0,191,0
2024-03-17,P0003,69,0,6,63,0
2024-03-17,P0004,84,0,10,74,0
2024-03-17,P0005,103,0,3,100,0
2024-03-17,P0006,36,0,0,36,0
2024-03-17,P0007,127,0,2,125,0
2024-03-17,P0008,83,0,0,83,0
2024-03-17,P0009,0,0,12,0,0
2024-03-17,P0010,109,0,10,99,0
2024-03-17,P0011,0,0,3,0,0
2024-03-17,P0012,95,0,2,93,0
2024-03-17,P0013,61,0,2,59,0
2024-03-17,P0014,12,0,0,12,0
2024-03-17,P0015,51,0,10,41,0
2024-03-17,P0016,0,0,6,0,0
2024-03-17,P0017,0,0,9,0,0
2024-03-17,P0018,15,0,5,10,0
2024-03-17,P0019,123,0,0,123,0
2024-03-17,P0020,104,10,4,110,0
2024-03-17,P0021,37,0,12,25,0
2024-03-17,P0022,32,0,0,32,0
2024-03-17,P0023,78,0,0,78,0
2024-03-17,P0024,50,0,4,46,0
2024-03-17,P0025,148,0,2,146,0
2024-03-17,P0026,166,0,0,166,0
2024-03-17,P0027,69,0,0,69,0
2024-03-17,P0028,0,0,2,0,0
2024-03-17,P0029,0,0,9,0,0
2024-03-17,P0030,29,0,0,29,0
2024-03-17,P0031,148,0,0,148,0
2024-03-17,P0032,12,0,3,9,0
2024-03-17,P0033,0,0,0,0,3
2024-03-17,P0034,118,21,1,138,0
2024-03-17,P0035,0,0,2,0,0
2024-03-17,P0036,11,25,1,35,0
2024-03-17,P0037,0,0,1,0,0
2024-03-17,P0038,24,18,7,35,0
2024-03-17,P0039,14,21,3,32,0
2024-03-17,P0040,49,0,0,49,0
2024-03-17,P0041,92,0,0,92,0
2024-03-17,P0042,99,0,0,99,0
2024-03-17,P0043,115,0,0,115,0
2024-03-17,P0044,0,0,14,0,0
2024-03-17,P0045,70,0,0,70,0
2024-03-17,P0046,0,0,2,0,0
2024-03-17,P0047,54,0,5,49,0
2024-03-17,P0048,28,0,6,22,0
2024-03-17,P0049,27,0,0,27,0
2024-03-17,P0050,58,0,1,57,0
2024-03-17,P0051,100,0,1,99,0
2024-03-17,P0052,45,0,0,42,3
2024-03-17,P0053,19,0,1,18,0
2024-03-17,P0054,53,0,1,52,0
2024-03-17,P0055,99,0,0,99,0
2024-03-17,P0056,125,0,1,124,0
2024-03-17,P0057,128,0,0,128,0
2024-03-17,P0058,0,0,6,0,0
2024-03-17,P0059,0,0,20,0,0
2024-03-17,P0060,0,0,8,0,0
2024-03-17,P0061,12,0,0,12,0
2024-03-17,P0062,74,0,0,74,0
2024-03-17,P0063,0,39,7,32,0
2024-03-17,P0064,62,0,0,62,0
2024-03-17,P0065,0,0,18,0,0
2024-03-17,P0066,0,0,34,0,0
2024-03-17,P0067,0,0,1,0,0
2024-03-17,P0068,138,0,4,134,0
2024-03-17,P0069,82,18,0,100,0
2024-03-17,P0070,0,0,8,0,0
2024-03-17,P0071,73,0,0,73,0
2024-03-17,P0072,134,0,0,134,0
2024-03-17,P0073,16,0,1,15,0
2024-03-17,P0074,0,0,8,0,0
2024-03-17,P0075,0,0,0,0,0
2024-03-17,P0076,57,12,1,68,0
2024-03-17,P0077,140,15,0,155,0
2024-03-17,P0078,10,0,4,6,0
2024-03-17,P0079,0,0,24,0,0
2024-03-17,P0080,120,0,0,120,0
2024-03-18,P0001,45,0,2,43,0
2024-03-18,P0002,191,0,4,187,0
2024-03-18,P0003,63,0,1,62,0
2024-03-18,P0004,74,0,1,73,0
2024-03-18,P0005,100,0,0,100,0
2024-03-18,P0006,36,0,0,36,0
2024-03-18,P0007,125,0,0,125,0
2024-03-18,P0008,83,0,0,83,0
2024-03-18,P0009,0,0,7,0,2
2024-03-18,P0010,99,0,2,97,0
2024-03-18,P0011,0,14,0,14,0
2024-03-18,P0012,93,0,0,93,0
2024-03-18,P0013,59,0,3,56,0
2024-03-18,P0014,12,0,4,8,0
2024-03-18,P0015,41,0,9,32,0
2024-03-18,P0016,0,0,5,0,0
2024-03-18,P0017,0,0,9,0,0
2024-03-18,P0018,10,0,0,10,0
2024-03-18,P0019,123,0,0,123,0
2024-03-18,P0020,110,0,0,110,0
2024-03-18,P0021,25,0,3,22,0
2024-03-18,P0022,32,0,0,32,0
2024-03-18,P0023,78,0,0,78,0
2024-03-18,P0024,46,0,0,46,0
2024-03-18,P0025,146,0,2,144,0
2024-03-18,P0026,166,0,0,166,0
2024-03-18,P0027,69,0,0,69,0
2024-03-18,P0028,0,0,0,0,0
2024-03-18,P0029,0,0,2,0,0
2024-03-18,P0030,29,0,3,24,2
2024-03-18,P0031,148,0,0,148,0
2024-03-18,P0032,9,0,0,9,0
2024-03-18,P0033,0,0,2,0,0
2024-03-18,P0034,138,0,1,137,0
2024-03-18,P0035,0,0,5,0,0
2024-03-18,P0036,35,0,1,34,0
2024-03-18,P0037,0,0,2,0,0
2024-03-18,P0038,35,0,4,31,0
2024-03-18,P0039,32,0,0,32,0
2024-03-18,P0040,49,0,0,49,0
2024-03-18,P0041,92,0,3,89,0
2024-03-18,P0042,99,0,0,99,0
2024-03-18,P0043,115,0,2,113,0
2024-03-18,P0044,0,0,19,0,0
2024-03-18,P0045,70,0,1,69,0
2024-03-18,P0046,0,0,9,0,0
2024-03-18,P0047,49,0,0,49,0
2024-03-18,P0048,22,0,3,19,0
2024-03-18,P0049,27,0,0,27,0
2024-03-18,P0050,57,0,2,55,0
2024-03-18,P0051,99,0,4,95,0
2024-03-18,P0052,42,14,0,56,0
2024-03-18,P0053,18,0,6,12,0
2024-03-18,P0054,52,0,0,52,0
2024-03-18,P0055,99,0,0,99,0
2024-03-18,P0056,124,0,0,124,0
2024-03-18,P0057,128,0,0,128,0
2024-03-18,P0058,0,0,13,0,0
2024-03-18,P0059,0,0,12,0,0
2024-03-18,P0060,0,0,6,0,0
2024-03-18,P0061,12,0,4,8,0
2024-03-18,P0062,74,0,0,74,0
2024-03-18,P0063,32,0,7,25,0
2024-03-18,P0064,62,0,0,60,2
2024-03-18,P0065,0,0,15,0,0
2024-03-18,P0066,0,0,2,0,0
2024-03-18,P0067,0,0,2,0,0
2024-03-18,P0068,134,0,2,132,0
2024-03-18,P0069,100,0,4,96,0
2024-03-18,P0070,0,0,3,0,0
2024-03-18,P0071,73,0,0,73,0
2024-03-18,P0072,134,18,0,152,0
2024-03-18,P0073,15,16,0,31,0
2024-03-18,P0074,0,0,7,0,0
2024-03-18,P0075,0,24,3,21,0
2024-03-18,P0076,68,0,0,68,0
2024-03-18,P0077,155,0,0,155,0
2024-03-18,P0078,6,0,3,3,0
2024-03-18,P0079,0,0,13,0,0
2024-03-18,P0080,120,13,0,133,0
2024-03-19,P0001,43,0,4,39,0
2024-03-19,P0002,187,0,0,187,0
2024-03-19,P0003,62,0,7,55,0
2024-03-19,P0004,73,0,7,66,0
2024-03-19,P0005,100,0,0,100,0
2024-03-19,P0006,36,0,1,35,0
2024-03-19,P0007,125,0,2,123,0
2024-03-19,P0008,83,0,0,83,0
2024-03-19,P0009,0,0,8,0,0
2024-03-19,P0010,97,61,6,152,0
2024-03-19,P0011,14,0,0,14,0
2024-03-19,P0012,93,0,0,93,0
2024-03-19,P0013,56,0,0,56,0
2024-03-19,P0014,8,0,0,8,0
2024-03-19,P0015,32,0,6,26,0
2024-03-19,P0016,0,0,5,0,0
2024-03-19,P0017,0,0,0,0,0
2024-03-19,P0018,10,0,0,10,0
2024-03-19,P0019,123,0,0,123,0
2024-03-19,P0020,110,0,1,109,0
2024-03-19,P0021,22,0,5,16,1
2024-03-19,P0022,32,0,1,30,1
2024-03-19,P0023,78,0,0,75,3
2024-03-19,P0024,46,0,0,46,0
2024-03-19,P0025,144,0,1,143,0
2024-03-19,P0026,166,0,0,166,0
2024-03-19,P0027,69,0,0,69,0
2024-03-19,P0028,0,0,0,0,0
2024-03-19,P0029,0,0,3,0,0
2024-03-19,P0030,24,0,2,22,0
2024-03-19,P0031,148,0,0,148,0
2024-03-19,P0032,9,0,2,7,0
2024-03-19,P0033,0,0,2,0,0
2024-03-19,P0034,137,0,0,137,0
2024-03-19,P0035,0,0,3,0,0
2024-03-19,P0036,34,0,3,31,0
2024-03-19,P0037,0,0,1,0,0
2024-03-19,P0038,31,0,8,23,0
2024-03-19,P0039,32,0,1,31,0
2024-03-19,P0040,49,0,0,49,0
2024-03-19,P0041,89,18,0,107,0
2024-03-19,P0042,99,0,3,96,0
2024-03-19,P0043,113,0,0,113,0
2024-03-19,P0044,0,0,14,0,0
2024-03-19,P0045,69,0,0,69,0
2024-03-19,P0046,0,0,4,0,0
2024-03-19,P0047,49,0,2,47,0
2024-03-19,P0048,19,0,2,17,0
2024-03-19,P0049,27,0,3,24,0
2024-03-19,P0050,55,0,4,51,0
2024-03-19,P0051,95,0,0,95,0
2024-03-19,P0052,56,0,0,56,0
2024-03-19,P0053,12,0,3,9,0
2024-03-19,P0054,52,0,0,52,0
2024-03-19,P0055,99,0,0,99,0
2024-03-19,P0056,124,0,1,123,0
2024-03-19,P0057,128,0,4,124,0
2024-03-19,P0058,0,0,4,0,0
2024-03-19,P0059,0,0,8,0,0
2024-03-19,P0060,0,0,7,0,0
2024-03-19,P0061,8,0,0,8,0
2024-03-19,P0062,74,15,1,88,0
2024-03-19,P0063,25,0,7,18,0
2024-03-19,P0064,60,0,3,57,0
2024-03-19,P0065,0,0,12,0,0
2024-03-19,P0066,0,0,7,0,0
2024-03-19,P0067,0,0,8,0,0
2024-03-19,P0068,132,0,0,132,0
2024-03-19,P0069,96,0,2,94,0
2024-03-19,P0070,0,0,3,0,0
2024-03-19,P0071,73,0,0,73,0
2024-03-19,P0072,152,0,5,147,0
2024-03-19,P0073,31,17,2,46,0
2024-03-19,P0074,0,0,5,0,0
2024-03-19,P0075,21,0,0,21,0
2024-03-19,P0076,68,0,7,61,0
2024-03-19,P0077,155,0,0,155,0
2024-03-19,P0078,3,0,3,0,0
2024-03-19,P0079,0,0,22,0,0
2024-03-19,P0080,133,0,0,133,0
2024-03-20,P0001,39,39,8,70,0
2024-03-20,P0002,187,0,2,185,0
2024-03-20,P0003,55,0,2,53,0
2024-03-20,P0004,66,0,1,65,0
2024-03-20,P0005,100,0,1,99,0
2024-03-20,P0006,35,0,0,35,0
2024-03-20,P0007,123,0,0,123,0
2024-03-20,P0008,83,0,0,83,0
2024-03-20,P0009,0,40,8,32,0
2024-03-20,P0010,152,0,0,152,0
2024-03-20,P0011,14,0,2,12,0
2024-03-20,P0012,93,0,0,93,0
2024-03-20,P0013,56,0,0,56,0
2024-03-20,P0014,8,0,0,8,0
2024-03-20,P0015,26,0,14,12,0
2024-03-20,P0016,0,48,0,48,0
2024-03-20,P0017,0,0,3,0,0
2024-03-20,P0018,10,0,0,10,0
2024-03-20,P0019,123,0,2,121,0
2024-03-20,P0020,109,12,0,121,0
2024-03-20,P0021,16,0,1,15,0
2024-03-20,P0022,30,0,0,30,0
2024-03-20,P0023,75,0,0,75,0
2024-03-20,P0024,46,0,0,46,0
2024-03-20,P0025,143,18,0,161,0
2024-03-20,P0026,166,14,0,180,0
2024-03-20,P0027,69,0,0,69,0
2024-03-20,P0028,0,0,4,0,0
2024-03-20,P0029,0,0,3,0,0
2024-03-20,P0030,22,0,1,21,0
2024-03-20,P0031,148,0,0,148,0
2024-03-20,P0032,7,0,2,5,0
2024-03-20,P0033,0,0,0,0,0
2024-03-20,P0034,137,0,0,137,0
2024-03-20,P0035,0,0,5,0,0
2024-03-20,P0036,31,0,0,31,0
2024-03-20,P0037,0,0,5,0,0
2024-03-20,P0038,23,0,4,19,0
2024-03-20,P0039,31,15,0,46,0
2024-03-20,P0040,49,0,0,49,0
2024-03-20,P0041,107,0,0,107,0
2024-03-20,P0042,96,0,0,96,0
2024-03-20,P0043,113,0,0,113,0
2024-03-20,P0044,0,0,25,0,0
2024-03-20,P0045,69,0,0,66,3
2024-03-20,P0046,0,0,2,0,0
2024-03-20,P0047,47,0,0,47,0
2024-03-20,P0048,17,0,5,12,0
2024-03-20,P0049,24,0,5,19,0
2024-03-20,P0050,51,0,1,50,0
2024-03-20,P0051,95,16,0,111,0
2024-03-20,P0052,56,0,0,56,0
2024-03-20,P0053,9,0,0,9,0
2024-03-20,P0054,52,0,2,50,0
2024-03-20,P0055,99,0,0,99,0
2024-03-20,P0056,123,0,0,123,0
2024-03-20,P0057,124,0,0,124,0
2024-03-20,P0058,0,0,7,0,0
2024-03-20,P0059,0,0,11,0,0
2024-03-20,P0060,0,0,4,0,0
2024-03-20,P0061,8,0,0,8,0
2024-03-20,P0062,88,0,0,88,0
2024-03-20,P0063,18,0,14,4,0
2024-03-20,P0064,57,0,4,53,0
2024-03-20,P0065,0,0,17,0,0
2024-03-20,P0066,0,0,12,0,0
2024-03-20,P0067,0,0,6,0,0
2024-03-20,P0068,132,0,0,132,0
2024-03-20,P0069,94,0,0,94,0
2024-03-20,P0070,0,0,4,0,0
2024-03-20,P0071,73,0,0,73,0
2024-03-20,P0072,147,0,0,145,2
2024-03-20,P0073,46,0,0,46,0
2024-03-20,P0074,0,0,14,0,0
2024-03-20,P0075,21,0,4,17,0
2024-03-20,P0076,61,0,1,60,0
2024-03-20,P0077,155,15,0,170,0
2024-03-20,P0078,0,0,6,0,0
2024-03-20,P0079,0,0,29,0,0
2024-03-20,P0080,133,15,5,143,0
2024-03-21,P0001,70,0,6,64,0
2024-03-21,P0002,185,0,0,185,0
2024-03-21,P0003,53,0,9,44,0
2024-03-21,P0004,65,0,1,64,0
2024-03-21,P0005,99,0,0,99,0
2024-03-21,P0006,35,0,0,35,0
2024-03-21,P0007,123,0,0,123,0
2024-03-21,P0008,83,0,0,83,0
2024-03-21,P0009,32,41,10,63,0
2024-03-21,P0010,152,0,3,149,0
2024-03-21,P0011,12,0,3,9,0
2024-03-21,P0012,93,0,0,93,0
2024-03-21,P0013,56,0,0,56,0
2024-03-21,P0014,8,0,4,4,0
2024-03-21,P0015,12,0,5,7,0
2024-03-21,P0016,48,0,10,38,0
2024-03-21,P0017,0,0,0,0,0
2024-03-21,P0018,10,0,0,10,0
2024-03-21,P0019,121,0,1,120,0
2024-03-21,P0020,121,0,0,121,0
2024-03-21,P0021,15,0,7,8,0
2024-03-21,P0022,30,0,11,19,0
2024-03-21,P0023,75,0,0,75,0
2024-03-21,P0024,46,0,0,46,0
2024-03-21,P0025,161,0,0,161,0
2024-03-21,P0026,180,0,0,180,0
2024-03-21,P0027,69,0,0,69,0
2024-03-21,P0028,0,0,0,0,0
2024-03-21,P0029,0,0,1,0,0
2024-03-21,P0030,21,0,1,20,0
2024-03-21,P0031,148,0,0,145,3
2024-03-21,P0032,5,0,1,4,0
2024-03-21,P0033,0,0,1,0,0
2024-03-21,P0034,137,0,0,137,0
2024-03-21,P0035,0,0,0,0,0
2024-03-21,P0036,31,0,1,30,0
2024-03-21,P0037,0,0,12,0,0
2024-03-21,P0038,19,0,4,15,0
2024-03-21,P0039,46,0,2,44,0
2024-03-21,P0040,49,0,0,49,0
2024-03-21,P0041,107,0,0,107,0
2024-03-21,P0042,96,0,0,96,0
2024-03-21,P0043,113,18,0,131,0
2024-03-21,P0044,0,0,4,0,0
2024-03-21,P0045,66,0,0,66,0
2024-03-21,P0046,0,0,1,0,2
2024-03-21,P0047,47,0,0,47,0
2024-03-21,P0048,12,0,4,8,0
2024-03-21,P0049,19,0,0,19,0
2024-03-21,P0050,50,22,3,69,0
2024-03-21,P0051,111,0,5,106,0
2024-03-21,P0052,56,0,0,56,0
2024-03-21,P0053,9,0,0,9,0
2024-03-21,P0054,50,0,0,50,0
2024-03-21,P0055,99,0,0,99,0
2024-03-21,P0056,123,0,3,120,0
2024-03-21,P0057,124,0,0,124,0
2024-03-21,P0058,0,0,3,0,0
2024-03-21,P0059,0,0,8,0,0
2024-03-21,P0060,0,0,5,0,0
2024-03-21,P0061,8,0,3,5,0
2024-03-21,P0062,88,0,2,86,0
2024-03-21,P0063,4,34,2,36,0
2024-03-21,P0064,53,0,0,53,0
2024-03-21,P0065,0,115,18,97,0
2024-03-21,P0066,0,0,20,0,0
2024-03-21,P0067,0,0,4,0,0
2024-03-21,P0068,132,0,0,132,0
2024-03-21,P0069,94,0,0,94,0
2024-03-21,P0070,0,0,1,0,0
2024-03-21,P0071,73,19,0,92,0
2024-03-21,P0072,145,0,0,145,0
2024-03-21,P0073,46,0,1,45,0
2024-03-21,P0074,0,0,7,0,0
2024-03-21,P0075,17,0,0,17,0
2024-03-21,P0076,60,0,0,60,0
2024-03-21,P0077,170,0,0,170,0
2024-03-21,P0078,0,0,1,0,0
2024-03-21,P0079,0,0,54,0,0
2024-03-21,P0080,143,0,0,143,0
2024-03-22,P0001,64,0,3,61,0
2024-03-22,P0002,185,0,5,180,0
2024-03-22,P0003,44,0,1,43,0
2024-03-22,P0004,64,0,12,52,0
2024-03-22,P0005,99,0,8,91,0
2024-03-22,P0006,35,0,1,34,0
2024-03-22,P0007,123,0,3,120,0
2024-03-22,P0008,83,0,0,83,0
2024-03-22,P0009,63,0,4,59,0
2024-03-22,P0010,149,0,5,144,0
2024-03-22,P0011,9,0,0,9,0
2024-03-22,P0012,93,0,2,90,1
2024-03-22,P0013,56,0,0,56,0
2024-03-22,P0014,4,0,2,2,0
2024-03-22,P0015,7,0,12,0,0
2024-03-22,P0016,38,0,5,33,0
2024-03-22,P0017,0,0,8,0,0
2024-03-22,P0018,10,0,2,8,0
2024-03-22,P0019,120,0,0,120,0
2024-03-22,P0020,121,0,0,121,0
2024-03-22,P0021,8,0,8,0,0
2024-03-22,P0022,19,18,1,36,0
2024-03-22,P0023,75,0,0,75,0
2024-03-22,P0024,46,0,0,46,0
2024-03-22,P0025,161,0,8,153,0
2024-03-22,P0026,180,0,0,180,0
2024-03-22,P0027,69,0,0,69,0
2024-03-22,P0028,0,0,0,0,0
2024-03-22,P0029,0,0,1,0,0
2024-03-22,P0030,20,0,3,17,0
2024-03-22,P0031,145,0,2,143,0
2024-03-22,P0032,4,0,1,3,0
2024-03-22,P0033,0,0,0,0,0
2024-03-22,P0034,137,0,0,137,0
2024-03-22,P0035,0,19,5,14,0
2024-03-22,P0036,30,0,0,30,0
2024-03-22,P0037,0,0,6,0,0
2024-03-22,P0038,15,0,1,14,0
2024-03-22,P0039,44,0,5,39,0
2024-03-22,P0040,49,0,0,49,0
2024-03-22,P0041,107,0,0,107,0
2024-03-22,P0042,96,0,0,96,0
2024-03-22,P0043,131,0,0,131,0
2024-03-22,P0044,0,0,16,0,0
2024-03-22,P0045,66,0,0,66,0
2024-03-22,P0046,0,0,4,0,0
2024-03-22,P0047,47,0,0,47,0
2024-03-22,P0048,8,0,5,3,0
2024-03-22,P0049,19,0,0,17,2
2024-03-22,P0050,69,0,1,68,0
2024-03-22,P0051,106,0,0,106,0
2024-03-22,P0052,56,0,0,56,0
2024-03-22,P0053,9,33,2,40,0
2024-03-22,P0054,50,0,0,50,0
2024-03-22,P0055,99,0,0,99,0
2024-03-22,P0056,120,0,0,120,0
2024-03-22,P0057,124,0,1,123,0
2024-03-22,P0058,0,0,5,0,0
2024-03-22,P0059,0,0,13,0,0
2024-03-22,P0060,0,0,1,0,0
2024-03-22,P0061,5,0,5,0,0
2024-03-22,P0062,86,0,0,86,0
2024-03-22,P0063,36,0,13,23,0
2024-03-22,P0064,53,0,2,51,0
2024-03-22,P0065,97,0,10,87,0
2024-03-22,P0066,0,0,9,0,0
2024-03-22,P0067,0,0,5,0,0
2024-03-22,P0068,132,0,0,132,0
2024-03-22,P0069,94,0,3,91,0
2024-03-22,P0070,0,0,10,0,2
2024-03-22,P0071,92,0,0,92,0
2024-03-22,P0072,145,0,2,143,0
2024-03-22,P0073,45,0,0,45,0
2024-03-22,P0074,0,0,6,0,0
2024-03-22,P0075,17,0,0,17,0
2024-03-22,P0076,60,0,2,58,0
2024-03-22,P0077,170,0,0,170,0
2024-03-22,P0078,0,0,0,0,0
2024-03-22,P0079,0,0,33,0,0
2024-03-22,P0080,143,0,3,140,0
2024-03-23,P0001,61,0,11,47,3
2024-03-23,P0002,180,15,0,195,0
2024-03-23,P0003,43,0,9,34,0
2024-03-23,P0004,52,0,4,48,0
2024-03-23,P0005,91,17,0,108,0
2024-03-23,P0006,34,0,2,32,0
2024-03-23,P0007,120,0,0,120,0
2024-03-23,P0008,83,0,2,81,0
2024-03-23,P0009,59,0,2,57,0
2024-03-23,P0010,144,0,3,141,0
2024-03-23,P0011,9,0,8,1,0
2024-03-23,P0012,90,0,0,90,0
2024-03-23,P0013,56,0,0,56,0
2024-03-23,P0014,2,0,5,0,0
2024-03-23,P0015,0,0,7,0,0
2024-03-23,P0016,33,0,12,21,0
2024-03-23,P0017,0,33,4,29,0
2024-03-23,P0018,8,0,5,3,0
2024-03-23,P0019,120,0,1,119,0
2024-03-23,P0020,121,0,0,121,0
2024-03-23,P0021,0,0,5,0,0
2024-03-23,P0022,36,14,0,50,0
2024-03-23,P0023,75,0,0,75,0
2024-03-23,P0024,46,0,1,45,0
2024-03-23,P0025,153,0,3,150,0
2024-03-23,P0026,180,0,0,180,0
2024-03-23,P0027,69,0,1,68,0
2024-03-23,P0028,0,0,0,0,0
2024-03-23,P0029,0,0,5,0,0
2024-03-23,P0030,17,0,2,14,1
2024-03-23,P0031,143,18,0,161,0
2024-03-23,P0032,3,0,6,0,0
2024-03-23,P0033,0,0,0,0,0
2024-03-23,P0034,137,0,0,137,0
2024-03-23,P0035,14,27,4,37,0
2024-03-23,P0036,30,0,0,30,0
2024-03-23,P0037,0,0,6,0,0
2024-03-23,P0038,14,0,1,13,0
2024-03-23,P0039,39,0,1,38,0
2024-03-23,P0040,49,0,2,47,0
2024-03-23,P0041,107,0,0,107,0
2024-03-23,P0042,96,0,0,96,0
2024-03-23,P0043,131,0,1,130,0
2024-03-23,P0044,0,0,11,0,0
2024-03-23,P0045,66,0,4,62,0
2024-03-23,P0046,0,0,7,0,0
2024-03-23,P0047,47,0,0,47,0
2024-03-23,P0048,3,0,3,0,0
2024-03-23,P0049,17,0,0,17,0
2024-03-23,P0050,68,0,0,68,0
2024-03-23,P0051,106,0,0,106,0
2024-03-23,P0052,56,13,2,67,0
2024-03-23,P0053,40,0,4,36,0
2024-03-23,P0054,50,0,1,49,0
2024-03-23,P0055,99,0,0,99,0
2024-03-23,P0056,120,0,0,120,0
2024-03-23,P0057,123,0,3,120,0
2024-03-23,P0058,0,0,5,0,0
2024-03-23,P0059,0,0,13,0,0
2024-03-23,P0060,0,0,8,0,0
2024-03-23,P0061,0,0,10,0,0
2024-03-23,P0062,86,0,0,86,0
2024-03-23,P0063,23,0,12,11,0
2024-03-23,P0064,51,0,0,51,0
2024-03-23,P0065,87,0,24,63,0
2024-03-23,P0066,0,0,11,0,0
2024-03-23,P0067,0,0,2,0,0
2024-03-23,P0068,132,0,0,132,0
2024-03-23,P0069,91,0,2,89,0
2024-03-23,P0070,0,0,6,0,0
2024-03-23,P0071,92,0,1,91,0
2024-03-23,P0072,143,0,0,143,0
2024-03-23,P0073,45,0,3,42,0
2024-03-23,P0074,0,0,0,0,0
2024-03-23,P0075,17,22,2,37,0
2024-03-23,P0076,58,0,3,55,0
2024-03-23,P0077,170,0,0,170,0
2024-03-23,P0078,0,0,0,0,0
2024-03-23,P0079,0,0,22,0,0
2024-03-23,P0080,140,0,2,138,0
2024-03-24,P0001,47,0,7,40,0
2024-03-24,P0002,195,0,0,195,0
2024-03-24,P0003,34,0,1,33,0
2024-03-24,P0004,48,34,8,74,0
2024-03-24,P0005,108,0,0,108,0
2024-03-24,P0006,32,0,1,31,0
2024-03-24,P0007,120,14,0,134,0
2024-03-24,P0008,81,0,0,81,0
2024-03-24,P0009,57,0,8,49,0
2024-03-24,P0010,141,0,1,140,0
2024-03-24,P0011,1,0,4,0,0
2024-03-24,P0012,90,0,0,90,0
2024-03-24,P0013,56,0,5,51,0
2024-03-24,P0014,0,0,2,0,0
2024-03-24,P0015,0,0,12,0,0
2024-03-24,P0016,21,0,14,7,0
2024-03-24,P0017,29,0,2,27,0
2024-03-24,P0018,3,0,5,0,0
2024-03-24,P0019,119,17,1,135,0
2024-03-24,P0020,121,0,0,121,0
2024-03-24,P0021,0,35,1,34,0
2024-03-24,P0022,50,0,1,49,0
2024-03-24,P0023,75,0,0,75,0
2024-03-24,P0024,45,0,0,45,0
2024-03-24,P0025,150,0,5,145,0
2024-03-24,P0026,180,0,1,179,0
2024-03-24,P0027,68,0,0,68,0
2024-03-24,P0028,0,0,4,0,0
2024-03-24,P0029,0,0,1,0,0
2024-03-24,P0030,14,0,6,8,0
2024-03-24,P0031,161,0,1,159,1
2024-03-24,P0032,0,0,3,0,0
2024-03-24,P0033,0,16,5,11,0
2024-03-24,P0034,137,0,0,137,0
2024-03-24,P0035,37,0,4,33,0
2024-03-24,P0036,30,0,0,30,0
2024-03-24,P0037,0,0,5,0,0
2024-03-24,P0038,13,0,1,12,0
2024-03-24,P0039,38,0,0,38,0
2024-03-24,P0040,47,0,0,47,0
2024-03-24,P0041,107,22,2,127,0
2024-03-24,P0042,96,0,2,94,0
2024-03-24,P0043,130,0,0,130,0
2024-03-24,P0044,0,0,23,0,0
2024-03-24,P0045,62,0,0,62,0
2024-03-24,P0046,0,0,10,0,0
2024-03-24,P0047,47,0,4,43,0
2024-03-24,P0048,0,0,8,0,0
2024-03-24,P0049,17,0,5,12,0
2024-03-24,P0050,68,0,0,68,0
2024-03-24,P0051,106,0,5,101,0
2024-03-24,P0052,67,0,0,67,0
2024-03-24,P0053,36,0,11,25,0
2024-03-24,P0054,49,0,0,49,0
2024-03-24,P0055,99,0,0,99,0
2024-03-24,P0056,120,0,0,120,0
2024-03-24,P0057,120,0,0,120,0
2024-03-24,P0058,0,0,20,0,0
2024-03-24,P0059,0,0,20,0,0
2024-03-24,P0060,0,0,8,0,0
2024-03-24,P0061,0,0,0,0,0
2024-03-24,P0062,86,0,0,86,0
2024-03-24,P0063,11,0,5,6,0
2024-03-24,P0064,51,0,0,51,0
2024-03-24,P0065,63,0,15,48,0
2024-03-24,P0066,0,103,13,90,0
2024-03-24,P0067,0,0,21,0,0
2024-03-24,P0068,132,0,2,130,0
2024-03-24,P0069,89,0,0,89,0
2024-03-24,P0070,0,0,0,0,0
2024-03-24,P0071,91,0,0,91,0
2024-03-24,P0072,143,0,2,141,0
2024-03-24,P0073,42,0,7,35,0
2024-03-24,P0074,0,0,9,0,0
2024-03-24,P0075,37,0,3,34,0
2024-03-24,P0076,55,0,3,52,0
2024-03-24,P0077,170,21,0,191,0
2024-03-24,P0078,0,0,5,0,0
2024-03-24,P0079,0,0,55,0,0
2024-03-24,P0080,138,0,0,138,0
2024-03-25,P0001,40,50,4,86,0
2024-03-25,P0002,195,0,0,195,0
2024-03-25,P0003,33,0,3,30,0
2024-03-25,P0004,74,0,3,71,0
2024-03-25,P0005,108,0,8,100,0
2024-03-25,P0006,31,18,0,49,0
2024-03-25,P0007,134,0,0,134,0
2024-03-25,P0008,81,22,0,103,0
2024-03-25,P0009,49,0,10,39,0
2024-03-25,P0010,140,0,2,138,0
2024-03-25,P0011,0,0,1,0,0
2024-03-25,P0012,90,16,0,106,0
2024-03-25,P0013,51,0,4,47,0
2024-03-25,P0014,0,0,1,0,0
2024-03-25,P0015,0,0,2,0,0
2024-03-25,P0016,7,0,4,3,0
2024-03-25,P0017,27,0,2,25,0
2024-03-25,P0018,0,0,0,0,0
2024-03-25,P0019,135,0,0,135,0
2024-03-25,P0020,121,0,0,121,0
2024-03-25,P0021,34,0,1,33,0
2024-03-25,P0022,49,0,3,46,0
2024-03-25,P0023,75,0,0,75,0
2024-03-25,P0024,45,0,0,45,0
2024-03-25,P0025,145,0,0,145,0
2024-03-25,P0026,179,21,0,200,0
2024-03-25,P0027,68,18,0,86,0
2024-03-25,P0028,0,0,1,0,0
2024-03-25,P0029,0,0,4,0,0
2024-03-25,P0030,8,0,4,4,0
2024-03-25,P0031,159,0,0,158,1
2024-03-25,P0032,0,18,6,12,0
2024-03-25,P0033,11,0,0,11,0
2024-03-25,P0034,137,0,0,137,0
2024-03-25,P0035,33,0,0,33,0
2024-03-25,P0036,30,0,1,29,0
2024-03-25,P0037,0,0,7,0,0
2024-03-25,P0038,12,0,2,10,0
2024-03-25,P0039,38,0,4,34,0
2024-03-25,P0040,47,0,0,47,0
2024-03-25,P0041,127,0,0,127,0
2024-03-25,P0042,94,0,0,94,0
2024-03-25,P0043,130,0,0,130,0
2024-03-25,P0044,0,0,20,0,0
2024-03-25,P0045,62,0,3,59,0
2024-03-25,P0046,0,0,4,0,0
2024-03-25,P0047,43,0,0,43,0
2024-03-25,P0048,0,0,8,0,0
2024-03-25,P0049,12,0,2,10,0
2024-03-25,P0050,68,0,0,68,0
2024-03-25,P0051,101,0,4,97,0
2024-03-25,P0052,67,0,0,67,0
2024-03-25,P0053,25,0,4,21,0
2024-03-25,P0054,49,0,1,48,0
2024-03-25,P0055,99,0,1,98,0
2024-03-25,P0056,120,0,0,120,0
2024-03-25,P0057,120,0,0,120,0
2024-03-25,P0058,0,0,8,0,0
2024-03-25,P0059,0,0,8,0,0
2024-03-25,P0060,0,0,8,0,0
2024-03-25,P0061,0,0,0,0,0
2024-03-25,P0062,86,0,0,86,0
2024-03-25,P0063,6,0,5,1,0
2024-03-25,P0064,51,0,5,46,0
2024-03-25,P0065,48,0,17,31,0
2024-03-25,P0066,90,0,14,76,0
2024-03-25,P0067,0,0,6,0,0
2024-03-25,P0068,130,13,2,141,0
2024-03-25,P0069,89,0,0,89,0
2024-03-25,P0070,0,0,3,0,0
2024-03-25,P0071,91,0,0,91,0
2024-03-25,P0072,141,0,3,138,0
2024-03-25,P0073,35,0,0,35,0
2024-03-25,P0074,0,0,14,0,0
2024-03-25,P0075,34,0,6,28,0
2024-03-25,P0076,52,0,0,52,0
2024-03-25,P0077,191,0,0,191,0
2024-03-25,P0078,0,0,4,0,0
2024-03-25,P0079,0,0,17,0,0
2024-03-25,P0080,138,0,0,138,0
2024-03-26,P0001,86,0,6,80,0
2024-03-26,P0002,195,0,0,195,0
2024-03-26,P0003,30,0,9,21,0
2024-03-26,P0004,71,0,6,65,0
2024-03-26,P0005,100,0,2,98,0
2024-03-26,P0006,49,0,2,47,0
2024-03-26,P0007,134,0,0,134,0
2024-03-26,P0008,103,0,0,103,0
2024-03-26,P0009,39,51,6,84,0
2024-03-26,P0010,138,35,0,173,0
2024-03-26,P0011,0,0,3,0,0
2024-03-26,P0012,106,0,0,106,0
2024-03-26,P0013,47,0,0,47,0
2024-03-26,P0014,0,20,2,18,0
2024-03-26,P0015,0,0,17,0,0
2024-03-26,P0016,3,0,3,0,3
2024-03-26,P0017,25,30,0,55,0
2024-03-26,P0018,0,0,0,0,0
2024-03-26,P0019,135,0,2,133,0
2024-03-26,P0020,121,0,0,121,0
2024-03-26,P0021,33,0,4,29,0
2024-03-26,P0022,46,0,2,44,0
2024-03-26,P0023,75,22,0,97,0
2024-03-26,P0024,45,0,0,45,0
2024-03-26,P0025,145,0,0,145,0
2024-03-26,P0026,200,0,0,200,0
2024-03-26,P0027,86,0,0,86,0
2024-03-26,P0028,0,0,0,0,0
2024-03-26,P0029,0,0,4,0,0
2024-03-26,P0030,4,0,0,4,0
2024-03-26,P0031,158,0,0,158,0
2024-03-26,P0032,12,0,7,5,0
2024-03-26,P0033,11,0,1,10,0
2024-03-26,P0034,137,0,0,137,0
2024-03-26,P0035,33,0,4,29,0
2024-03-26,P0036,29,0,0,29,0
2024-03-26,P0037,0,0,8,0,0
2024-03-26,P0038,10,0,3,7,0
2024-03-26,P0039,34,0,2,32,0
2024-03-26,P0040,47,0,0,47,0
2024-03-26,P0041,127,14,0,141,0
2024-03-26,P0042,94,0,1,93,0
2024-03-26,P0043,130,0,0,130,0
2024-03-26,P0044,0,0,16,0,0
2024-03-26,P0045,59,12,2,69,0
2024-03-26,P0046,0,0,5,0,0
2024-03-26,P0047,43,0,7,36,0
2024-03-26,P0048,0,0,6,0,0
2024-03-26,P0049,10,0,2,8,0
2024-03-26,P0050,68,0,0,68,0
2024-03-26,P0051,97,0,2,95,0
2024-03-26,P0052,67,0,0,67,0
2024-03-26,P0053,21,0,2,19,0
2024-03-26,P0054,48,19,1,66,0
2024-03-26,P0055,98,0,0,98,0
2024-03-26,P0056,120,14,3,131,0
2024-03-26,P0057,120,0,0,120,0
2024-03-26,P0058,0,0,10,0,0
2024-03-26,P0059,0,0,11,0,0
2024-03-26,P0060,0,0,6,0,2
2024-03-26,P0061,0,0,4,0,0
2024-03-26,P0062,86,0,0,86,0
2024-03-26,P0063,1,0,6,0,0
2024-03-26,P0064,46,0,0,46,0
2024-03-26,P0065,31,0,18,13,0
2024-03-26,P0066,76,57,16,117,0
2024-03-26,P0067,0,0,0,0,0
2024-03-26,P0068,141,0,0,141,0
2024-03-26,P0069,89,0,3,86,0
2024-03-26,P0070,0,0,3,0,0
2024-03-26,P0071,91,0,0,91,0
2024-03-26,P0072,138,0,0,138,0
2024-03-26,P0073,35,0,2,33,0
2024-03-26,P0074,0,0,13,0,0
2024-03-26,P0075,28,0,8,20,0
2024-03-26,P0076,52,0,0,52,0
2024-03-26,P0077,191,0,0,191,0
2024-03-26,P0078,0,0,2,0,0
2024-03-26,P0079,0,0,16,0,0
2024-03-26,P0080,138,0,0,138,0
2024-03-27,P0001,80,0,4,76,0
2024-03-27,P0002,195,0,0,195,0
2024-03-27,P0003,21,0,2,19,0
2024-03-27,P0004,65,0,5,60,0
2024-03-27,P0005,98,0,2,96,0
2024-03-27,P0006,47,0,2,45,0
2024-03-27,P0007,134,0,1,133,0
2024-03-27,P0008,103,0,0,103,0
2024-03-27,P0009,84,0,5,79,0
2024-03-27,P0010,173,0,0,171,2
2024-03-27,P0011,0,18,0,18,0
2024-03-27,P0012,106,12,0,118,0
2024-03-27,P0013,47,0,0,47,0
2024-03-27,P0014,18,0,1,17,0
2024-03-27,P0015,0,0,9,0,0
2024-03-27,P0016,0,0,3,0,0
2024-03-27,P0017,55,0,8,47,0
2024-03-27,P0018,0,0,0,0,0
2024-03-27,P0019,133,0,3,130,0
2024-03-27,P0020,121,0,3,118,0
2024-03-27,P0021,29,0,6,23,0
2024-03-27,P0022,44,0,1,43,0
2024-03-27,P0023,97,0,0,97,0
2024-03-27,P0024,45,0,0,45,0
2024-03-27,P0025,145,0,2,143,0
2024-03-27,P0026,200,0,1,198,1
2024-03-27,P0027,86,0,0,86,0
2024-03-27,P0028,0,0,1,0,0
2024-03-27,P0029,0,0,0,0,0
2024-03-27,P0030,4,0,0,4,0
2024-03-27,P0031,158,0,0,158,0
2024-03-27,P0032,5,0,1,4,0
2024-03-27,P0033,10,0,0,10,0
2024-03-27,P0034,137,0,4,133,0
2024-03-27,P0035,29,0,3,26,0
2024-03-27,P0036,29,0,3,26,0
2024-03-27,P0037,0,0,4,0,0
2024-03-27,P0038,7,0,0,5,2
2024-03-27,P0039,32,0,2,30,0
2024-03-27,P0040,47,0,0,47,0
2024-03-27,P0041,141,0,7,134,0
2024-03-27,P0042,93,0,0,93,0
2024-03-27,P0043,130,13,1,142,0
2024-03-27,P0044,0,0,21,0,3
2024-03-27,P0045,69,0,1,68,0
2024-03-27,P0046,0,0,12,0,0
2024-03-27,P0047,36,0,0,36,0
2024-03-27,P0048,0,0,6,0,0
2024-03-27,P0049,8,0,0,8,0
2024-03-27,P0050,68,0,0,68,0
2024-03-27,P0051,95,0,4,91,0
2024-03-27,P0052,67,19,4,82,0
2024-03-27,P0053,19,0,0,19,0
2024-03-27,P0054,66,0,3,63,0
2024-03-27,P0055,98,0,0,98,0
2024-03-27,P0056,131,0,3,128,0
2024-03-27,P0057,120,0,0,120,0
2024-03-27,P0058,0,0,8,0,0
2024-03-27,P0059,0,0,3,0,0
2024-03-27,P0060,0,0,7,0,0
2024-03-27,P0061,0,0,0,0,0
2024-03-27,P0062,86,0,0,86,0
2024-03-27,P0063,0,0,11,0,0
2024-03-27,P0064,46,0,0,46,0
2024-03-27,P0065,13,0,19,0,0
2024-03-27,P0066,117,82,7,192,0
2024-03-27,P0067,0,0,1,0,0
2024-03-27,P0068,141,0,0,141,0
2024-03-27,P0069,86,0,0,86,0
2024-03-27,P0070,0,0,3,0,0
2024-03-27,P0071,91,0,0,91,0
2024-03-27,P0072,138,0,0,138,0
2024-03-27,P0073,33,0,0,33,0
2024-03-27,P0074,0,0,6,0,0
2024-03-27,P0075,20,0,0,20,0
2024-03-27,P0076,52,0,0,52,0
2024-03-27,P0077,191,0,0,191,0
2024-03-27,P0078,0,0,0,0,0
2024-03-27,P0079,0,0,37,0,0
2024-03-27,P0080,138,0,0,138,0
2024-03-28,P0001,76,0,2,74,0
2024-03-28,P0002,195,0,0,195,0
2024-03-28,P0003,19,0,1,18,0
2024-03-28,P0004,60,0,8,52,0
2024-03-28,P0005,96,0,6,90,0
2024-03-28,P0006,45,19,4,60,0
2024-03-28,P0007,133,14,0,147,0
2024-03-28,P0008,103,18,0,121,0
2024-03-28,P0009,79,0,5,74,0
2024-03-28,P0010,171,0,4,167,0
2024-03-28,P0011,18,0,0,18,0
2024-03-28,P0012,118,0,0,118,0
2024-03-28,P0013,47,0,2,45,0
2024-03-28,P0014,17,0,0,17,0
2024-03-28,P0015,0,0,4,0,0
2024-03-28,P0016,0,0,1,0,0
2024-03-28,P0017,47,0,3,44,0
2024-03-28,P0018,0,0,0,0,0
2024-03-28,P0019,130,0,0,130,0
2024-03-28,P0020,118,0,0,118,0
2024-03-28,P0021,23,0,6,17,0
2024-03-28,P0022,43,0,1,42,0
2024-03-28,P0023,97,0,0,97,0
2024-03-28,P0024,45,22,0,67,0
2024-03-28,P0025,143,0,0,143,0
2024-03-28,P0026,198,0,0,198,0
2024-03-28,P0027,86,0,0,86,0
2024-03-28,P0028,0,0,4,0,0
2024-03-28,P0029,0,0,2,0,0
2024-03-28,P0030,4,0,0,4,0
2024-03-28,P0031,158,0,0,158,0
2024-03-28,P0032,4,0,1,3,0
2024-03-28,P0033,10,0,0,10,0
2024-03-28,P0034,133,0,0,133,0
2024-03-28,P0035,26,0,0,26,0
2024-03-28,P0036,26,0,3,23,0
2024-03-28,P0037,0,0,0,0,0
2024-03-28,P0038,5,0,0,5,0
2024-03-28,P0039,30,0,1,29,0
2024-03-28,P0040,47,0,0,47,0
2024-03-28,P0041,134,0,0,134,0
2024-03-28,P0042,93,0,0,93,0
2024-03-28,P0043,142,0,4,138,0
2024-03-28,P0044,0,0,10,0,0
2024-03-28,P0045,68,0,1,67,0
2024-03-28,P0046,0,0,2,0,0
2024-03-28,P0047,36,0,1,35,0
2024-03-28,P0048,0,0,6,0,0
2024-03-28,P0049,8,0,0,8,0
2024-03-28,P0050,68,0,0,68,0
2024-03-28,P0051,91,0,0,91,0
2024-03-28,P0052,82,0,0,82,0
2024-03-28,P0053,19,0,6,13,0
2024-03-28,P0054,63,0,0,63,0
2024-03-28,P0055,98,21,0,119,0
2024-03-28,P0056,128,18,8,138,0
2024-03-28,P0057,120,0,3,117,0
2024-03-28,P0058,0,0,3,0,0
2024-03-28,P0059,0,0,0,0,0
2024-03-28,P0060,0,43,5,38,0
2024-03-28,P0061,0,0,0,0,0
2024-03-28,P0062,86,0,0,86,0
2024-03-28,P0063,0,0,4,0,0
2024-03-28,P0064,46,0,0,46,0
2024-03-28,P0065,0,0,3,0,0
2024-03-28,P0066,192,0,24,168,0
2024-03-28,P0067,0,0,3,0,2
2024-03-28,P0068,141,21,0,162,0
2024-03-28,P0069,86,0,3,83,0
2024-03-28,P0070,0,0,0,0,0
2024-03-28,P0071,91,0,0,91,0
2024-03-28,P0072,138,20,0,158,0
2024-03-28,P0073,33,0,0,33,0
2024-03-28,P0074,0,0,12,0,0
2024-03-28,P0075,20,0,10,10,0
2024-03-28,P0076,52,0,5,47,0
2024-03-28,P0077,191,0,0,191,0
2024-03-28,P0078,0,0,1,0,0
2024-03-28,P0079,0,0,20,0,0
2024-03-28,P0080,138,0,1,137,0
2024-03-29,P0001,74,0,13,61,0
2024-03-29,P0002,195,15,0,210,0
2024-03-29,P0003,18,0,4,14,0
2024-03-29,P0004,52,0,4,48,0
2024-03-29,P0005,90,0,2,88,0
2024-03-29,P0006,60,0,4,56,0
2024-03-29,P0007,147,0,0,147,0
2024-03-29,P0008,121,0,0,121,0
2024-03-29,P0009,74,43,4,113,0
2024-03-29,P0010,167,0,17,147,3
2024-03-29,P0011,18,17,1,34,0
2024-03-29,P0012,118,0,0,118,0
2024-03-29,P0013,45,0,1,43,1
2024-03-29,P0014,17,0,1,16,0
2024-03-29,P0015,0,0,9,0,0
2024-03-29,P0016,0,0,0,0,0
2024-03-29,P0017,44,0,0,44,0
2024-03-29,P0018,0,0,4,0,0
2024-03-29,P0019,130,0,0,130,0
2024-03-29,P0020,118,0,0,118,0
2024-03-29,P0021,17,0,4,13,0
2024-03-29,P0022,42,0,1,41,0
2024-03-29,P0023,97,0,0,97,0
2024-03-29,P0024,67,0,0,67,0
2024-03-29,P0025,143,0,5,138,0
2024-03-29,P0026,198,0,0,198,0
2024-03-29,P0027,86,0,0,86,0
2024-03-29,P0028,0,0,0,0,0
2024-03-29,P0029,0,0,0,0,0
2024-03-29,P0030,4,24,0,28,0
2024-03-29,P0031,158,0,1,157,0
2024-03-29,P0032,3,14,0,17,0
2024-03-29,P0033,10,0,0,10,0
2024-03-29,P0034,133,0,4,129,0
2024-03-29,P0035,26,0,12,14,0
2024-03-29,P0036,23,0,7,16,0
2024-03-29,P0037,0,0,2,0,0
2024-03-29,P0038,5,0,7,0,0
2024-03-29,P0039,29,15,0,44,0
2024-03-29,P0040,47,0,0,47,0
2024-03-29,P0041,134,0,0,134,0
2024-03-29,P0042,93,0,0,93,0
2024-03-29,P0043,138,0,0,138,0
2024-03-29,P0044,0,0,16,0,0
2024-03-29,P0045,67,0,4,63,0
2024-03-29,P0046,0,38,3,35,0
2024-03-29,P0047,35,0,1,34,0
2024-03-29,P0048,0,0,3,0,0
2024-03-29,P0049,8,0,0,8,0
2024-03-29,P0050,68,0,0,68,0
2024-03-29,P0051,91,0,0,91,0
2024-03-29,P0052,82,0,2,80,0
2024-03-29,P0053,13,0,10,3,0
2024-03-29,P0054,63,0,0,63,0
2024-03-29,P0055,119,0,0,119,0
2024-03-29,P0056,138,0,0,138,0
2024-03-29,P0057,117,0,0,117,0
2024-03-29,P0058,0,0,8,0,0
2024-03-29,P0059,0,0,7,0,0
2024-03-29,P0060,38,0,13,25,0
2024-03-29,P0061,0,0,6,0,0
2024-03-29,P0062,86,0,0,86,0
2024-03-29,P0063,0,0,5,0,0
2024-03-29,P0064,46,15,1,60,0
2024-03-29,P0065,0,0,10,0,0
2024-03-29,P0066,168,0,12,156,0
2024-03-29,P0067,0,0,7,0,0
2024-03-29,P0068,162,0,0,162,0
2024-03-29,P0069,83,0,0,83,0
2024-03-29,P0070,0,0,3,0,0
2024-03-29,P0071,91,0,2,89,0
2024-03-29,P0072,158,0,0,158,0
2024-03-29,P0073,33,0,2,31,0
2024-03-29,P0074,0,0,5,0,0
2024-03-29,P0075,10,0,0,10,0
2024-03-29,P0076,47,0,0,47,0
2024-03-29,P0077,191,0,0,191,0
2024-03-29,P0078,0,0,0,0,0
2024-03-29,P0079,0,0,21,0,0
2024-03-29,P0080,137,0,0,137,0
2024-03-30,P0001,61,37,6,92,0
2024-03-30,P0002,210,0,0,210,0
2024-03-30,P0003,14,0,6,8,0
2024-03-30,P0004,48,0,2,46,0
2024-03-30,P0005,88,0,0,88,0
2024-03-30,P0006,56,17,4,66,3
2024-03-30,P0007,147,0,0,147,0
2024-03-30,P0008,121,0,0,121,0
2024-03-30,P0009,113,0,8,105,0
2024-03-30,P0010,147,0,10,137,0
2024-03-30,P0011,34,24,0,58,0
2024-03-30,P0012,118,0,1,117,0
2024-03-30,P0013,43,0,7,36,0
2024-03-30,P0014,16,0,0,16,0
2024-03-30,P0015,0,0,11,0,0
2024-03-30,P0016,0,0,2,0,0
2024-03-30,P0017,44,0,9,35,0
2024-03-30,P0018,0,0,0,0,0
2024-03-30,P0019,130,0,0,130,0
2024-03-30,P0020,118,0,0,118,0
2024-03-30,P0021,13,48,11,50,0
2024-03-30,P0022,41,0,1,40,0
2024-03-30,P0023,97,0,0,97,0
2024-03-30,P0024,67,0,0,67,0
2024-03-30,P0025,138,0,2,136,0
2024-03-30,P0026,198,0,0,198,0
2024-03-30,P0027,86,0,0,86,0
2024-03-30,P0028,0,0,0,0,0
2024-03-30,P0029,0,0,5,0,0
2024-03-30,P0030,28,0,3,25,0
2024-03-30,P0031,157,0,3,154,0
2024-03-30,P0032,17,0,2,15,0
2024-03-30,P0033,10,0,0,10,0
2024-03-30,P0034,129,0,3,126,0
2024-03-30,P0035,14,0,1,13,0
2024-03-30,P0036,16,0,3,13,0
2024-03-30,P0037,0,0,11,0,0
2024-03-30,P0038,0,0,3,0,0
2024-03-30,P0039,44,0,5,39,0
2024-03-30,P0040,47,0,0,44,3
2024-03-30,P0041,134,0,0,134,0
2024-03-30,P0042,93,0,2,91,0
2024-03-30,P0043,138,0,5,133,0
2024-03-30,P0044,0,0,28,0,0
2024-03-30,P0045,63,0,0,63,0
2024-03-30,P0046,35,0,1,34,0
2024-03-30,P0047,34,0,1,32,1
2024-03-30,P0048,0,0,1,0,0
2024-03-30,P0049,8,0,1,7,0
2024-03-30,P0050,68,0,0,68,0
2024-03-30,P0051,91,0,2,89,0
2024-03-30,P0052,80,0,0,80,0
2024-03-30,P0053,3,0,6,0,0
2024-03-30,P0054,63,0,0,63,0
2024-03-30,P0055,119,0,0,117,2
2024-03-30,P0056,138,0,0,138,0
2024-03-30,P0057,117,0,0,117,0
2024-03-30,P0058,0,0,22,0,0
2024-03-30,P0059,0,0,21,0,0
2024-03-30,P0060,25,0,3,22,0
2024-03-30,P0061,0,0,0,0,0
2024-03-30,P0062,86,0,0,86,0
2024-03-30,P0063,0,0,11,0,0
2024-03-30,P0064,60,0,1,59,0
2024-03-30,P0065,0,0,18,0,0
2024-03-30,P0066,156,0,20,136,0
2024-03-30,P0067,0,0,9,0,0
2024-03-30,P0068,162,0,0,162,0
2024-03-30,P0069,83,0,0,83,0
2024-03-30,P0070,0,0,2,0,0
2024-03-30,P0071,89,0,1,88,0
2024-03-30,P0072,158,0,1,157,0
2024-03-30,P0073,31,0,1,30,0
2024-03-30,P0074,0,0,7,0,0
2024-03-30,P0075,10,0,5,5,0
2024-03-30,P0076,47,0,3,44,0
2024-03-30,P0077,191,0,3,188,0
2024-03-30,P0078,0,0,2,0,0
2024-03-30,P0079,0,0,47,0,0
2024-03-30,P0080,137,0,4,133,0
2024-03-31,P0001,92,35,10,117,0
2024-03-31,P0002,210,0,0,210,0
2024-03-31,P0003,8,0,1,7,0
2024-03-31,P0004,46,0,5,41,0
2024-03-31,P0005,88,0,6,82,0
2024-03-31,P0006,66,0,5,61,0
2024-03-31,P0007,147,0,1,145,1
2024-03-31,P0008,121,0,2,119,0
2024-03-31,P0009,105,0,9,96,0
2024-03-31,P0010,137,0,0,137,0
2024-03-31,P0011,58,0,0,58,0
2024-03-31,P0012,117,0,12,105,0
2024-03-31,P0013,36,0,0,36,0
2024-03-31,P0014,16,0,3,13,0
2024-03-31,P0015,0,0,2,0,0
2024-03-31,P0016,0,0,4,0,0
2024-03-31,P0017,35,0,0,35,0
2024-03-31,P0018,0,19,2,17,0
2024-03-31,P0019,130,0,0,130,0
2024-03-31,P0020,118,0,0,118,0
2024-03-31,P0021,50,32,5,77,0
2024-03-31,P0022,40,0,2,38,0
2024-03-31,P0023,97,0,0,97,0
2024-03-31,P0024,67,13,0,80,0
2024-03-31,P0025,136,0,1,135,0
2024-03-31,P0026,198,0,3,195,0
2024-03-31,P0027,86,16,2,100,0
2024-03-31,P0028,0,0,4,0,0
2024-03-31,P0029,0,0,1,0,0
2024-03-31,P0030,25,0,4,21,0
2024-03-31,P0031,154,0,0,154,0
2024-03-31,P0032,15,0,0,15,0
2024-03-31,P0033,10,0,1,9,0
2024-03-31,P0034,126,0,0,126,0
2024-03-31,P0035,13,0,4,9,0
2024-03-31,P0036,13,0,0,13,0
2024-03-31,P0037,0,0,4,0,0
2024-03-31,P0038,0,0,0,0,0
2024-03-31,P0039,39,0,3,36,0
2024-03-31,P0040,44,0,0,44,0
2024-03-31,P0041,134,0,5,129,0
2024-03-31,P0042,91,0,0,91,0
2024-03-31,P0043,133,0,0,133,0
2024-03-31,P0044,0,0,29,0,0
2024-03-31,P0045,63,22,0,85,0
2024-03-31,P0046,34,0,5,29,0
2024-03-31,P0047,32,0,1,31,0
2024-03-31,P0048,0,0,5,0,0
2024-03-31,P0049,7,0,1,6,0
2024-03-31,P0050,68,0,5,63,0
2024-03-31,P0051,89,0,5,84,0
2024-03-31,P0052,80,0,0,80,0
2024-03-31,P0053,0,0,0,0,0
2024-03-31,P0054,63,0,0,63,0
2024-03-31,P0055,117,0,0,117,0
2024-03-31,P0056,138,0,6,132,0
2024-03-31,P0057,117,0,0,117,0
2024-03-31,P0058,0,0,18,0,0
2024-03-31,P0059,0,0,11,0,0
2024-03-31,P0060,22,0,5,17,0
2024-03-31,P0061,0,0,0,0,0
2024-03-31,P0062,86,0,0,86,0
2024-03-31,P0063,0,0,5,0,0
2024-03-31,P0064,59,0,0,59,0
2024-03-31,P0065,0,0,6,0,0
2024-03-31,P0066,136,0,9,127,0
2024-03-31,P0067,0,0,2,0,0
2024-03-31,P0068,162,0,1,161,0
2024-03-31,P0069,83,0,3,80,0
2024-03-31,P0070,0,46,6,40,0
2024-03-31,P0071,88,0,0,88,0
2024-03-31,P0072,157,0,0,157,0
2024-03-31,P0073,30,0,5,25,0
2024-03-31,P0074,0,0,5,0,0
2024-03-31,P0075,5,23,1,27,0
2024-03-31,P0076,44,0,6,38,0
2024-03-31,P0077,188,0,0,188,0
2024-03-31,P0078,0,0,1,0,0
2024-03-31,P0079,0,0,33,0,0
2024-03-31,P0080,133,0,0,132,1
2024-04-01,P0001,117,0,9,108,0
2024-04-01,P0002,210,0,0,210,0
2024-04-01,P0003,7,0,0,7,0
2024-04-01,P0004,41,0,4,37,0
2024-04-01,P0005,82,0,0,82,0
2024-04-01,P0006,61,0,0,61,0
2024-04-01,P0007,145,0,0,145,0
2024-04-01,P0008,119,0,0,117,2
2024-04-01,P0009,96,0,10,86,0
2024-04-01,P0010,137,39,6,170,0
2024-04-01,P0011,58,0,0,58,0
2024-04-01,P0012,105,0,0,105,0
2024-04-01,P0013,36,0,0,36,0
2024-04-01,P0014,13,0,5,8,0
2024-04-01,P0015,0,0,7,0,0
2024-04-01,P0016,0,52,4,48,0
2024-04-01,P0017,35,0,5,30,0
2024-04-01,P0018,17,0,5,12,0
2024-04-01,P0019,130,0,0,130,0
2024-04-01,P0020,118,0,0,118,0
2024-04-01,P0021,77,0,9,68,0
2024-04-01,P0022,38,0,2,36,0
2024-04-01,P0023,97,0,0,97,0
2024-04-01,P0024,80,0,0,80,0
2024-04-01,P0025,135,0,1,134,0
2024-04-01,P0026,195,0,0,195,0
2024-04-01,P0027,100,18,0,118,0
2024-04-01,P0028,0,0,7,0,0
2024-04-01,P0029,0,0,2,0,0
2024-04-01,P0030,21,0,0,21,0
2024-04-01,P0031,154,0,0,154,0
2024-04-01,P0032,15,0,8,7,0
2024-04-01,P0033,9,0,0,9,0
2024-04-01,P0034,126,0,0,126,0
2024-04-01,P0035,9,0,6,3,0
2024-04-01,P0036,13,0,4,9,0
2024-04-01,P0037,0,0,0,0,0
2024-04-01,P0038,0,0,3,0,0
2024-04-01,P0039,36,22,0,58,0
2024-04-01,P0040,44,0,0,44,0
2024-04-01,P0041,129,0,0,129,0
2024-04-01,P0042,91,0,1,90,0
2024-04-01,P0043,133,0,0,133,0
2024-04-01,P0044,0,0,10,0,0
2024-04-01,P0045,85,0,1,84,0
2024-04-01,P0046,29,0,12,17,0
2024-04-01,P0047,31,0,0,31,0
2024-04-01,P0048,0,0,7,0,0
2024-04-01,P0049,6,0,6,0,0
2024-04-01,P0050,63,0,1,62,0
2024-04-01,P0051,84,0,0,84,0
2024-04-01,P0052,80,0,0,80,0
2024-04-01,P0053,0,0,1,0,0
2024-04-01,P0054,63,0,0,63,0
2024-04-01,P0055,117,0,0,117,0
2024-04-01,P0056,132,0,7,125,0
2024-04-01,P0057,117,0,0,117,0
2024-04-01,P0058,0,0,6,0,0
2024-04-01,P0059,0,81,1,80,0
2024-04-01,P0060,17,0,7,10,0
2024-04-01,P0061,0,18,0,18,0
2024-04-01,P0062,86,0,0,86,0
2024-04-01,P0063,0,0,10,0,0
2024-04-01,P0064,59,0,2,57,0
2024-04-01,P0065,0,0,13,0,0
2024-04-01,P0066,127,0,7,120,0
2024-04-01,P0067,0,0,0,0,0
2024-04-01,P0068,161,0,0,161,0
2024-04-01,P0069,80,0,0,80,0
2024-04-01,P0070,40,0,3,37,0
2024-04-01,P0071,88,0,2,86,0
2024-04-01,P0072,157,0,0,157,0
2024-04-01,P0073,25,0,2,23,0
2024-04-01,P0074,0,0,9,0,0
2024-04-01,P0075,27,0,4,23,0
2024-04-01,P0076,38,0,3,35,0
2024-04-01,P0077,188,0,0,188,0
2024-04-01,P0078,0,0,2,0,0
2024-04-01,P0079,0,0,33,0,0
2024-04-01,P0080,132,0,0,132,0
2024-04-02,P0001,108,0,8,100,0
2024-04-02,P0002,210,0,7,203,0
2024-04-02,P0003,7,0,3,4,0
2024-04-02,P0004,37,0,2,35,0
2024-04-02,P0005,82,0,5,77,0
2024-04-02,P0006,61,22,0,83,0
2024-04-02,P0007,145,15,5,155,0
2024-04-02,P0008,117,0,0,117,0
2024-04-02,P0009,86,0,0,86,0
2024-04-02,P0010,170,0,5,165,0
2024-04-02,P0011,58,0,0,58,0
2024-04-02,P0012,105,0,0,105,0
2024-04-02,P0013,36,0,0,36,0
2024-04-02,P0014,8,0,0,8,0
2024-04-02,P0015,0,0,4,0,0
2024-04-02,P0016,48,0,4,44,0
2024-04-02,P0017,30,0,4,26,0
2024-04-02,P0018,12,0,0,12,0
2024-04-02,P0019,130,0,0,130,0
2024-04-02,P0020,118,0,0,118,0
2024-04-02,P0021,68,0,5,63,0
2024-04-02,P0022,36,0,1,35,0
2024-04-02,P0023,97,0,0,97,0
2024-04-02,P0024,80,0,1,79,0
2024-04-02,P0025,134,13,5,142,0
2024-04-02,P0026,195,0,0,195,0
2024-04-02,P0027,118,0,0,118,0
2024-04-02,P0028,0,0,2,0,0
2024-04-02,P0029,0,22,0,22,0
2024-04-02,P0030,21,0,4,17,0
2024-04-02,P0031,154,0,1,153,0
2024-04-02,P0032,7,0,5,2,0
2024-04-02,P0033,9,0,0,9,0
2024-04-02,P0034,126,0,0,126,0
2024-04-02,P0035,3,0,4,0,0
2024-04-02,P0036,9,0,4,5,0
2024-04-02,P0037,0,0,11,0,0
2024-04-02,P0038,0,0,0,0,0
2024-04-02,P0039,58,0,0,58,0
2024-04-02,P0040,44,0,0,44,0
2024-04-02,P0041,129,0,0,129,0
2024-04-02,P0042,90,0,0,90,0
2024-04-02,P0043,133,0,0,133,0
2024-04-02,P0044,0,91,18,73,0
2024-04-02,P0045,84,0,0,84,0
2024-04-02,P0046,17,0,15,2,0
2024-04-02,P0047,31,0,0,31,0
2024-04-02,P0048,0,0,6,0,0
2024-04-02,P0049,0,0,0,0,0
2024-04-02,P0050,62,0,0,62,0
2024-04-02,P0051,84,0,0,84,0
2024-04-02,P0052,80,0,3,77,0
2024-04-02,P0053,0,0,0,0,0
2024-04-02,P0054,63,0,0,63,0
2024-04-02,P0055,117,0,0,117,0
2024-04-02,P0056,125,0,1,124,0
2024-04-02,P0057,117,0,0,117,0
2024-04-02,P0058,0,0,2,0,0
2024-04-02,P0059,80,0,12,68,0
2024-04-02,P0060,10,0,12,0,0
2024-04-02,P0061,18,0,1,17,0
2024-04-02,P0062,86,0,0,86,0
2024-04-02,P0063,0,0,17,0,0
2024-04-02,P0064,57,0,0,57,0
2024-04-02,P0065,0,0,14,0,0
2024-04-02,P0066,120,0,21,99,0
2024-04-02,P0067,0,0,7,0,0
2024-04-02,P0068,161,0,4,157,0
2024-04-02,P0069,80,0,0,80,0
2024-04-02,P0070,37,0,12,25,0
2024-04-02,P0071,86,0,0,86,0
2024-04-02,P0072,157,0,0,157,0
2024-04-02,P0073,23,0,0,23,0
2024-04-02,P0074,0,0,14,0,0
2024-04-02,P0075,23,0,5,18,0
2024-04-02,P0076,35,0,0,32,3
2024-04-02,P0077,188,0,0,188,0
2024-04-02,P0078,0,0,2,0,0
2024-04-02,P0079,0,0,39,0,0
2024-04-02,P0080,132,0,0,132,0
2024-04-03,P0001,100,0,1,99,0
2024-04-03,P0002,203,0,0,203,0
2024-04-03,P0003,4,13,0,17,0
2024-04-03,P0004,35,0,3,32,0
2024-04-03,P0005,77,0,2,75,0
2024-04-03,P0006,83,0,0,83,0
2024-04-03,P0007,155,0,1,154,0
2024-04-03,P0008,117,0,0,117,0
2024-04-03,P0009,86,45,11,120,0
2024-04-03,P0010,165,0,2,163,0
2024-04-03,P0011,58,0,1,57,0
2024-04-03,P0012,105,0,1,104,0
2024-04-03,P0013,36,0,0,36,0
2024-04-03,P0014,8,0,6,2,0
2024-04-03,P0015,0,0,6,0,0
2024-04-03,P0016,44,0,9,35,0
2024-04-03,P0017,26,0,0,26,0
2024-04-03,P0018,12,0,0,12,0
2024-04-03,P0019,130,20,0,150,0
2024-04-03,P0020,118,0,0,118,0
2024-04-03,P0021,63,0,7,56,0
2024-04-03,P0022,35,0,0,35,0
2024-04-03,P0023,97,0,0,97,0
2024-04-03,P0024,79,0,0,79,0
2024-04-03,P0025,142,0,6,136,0
2024-04-03,P0026,195,0,2,193,0
2024-04-03,P0027,118,0,0,118,0
2024-04-03,P0028,0,0,1,0,0
2024-04-03,P0029,22,0,0,22,0
2024-04-03,P0030,17,0,1,16,0
2024-04-03,P0031,153,0,2,151,0
2024-04-03,P0032,2,0,8,0,0
2024-04-03,P0033,9,0,1,8,0
2024-04-03,P0034,126,0,3,123,0
2024-04-03,P0035,0,0,2,0,0
2024-04-03,P0036,5,0,4,1,0
2024-04-03,P0037,0,27,1,26,0
2024-04-03,P0038,0,0,2,0,0
2024-04-03,P0039,58,0,0,58,0
2024-04-03,P0040,44,0,0,44,0
2024-04-03,P0041,129,0,1,128,0
2024-04-03,P0042,90,0,0,90,0
2024-04-03,P0043,133,0,1,132,0
2024-04-03,P0044,73,137,20,190,0
2024-04-03,P0045,84,20,0,104,0
2024-04-03,P0046,2,0,6,0,0
2024-04-03,P0047,31,0,1,30,0
2024-04-03,P0048,0,0,1,0,1
2024-04-03,P0049,0,0,3,0,0
2024-04-03,P0050,62,0,1,61,0
2024-04-03,P0051,84,0,1,83,0
2024-04-03,P0052,77,0,0,75,2
2024-04-03,P0053,0,0,0,0,0
2024-04-03,P0054,63,0,0,63,0
2024-04-03,P0055,117,0,0,117,0
2024-04-03,P0056,124,0,0,124,0
2024-04-03,P0057,117,0,0,117,0
2024-04-03,P0058,0,0,15,0,0
2024-04-03,P0059,68,82,3,147,0
2024-04-03,P0060,0,0,14,0,0
2024-04-03,P0061,17,0,0,17,0
2024-04-03,P0062,86,19,0,105,0
2024-04-03,P0063,0,0,5,0,0
2024-04-03,P0064,57,0,2,55,0
2024-04-03,P0065,0,90,8,82,0
2024-04-03,P0066,99,0,12,87,0
2024-04-03,P0067,0,0,0,0,0
2024-04-03,P0068,157,18,0,175,0
2024-04-03,P0069,80,0,1,79,0
2024-04-03,P0070,25,0,4,21,0
2024-04-03,P0071,86,15,0,101,0
2024-04-03,P0072,157,0,0,157,0
2024-04-03,P0073,23,0,0,23,0
2024-04-03,P0074,0,0,8,0,0
2024-04-03,P0075,18,0,0,18,0
2024-04-03,P0076,32,0,0,32,0
2024-04-03,P0077,188,0,0,188,0
2024-04-03,P0078,0,0,0,0,0
2024-04-03,P0079,0,129,17,112,0
2024-04-03,P0080,132,0,3,129,0
2024-04-04,P0001,99,0,0,99,0
2024-04-04,P0002,203,0,0,203,0
2024-04-04,P0003,17,0,2,15,0
2024-04-04,P0004,32,20,0,52,0
2024-04-04,P0005,75,0,2,73,0
2024-04-04,P0006,83,0,4,79,0
2024-04-04,P0007,154,0,4,150,0
2024-04-04,P0008,117,0,0,117,0
2024-04-04,P0009,120,0,7,113,0
2024-04-04,P0010,163,0,0,163,0
2024-04-04,P0011,57,0,1,56,0
2024-04-04,P0012,104,0,1,103,0
2024-04-04,P0013,36,0,0,36,0
2024-04-04,P0014,2,0,1,1,0
2024-04-04,P0015,0,45,5,40,0
2024-04-04,P0016,35,52,6,81,0
2024-04-04,P0017,26,0,7,19,0
2024-04-04,P0018,12,14,4,22,0
2024-04-04,P0019,150,0,0,150,0
2024-04-04,P0020,118,0,0,118,0
2024-04-04,P0021,56,0,8,48,0
2024-04-04,P0022,35,0,1,34,0
2024-04-04,P0023,97,0,0,97,0
2024-04-04,P0024,79,0,0,79,0
2024-04-04,P0025,136,0,0,136,0
2024-04-04,P0026,193,17,1,209,0
2024-04-04,P0027,118,0,0,118,0
2024-04-04,P0028,0,0,2,0,0
2024-04-04,P0029,22,0,0,22,0
2024-04-04,P0030,16,0,0,16,0
2024-04-04,P0031,151,0,0,151,0
2024-04-04,P0032,0,0,0,0,0
2024-04-04,P0033,8,0,3,5,0
2024-04-04,P0034,123,0,1,122,0
2024-04-04,P0035,0,0,2,0,0
2024-04-04,P0036,1,0,0,1,0
2024-04-04,P0037,26,0,1,25,0
2024-04-04,P0038,0,0,0,0,0
2024-04-04,P0039,58,0,2,56,0
2024-04-04,P0040,44,0,0,44,0
2024-04-04,P0041,128,16,3,141,0
2024-04-04,P0042,90,0,2,88,0
2024-04-04,P0043,132,0,0,132,0
2024-04-04,P0044,190,0,5,185,0
2024-04-04,P0045,104,0,2,102,0
2024-04-04,P0046,0,0,3,0,0
2024-04-04,P0047,30,0,4,26,0
2024-04-04,P0048,0,0,5,0,0
2024-04-04,P0049,0,0,3,0,0
2024-04-04,P0050,61,0,0,61,0
2024-04-04,P0051,83,0,3,80,0
2024-04-04,P0052,75,0,0,75,0
2024-04-04,P0053,0,21,0,21,0
2024-04-04,P0054,63,0,2,61,0
2024-04-04,P0055,117,0,0,117,0
2024-04-04,P0056,124,0,3,121,0
2024-04-04,P0057,117,0,0,117,0
2024-04-04,P0058,0,0,4,0,0
2024-04-04,P0059,147,0,9,138,0
2024-04-04,P0060,0,0,7,0,0
2024-04-04,P0061,17,0,0,17,0
2024-04-04,P0062,105,0,0,105,0
2024-04-04,P0063,0,0,8,0,0
2024-04-04,P0064,55,0,0,55,0
2024-04-04,P0065,82,0,13,69,0
2024-04-04,P0066,87,0,11,76,0
2024-04-04,P0067,0,0,2,0,0
2024-04-04,P0068,175,0,0,175,0
2024-04-04,P0069,79,0,4,75,0
2024-04-04,P0070,21,0,5,16,0
2024-04-04,P0071,101,0,0,101,0
2024-04-04,P0072,157,0,0,157,0
2024-04-04,P0073,23,0,5,18,0
2024-04-04,P0074,0,0,5,0,0
2024-04-04,P0075,18,0,0,18,0
2024-04-04,P0076,32,20,7,45,0
2024-04-04,P0077,188,0,0,188,0
2024-04-04,P0078,0,0,0,0,0
2024-04-04,P0079,112,0,23,89,0
2024-04-04,P0080,129,0,0,129,0
2024-04-05,P0001,99,0,6,93,0
2024-04-05,P0002,203,21,0,224,0
2024-04-05,P0003,15,0,0,15,0
2024-04-05,P0004,52,0,1,51,0
2024-04-05,P0005,73,0,0,73,0
2024-04-05,P0006,79,0,2,77,0
2024-04-05,P0007,150,0,0,150,0
2024-04-05,P0008,117,0,0,117,0
2024-04-05,P0009,113,0,6,107,0
2024-04-05,P0010,163,0,12,151,0
2024-04-05,P0011,56,0,0,56,0
2024-04-05,P0012,103,0,0,103,0
2024-04-05,P0013,36,14,0,50,0
2024-04-05,P0014,1,0,0,1,0
2024-04-05,P0015,40,0,8,32,0
2024-04-05,P0016,81,0,4,77,0
2024-04-05,P0017,19,0,0,19,0
2024-04-05,P0018,22,0,0,22,0
2024-04-05,P0019,150,0,0,150,0
2024-04-05,P0020,118,0,0,118,0
2024-04-05,P0021,48,0,11,37,0
2024-04-05,P0022,34,0,3,31,0
2024-04-05,P0023,97,0,1,96,0
2024-04-05,P0024,79,0,0,79,0
2024-04-05,P0025,136,0,0,136,0
2024-04-05,P0026,209,0,0,209,0
2024-04-05,P0027,118,0,1,117,0
2024-04-05,P0028,0,0,7,0,0
2024-04-05,P0029,22,0,2,20,0
2024-04-05,P0030,16,0,3,13,0
2024-04-05,P0031,151,0,0,151,0
2024-04-05,P0032,0,0,5,0,0
2024-04-05,P0033,5,0,0,5,0
2024-04-05,P0034,122,0,0,122,0
2024-04-05,P0035,0,27,8,19,0
2024-04-05,P0036,1,0,5,0,0
2024-04-05,P0037,25,0,9,16,0
2024-04-05,P0038,0,0,0,0,0
2024-04-05,P0039,56,0,0,56,0
2024-04-05,P0040,44,0,2,42,0
2024-04-05,P0041,141,0,4,137,0
2024-04-05,P0042,88,0,6,82,0
2024-04-05,P0043,132,0,0,132,0
2024-04-05,P0044,185,0,23,162,0
2024-04-05,P0045,102,0,7,95,0
2024-04-05,P0046,0,0,14,0,0
2024-04-05,P0047,26,0,0,26,0
2024-04-05,P0048,0,33,8,25,0
2024-04-05,P0049,0,0,5,0,0
2024-04-05,P0050,61,0,5,56,0
2024-04-05,P0051,80,0,2,78,0
2024-04-05,P0052,75,0,0,75,0
2024-04-05,P0053,21,0,4,17,0
2024-04-05,P0054,61,0,0,61,0
2024-04-05,P0055,117,0,0,117,0
2024-04-05,P0056,121,0,0,121,0
2024-04-05,P0057,117,0,1,116,0
2024-04-05,P0058,0,60,11,49,0
2024-04-05,P0059,138,0,8,130,0
2024-04-05,P0060,0,0,3,0,0
2024-04-05,P0061,17,0,0,17,0
2024-04-05,P0062,105,0,0,105,0
2024-04-05,P0063,0,0,6,0,0
2024-04-05,P0064,55,0,3,52,0
2024-04-05,P0065,69,0,20,49,0
2024-04-05,P0066,76,0,26,50,0
2024-04-05,P0067,0,0,5,0,0
2024-04-05,P0068,175,0,3,172,0
2024-04-05,P0069,75,0,3,72,0
2024-04-05,P0070,16,0,10,6,0
2024-04-05,P0071,101,0,0,101,0
2024-04-05,P0072,157,0,0,157,0
2024-04-05,P0073,18,0,1,17,0
2024-04-05,P0074,0,0,18,0,0
2024-04-05,P0075,18,0,0,18,0
2024-04-05,P0076,45,0,0,45,0
2024-04-05,P0077,188,0,0,188,0
2024-04-05,P0078,0,0,6,0,0
2024-04-05,P0079,89,0,19,70,0
2024-04-05,P0080,129,0,1,128,0
2024-04-06,P0001,93,0,10,83,0
2024-04-06,P0002,224,0,4,220,0
2024-04-06,P0003,15,0,0,15,0
2024-04-06,P0004,51,0,5,46,0
2024-04-06,P0005,73,0,0,73,0
2024-04-06,P0006,77,0,0,77,0
2024-04-06,P0007,150,0,5,145,0
2024-04-06,P0008,117,16,0,130,3
2024-04-06,P0009,107,0,6,101,0
2024-04-06,P0010,151,0,1,150,0
2024-04-06,P0011,56,0,1,55,0
2024-04-06,P0012,103,0,0,103,0
2024-04-06,P0013,50,0,0,50,0
2024-04-06,P0014,1,0,1,0,0
2024-04-06,P0015,32,0,12,20,0
2024-04-06,P0016,77,0,9,68,0
2024-04-06,P0017,19,0,5,14,0
2024-04-06,P0018,22,0,4,18,0
2024-04-06,P0019,150,0,0,150,0
2024-04-06,P0020,118,0,1,117,0
2024-04-06,P0021,37,0,6,31,0
2024-04-06,P0022,31,15,3,43,0
2024-04-06,P0023,96,0,0,96,0
2024-04-06,P0024,79,0,0,79,0
2024-04-06,P0025,136,0,0,136,0
2024-04-06,P0026,209,0,0,209,0
2024-04-06,P0027,117,0,2,115,0
2024-04-06,P0028,0,0,5,0,0
2024-04-06,P0029,20,26,5,41,0
2024-04-06,P0030,13,0,0,13,0
2024-04-06,P0031,151,0,1,150,0
2024-04-06,P0032,0,0,3,0,0
2024-04-06,P0033,5,0,0,5,0
2024-04-06,P0034,122,0,1,121,0
2024-04-06,P0035,19,0,4,15,0
2024-04-06,P0036,0,0,0,0,0
2024-04-06,P0037,16,0,7,9,0
2024-04-06,P0038,0,0,5,0,0
2024-04-06,P0039,56,16,1,71,0
2024-04-06,P0040,42,0,3,39,0
2024-04-06,P0041,137,14,1,150,0
2024-04-06,P0042,82,0,0,82,0
2024-04-06,P0043,132,0,3,129,0
2024-04-06,P0044,162,0,18,144,0
2024-04-06,P0045,95,0,0,95,0
2024-04-06,P0046,0,0,14,0,0
2024-04-06,P0047,26,0,6,17,3
2024-04-06,P0048,25,0,5,20,0
2024-04-06,P0049,0,0,1,0,0
2024-04-06,P0050,56,23,0,79,0
2024-04-06,P0051,78,0,3,75,0
2024-04-06,P0052,75,0,4,71,0
2024-04-06,P0053,17,0,5,12,0
2024-04-06,P0054,61,0,0,61,0
2024-04-06,P0055,117,19,0,136,0
2024-04-06,P0056,121,0,5,116,0
2024-04-06,P0057,116,0,0,116,0
2024-04-06,P0058,49,0,8,41,0
2024-04-06,P0059,130,0,17,113,0
2024-04-06,P0060,0,0,16,0,0
2024-04-06,P0061,17,0,0,17,0
2024-04-06,P0062,105,0,0,105,0
2024-04-06,P0063,0,0,6,0,0
2024-04-06,P0064,52,0,0,52,0
2024-04-06,P0065,49,0,8,41,0
2024-04-06,P0066,50,0,10,40,0
2024-04-06,P0067,0,0,0,0,0
2024-04-06,P0068,172,0,0,172,0
2024-04-06,P0069,72,0,2,70,0
2024-04-06,P0070,6,0,6,0,0
2024-04-06,P0071,101,0,0,101,0
2024-04-06,P0072,157,0,1,156,0
2024-04-06,P0073,17,0,3,14,0
2024-04-06,P0074,0,0,10,0,0
2024-04-06,P0075,18,0,2,16,0
2024-04-06,P0076,45,0,0,45,0
2024-04-06,P0077,188,0,0,188,0
2024-04-06,P0078,0,0,0,0,0
2024-04-06,P0079,70,0,52,18,0
2024-04-06,P0080,128,0,2,126,0
2024-04-07,P0001,83,0,2,81,0
2024-04-07,P0002,220,0,0,220,0
2024-04-07,P0003,15,0,3,12,0
2024-04-07,P0004,46,0,2,44,0
2024-04-07,P0005,73,0,3,69,1
2024-04-07,P0006,77,0,4,73,0
2024-04-07,P0007,145,0,0,145,0
2024-04-07,P0008,130,0,0,130,0
2024-04-07,P0009,101,0,7,94,0
2024-04-07,P0010,150,0,10,140,0
2024-04-07,P0011,55,25,1,78,1
2024-04-07,P0012,103,0,1,102,0
2024-04-07,P0013,50,0,0,50,0
2024-04-07,P0014,0,18,1,17,0
2024-04-07,P0015,20,0,6,14,0
2024-04-07,P0016,68,36,11,93,0
2024-04-07,P0017,14,0,4,10,0
2024-04-07,P0018,18,0,10,8,0
2024-04-07,P0019,150,0,0,150,0
2024-04-07,P0020,117,0,0,117,0
2024-04-07,P0021,31,0,9,22,0
2024-04-07,P0022,43,0,4,39,0
2024-04-07,P0023,96,0,0,96,0
2024-04-07,P0024,79,0,0,79,0
2024-04-07,P0025,136,0,9,127,0
2024-04-07,P0026,209,0,0,209,0
2024-04-07,P0027,115,0,0,115,0
2024-04-07,P0028,0,0,5,0,0
2024-04-07,P0029,41,0,0,41,0
2024-04-07,P0030,13,15,5,23,0
2024-04-07,P0031,150,0,0,150,0
2024-04-07,P0032,0,0,1,0,0
2024-04-07,P0033,5,0,1,4,0
2024-04-07,P0034,121,0,1,120,0
2024-04-07,P0035,15,0,0,15,0
2024-04-07,P0036,0,0,2,0,0
2024-04-07,P0037,9,0,1,8,0
2024-04-07,P0038,0,0,2,0,0
2024-04-07,P0039,71,0,10,61,0
2024-04-07,P0040,39,13,0,52,0
2024-04-07,P0041,150,0,2,148,0
2024-04-07,P0042,82,0,2,80,0
2024-04-07,P0043,129,0,0,129,0
2024-04-07,P0044,144,0,35,109,0
2024-04-07,P0045,95,0,2,93,0
2024-04-07,P0046,0,0,5,0,0
2024-04-07,P0047,17,0,0,17,0
2024-04-07,P0048,20,0,0,20,0
2024-04-07,P0049,0,0,3,0,0
2024-04-07,P0050,79,24,0,103,0
2024-04-07,P0051,75,0,2,73,0
2024-04-07,P0052,71,0,0,71,0
2024-04-07,P0053,12,0,7,5,0
2024-04-07,P0054,61,0,0,61,0
2024-04-07,P0055,136,0,0,136,0
2024-04-07,P0056,116,0,5,111,0
2024-04-07,P0057,116,0,3,113,0
2024-04-07,P0058,41,0,20,21,0
2024-04-07,P0059,113,0,9,104,0
2024-04-07,P0060,0,0,28,0,0
2024-04-07,P0061,17,0,0,17,0
2024-04-07,P0062,105,0,0,105,0
2024-04-07,P0063,0,0,5,0,1
2024-04-07,P0064,52,0,3,49,0
2024-04-07,P0065,41,0,39,2,0
2024-04-07,P0066,40,0,20,20,0
2024-04-07,P0067,0,0,11,0,0
2024-04-07,P0068,172,20,0,192,0
2024-04-07,P0069,70,0,1,69,0
2024-04-07,P0070,0,0,16,0,0
2024-04-07,P0071,101,0,4,97,0
2024-04-07,P0072,156,0,0,155,1
2024-04-07,P0073,14,0,1,13,0
2024-04-07,P0074,0,0,10,0,0
2024-04-07,P0075,16,0,0,13,3
2024-04-07,P0076,45,0,1,44,0
2024-04-07,P0077,188,0,0,187,1
2024-04-07,P0078,0,0,5,0,0
2024-04-07,P0079,18,0,46,0,0
2024-04-07,P0080,126,0,0,123,3
2024-04-08,P0001,81,30,9,102,0
2024-04-08,P0002,220,0,0,220,0
2024-04-08,P0003,12,0,3,9,0
2024-04-08,P0004,44,0,1,43,0
2024-04-08,P0005,69,0,0,69,0
2024-04-08,P0006,73,0,0,73,0
2024-04-08,P0007,145,0,0,145,0
2024-04-08,P0008,130,0,0,130,0
2024-04-08,P0009,94,0,6,88,0
2024-04-08,P0010,140,0,9,131,0
2024-04-08,P0011,78,0,4,74,0
2024-04-08,P0012,102,0,0,102,0
2024-04-08,P0013,50,0,0,50,0
2024-04-08,P0014,17,0,0,17,0
2024-04-08,P0015,14,0,10,4,0
2024-04-08,P0016,93,0,2,91,0
2024-04-08,P0017,10,0,6,4,0
2024-04-08,P0018,8,0,0,8,0
2024-04-08,P0019,150,0,0,150,0
2024-04-08,P0020,117,0,0,117,0
2024-04-08,P0021,22,0,4,18,0
2024-04-08,P0022,39,22,0,61,0
2024-04-08,P0023,96,0,0,96,0
2024-04-08,P0024,79,0,2,77,0
2024-04-08,P0025,127,0,7,120,0
2024-04-08,P0026,209,0,0,209,0
2024-04-08,P0027,115,0,0,115,0
2024-04-08,P0028,0,0,3,0,0
2024-04-08,P0029,41,0,1,40,0
2024-04-08,P0030,23,0,4,19,0
2024-04-08,P0031,150,21,0,171,0
2024-04-08,P0032,0,0,0,0,0
2024-04-08,P0033,4,0,0,4,0
2024-04-08,P0034,120,0,0,120,0
2024-04-08,P0035,15,0,0,15,0
2024-04-08,P0036,0,0,0,0,0
2024-04-08,P0037,8,0,9,0,0
2024-04-08,P0038,0,0,5,0,0
2024-04-08,P0039,61,0,1,60,0
2024-04-08,P0040,52,0,0,52,0
2024-04-08,P0041,148,0,0,145,3
2024-04-08,P0042,80,0,0,77,3
2024-04-08,P0043,129,0,0,129,0
2024-04-08,P0044,109,0,4,105,0
2024-04-08,P0045,93,0,8,85,0
2024-04-08,P0046,0,0,7,0,0
2024-04-08,P0047,17,0,4,13,0
2024-04-08,P0048,20,0,8,12,0
2024-04-08,P0049,0,0,7,0,0
2024-04-08,P0050,103,0,1,102,0
2024-04-08,P0051,73,0,2,71,0
2024-04-08,P0052,71,20,0,91,0
2024-04-08,P0053,5,0,0,5,0
2024-04-08,P0054,61,0,0,61,0
2024-04-08,P0055,136,17,0,153,0
2024-04-08,P0056,111,0,0,111,0
2024-04-08,P0057,113,0,0,113,0
2024-04-08,P0058,21,69,10,80,0
2024-04-08,P0059,104,0,8,96,0
2024-04-08,P0060,0,0,4,0,0
2024-04-08,P0061,17,0,4,13,0
2024-04-08,P0062,105,0,0,105,0
2024-04-08,P0063,0,0,3,0,0
2024-04-08,P0064,49,0,4,45,0
2024-04-08,P0065,2,0,11,0,0
2024-04-08,P0066,20,0,11,9,0
2024-04-08,P0067,0,0,3,0,0
2024-04-08,P0068,192,0,0,192,0
2024-04-08,P0069,69,11,0,80,0
2024-04-08,P0070,0,0,6,0,0
2024-04-08,P0071,97,0,3,94,0
2024-04-08,P0072,155,0,0,155,0
2024-04-08,P0073,13,0,2,11,0
2024-04-08,P0074,0,0,1,0,0
2024-04-08,P0075,13,0,1,12,0
2024-04-08,P0076,44,0,4,40,0
2024-04-08,P0077,187,0,0,187,0
2024-04-08,P0078,0,0,4,0,0
2024-04-08,P0079,0,0,33,0,0
2024-04-08,P0080,123,0,0,123,0
2024-04-09,P0001,102,0,6,96,0
2024-04-09,P0002,220,0,1,219,0
2024-04-09,P0003,9,26,0,35,0
2024-04-09,P0004,43,0,0,43,0
2024-04-09,P0005,69,0,4,65,0
2024-04-09,P0006,73,0,0,73,0
2024-04-09,P0007,145,0,0,145,0
2024-04-09,P0008,130,0,0,130,0
2024-04-09,P0009,88,0,8,80,0
2024-04-09,P0010,131,44,2,173,0
2024-04-09,P0011,74,0,8,66,0
2024-04-09,P0012,102,0,0,102,0
2024-04-09,P0013,50,16,3,63,0
2024-04-09,P0014,17,0,2,15,0
2024-04-09,P0015,4,0,0,4,0
2024-04-09,P0016,91,0,1,90,0
2024-04-09,P0017,4,0,4,0,0
2024-04-09,P0018,8,0,6,2,0
2024-04-09,P0019,150,0,1,149,0
2024-04-09,P0020,117,0,0,117,0
2024-04-09,P0021,18,0,0,18,0
2024-04-09,P0022,61,0,0,61,0
2024-04-09,P0023,96,0,0,96,0
2024-04-09,P0024,77,0,0,77,0
2024-04-09,P0025,120,0,0,120,0
2024-04-09,P0026,209,0,0,209,0
2024-04-09,P0027,115,0,1,114,0
2024-04-09,P0028,0,0,5,0,0
2024-04-09,P0029,40,0,5,35,0
2024-04-09,P0030,19,0,1,18,0
2024-04-09,P0031,171,0,1,170,0
2024-04-09,P0032,0,0,1,0,0
2024-04-09,P0033,4,0,1,3,0
2024-04-09,P0034,120,0,0,120,0
2024-04-09,P0035,15,0,1,14,0
2024-04-09,P0036,0,0,0,0,0
2024-04-09,P0037,0,0,5,0,0
2024-04-09,P0038,0,0,4,0,2
2024-04-09,P0039,60,0,2,58,0
2024-04-09,P0040,52,0,0,52,0
2024-04-09,P0041,145,0,3,142,0
2024-04-09,P0042,77,0,5,72,0
2024-04-09,P0043,129,0,4,125,0
2024-04-09,P0044,105,0,10,95,0
2024-04-09,P0045,85,20,0,105,0
2024-04-09,P0046,0,0,4,0,0
2024-04-09,P0047,13,0,0,13,0
2024-04-09,P0048,12,0,11,1,0
2024-04-09,P0049,0,0,0,0,0
2024-04-09,P0050,102,13,2,113,0
2024-04-09,P0051,71,0,1,70,0
2024-04-09,P0052,91,0,1,90,0
2024-04-09,P0053,5,0,0,5,0
2024-04-09,P0054,61,15,0,76,0
2024-04-09,P0055,153,0,0,153,0
2024-04-09,P0056,111,0,2,109,0
2024-04-09,P0057,113,0,0,113,0
2024-04-09,P0058,80,0,13,67,0
2024-04-09,P0059,96,0,6,90,0
2024-04-09,P0060,0,0,5,0,0
2024-04-09,P0061,13,0,1,12,0
2024-04-09,P0062,105,0,2,103,0
2024-04-09,P0063,0,0,3,0,0
2024-04-09,P0064,45,14,0,59,0
2024-04-09,P0065,0,0,15,0,0
2024-04-09,P0066,9,0,11,0,0
2024-04-09,P0067,0,0,0,0,0
2024-04-09,P0068,192,0,1,191,0
2024-04-09,P0069,80,0,0,80,0
2024-04-09,P0070,0,0,12,0,0
2024-04-09,P0071,94,0,4,90,0
2024-04-09,P0072,155,0,0,155,0
2024-04-09,P0073,11,0,1,10,0
2024-04-09,P0074,0,0,8,0,0
2024-04-09,P0075,12,0,1,11,0
2024-04-09,P0076,40,0,1,39,0
2024-04-09,P0077,187,0,0,187,0
2024-04-09,P0078,0,0,0,0,0
2024-04-09,P0079,0,153,37,116,0
2024-04-09,P0080,123,0,0,123,0
2024-04-10,P0001,96,0,10,86,0
2024-04-10,P0002,219,19,0,238,0
2024-04-10,P0003,35,0,4,31,0
2024-04-10,P0004,43,0,10,33,0
2024-04-10,P0005,65,0,5,60,0
2024-04-10,P0006,73,0,5,68,0
2024-04-10,P0007,145,0,0,142,3
2024-04-10,P0008,130,20,1,149,0
2024-04-10,P0009,80,0,21,59,0
2024-04-10,P0010,173,0,4,169,0
2024-04-10,P0011,66,0,2,64,0
2024-04-10,P0012,102,0,0,102,0
2024-04-10,P0013,63,0,0,63,0
2024-04-10,P0014,15,15,8,22,0
2024-04-10,P0015,4,0,0,4,0
2024-04-10,P0016,90,0,13,77,0
2024-04-10,P0017,0,0,5,0,0
2024-04-10,P0018,2,0,3,0,0
2024-04-10,P0019,149,18,4,163,0
2024-04-10,P0020,117,0,0,117,0
2024-04-10,P0021,18,0,15,3,0
2024-04-10,P0022,61,0,5,56,0
2024-04-10,P0023,96,0,0,96,0
2024-04-10,P0024,77,0,4,73,0
2024-04-10,P0025,120,0,0,120,0
2024-04-10,P0026,209,0,0,209,0
2024-04-10,P0027,114,0,0,114,0
2024-04-10,P0028,0,0,0,0,0
2024-04-10,P0029,35,0,0,35,0
2024-04-10,P0030,18,0,0,18,0
2024-04-10,P0031,170,21,0,190,1
2024-04-10,P0032,0,0,5,0,0
2024-04-10,P0033,3,0,1,2,0
2024-04-10,P0034,120,0,0,120,0
2024-04-10,P0035,14,0,5,9,0
2024-04-10,P0036,0,0,4,0,2
2024-04-10,P0037,0,0,3,0,0
2024-04-10,P0038,0,0,0,0,0
2024-04-10,P0039,58,0,4,54,0
2024-04-10,P0040,52,0,0,51,1
2024-04-10,P0041,142,0,0,142,0
2024-04-10,P0042,72,0,0,72,0
2024-04-10,P0043,125,20,0,145,0
2024-04-10,P0044,95,0,10,85,0
2024-04-10,P0045,105,0,2,103,0
2024-04-10,P0046,0,0,2,0,0
2024-04-10,P0047,13,0,3,10,0
2024-04-10,P0048,1,0,5,0,0
2024-04-10,P0049,0,19,2,17,0
2024-04-10,P0050,113,0,3,110,0
2024-04-10,P0051,70,0,1,67,2
2024-04-10,P0052,90,18,0,108,0
2024-04-10,P0053,5,0,3,2,0
2024-04-10,P0054,76,0,0,76,0
2024-04-10,P0055,153,14,0,167,0
2024-04-10,P0056,109,0,1,108,0
2024-04-10,P0057,113,0,0,113,0
2024-04-10,P0058,67,0,9,58,0
2024-04-10,P0059,90,96,17,169,0
2024-04-10,P0060,0,0,18,0,0
2024-04-10,P0061,12,21,0,33,0
2024-04-10,P0062,103,12,0,115,0
2024-04-10,P0063,0,0,6,0,0
2024-04-10,P0064,59,0,0,59,0
2024-04-10,P0065,0,0,16,0,0
2024-04-10,P0066,0,0,13,0,0
2024-04-10,P0067,0,0,2,0,0
2024-04-10,P0068,191,0,1,190,0
2024-04-10,P0069,80,0,0,80,0
2024-04-10,P0070,0,0,4,0,0
2024-04-10,P0071,90,0,0,89,1
2024-04-10,P0072,155,0,0,155,0
2024-04-10,P0073,10,0,3,7,0
2024-04-10,P0074,0,0,9,0,0
2024-04-10,P0075,11,0,0,11,0
2024-04-10,P0076,39,0,0,39,0
2024-04-10,P0077,187,0,0,187,0
2024-04-10,P0078,0,0,0,0,0
2024-04-10,P0079,116,0,31,85,0
2024-04-10,P0080,123,0,0,123,0
2024-04-11,P0001,86,0,12,74,0
2024-04-11,P0002,238,0,1,234,3
2024-04-11,P0003,31,0,1,30,0
2024-04-11,P0004,33,0,3,30,0
2024-04-11,P0005,60,0,0,60,0
2024-04-11,P0006,68,0,0,68,0
2024-04-11,P0007,142,15,0,157,0
2024-04-11,P0008,149,0,0,149,0
2024-04-11,P0009,59,0,0,59,0
2024-04-11,P0010,169,0,8,161,0
2024-04-11,P0011,64,0,0,64,0
2024-04-11,P0012,102,0,0,102,0
2024-04-11,P0013,63,0,0,63,0
2024-04-11,P0014,22,16,6,32,0
2024-04-11,P0015,4,0,9,0,0
2024-04-11,P0016,77,0,17,60,0
2024-04-11,P0017,0,0,10,0,0
2024-04-11,P0018,0,0,0,0,0
2024-04-11,P0019,163,0,5,158,0
2024-04-11,P0020,117,0,0,117,0
2024-04-11,P0021,3,0,3,0,0
2024-04-11,P0022,56,0,1,55,0
2024-04-11,P0023,96,0,1,95,0
2024-04-11,P0024,73,0,1,72,0
2024-04-11,P0025,120,0,0,120,0
2024-04-11,P0026,209,0,0,209,0
2024-04-11,P0027,114,0,2,112,0
2024-04-11,P0028,0,0,0,0,0
2024-04-11,P0029,35,0,0,35,0
2024-04-11,P0030,18,0,2,16,0
2024-04-11,P0031,190,0,4,186,0
2024-04-11,P0032,0,0,0,0,0
2024-04-11,P0033,2,0,0,2,0
2024-04-11,P0034,120,0,0,120,0
2024-04-11,P0035,9,0,2,7,0
2024-04-11,P0036,0,0,0,0,0
2024-04-11,P0037,0,0,3,0,0
2024-04-11,P0038,0,0,3,0,0
2024-04-11,P0039,54,0,1,53,0
2024-04-11,P0040,51,0,0,51,0
2024-04-11,P0041,142,0,0,142,0
2024-04-11,P0042,72,0,0,72,0
2024-04-11,P0043,145,0,0,145,0
2024-04-11,P0044,85,0,28,57,0
2024-04-11,P0045,103,0,0,103,0
2024-04-11,P0046,0,0,3,0,0
2024-04-11,P0047,10,0,0,10,0
2024-04-11,P0048,0,0,4,0,0
2024-04-11,P0049,17,0,2,15,0
2024-04-11,P0050,110,22,0,132,0
2024-04-11,P0051,67,0,3,64,0
2024-04-11,P0052,108,0,1,107,0
2024-04-11,P0053,2,0,4,0,0
2024-04-11,P0054,76,0,2,74,0
2024-04-11,P0055,167,0,0,167,0
2024-04-11,P0056,108,0,5,103,0
2024-04-11,P0057,113,0,1,112,0
2024-04-11,P0058,58,0,3,55,0
2024-04-11,P0059,169,0,12,157,0
2024-04-11,P0060,0,0,13,0,0
2024-04-11,P0061,33,0,1,32,0
2024-04-11,P0062,115,0,0,115,0
2024-04-11,P0063,0,0,3,0,0
2024-04-11,P0064,59,0,2,57,0
2024-04-11,P0065,0,0,8,0,0
2024-04-11,P0066,0,118,22,96,0
2024-04-11,P0067,0,0,10,0,0
2024-04-11,P0068,190,0,1,189,0
2024-04-11,P0069,80,0,0,80,0
2024-04-11,P0070,0,0,11,0,0
2024-04-11,P0071,89,0,1,88,0
2024-04-11,P0072,155,0,0,155,0
2024-04-11,P0073,7,0,2,5,0
2024-04-11,P0074,0,0,8,0,0
2024-04-11,P0075,11,0,1,10,0
2024-04-11,P0076,39,12,1,50,0
2024-04-11,P0077,187,0,0,187,0
2024-04-11,P0078,0,0,3,0,0
2024-04-11,P0079,85,0,42,40,3
2024-04-11,P0080,123,0,0,123,0
2024-04-12,P0001,74,0,6,68,0
2024-04-12,P0002,234,17,0,251,0
2024-04-12,P0003,30,0,0,30,0
2024-04-12,P0004,30,33,13,50,0
2024-04-12,P0005,60,0,2,58,0
2024-04-12,P0006,68,0,5,63,0
2024-04-12,P0007,157,0,0,157,0
2024-04-12,P0008,149,0,1,148,0
2024-04-12,P0009,59,0,10,49,0
2024-04-12,P0010,161,0,0,161,0
2024-04-12,P0011,64,0,3,61,0
2024-04-12,P0012,102,0,0,102,0
2024-04-12,P0013,63,0,5,58,0
2024-04-12,P0014,32,0,2,30,0
2024-04-12,P0015,0,0,6,0,0
2024-04-12,P0016,60,0,1,59,0
2024-04-12,P0017,0,0,4,0,0
2024-04-12,P0018,0,0,7,0,0
2024-04-12,P0019,158,0,0,158,0
2024-04-12,P0020,117,12,1,128,0
2024-04-12,P0021,0,0,1,0,0
2024-04-12,P0022,55,24,3,76,0
2024-04-12,P0023,95,0,0,95,0
2024-04-12,P0024,72,0,0,72,0
2024-04-12,P0025,120,0,5,115,0
2024-04-12,P0026,209,0,0,209,0
2024-04-12,P0027,112,0,0,112,0
2024-04-12,P0028,0,0,0,0,0
2024-04-12,P0029,35,0,0,35,0
2024-04-12,P0030,16,0,1,15,0
2024-04-12,P0031,186,0,0,186,0
2024-04-12,P0032,0,0,1,0,1
2024-04-12,P0033,2,23,0,25,0
2024-04-12,P0034,120,0,0,120,0
2024-04-12,P0035,7,0,0,7,0
2024-04-12,P0036,0,0,2,0,0
2024-04-12,P0037,0,26,7,19,0
2024-04-12,P0038,0,0,0,0,0
2024-04-12,P0039,53,0,0,53,0
2024-04-12,P0040,51,0,0,51,0
2024-04-12,P0041,142,0,0,142,0
2024-04-12,P0042,72,0,0,72,0
2024-04-12,P0043,145,0,4,141,0
2024-04-12,P0044,57,0,18,39,0
2024-04-12,P0045,103,0,0,103,0
2024-04-12,P0046,0,0,8,0,0
2024-04-12,P0047,10,0,10,0,0
2024-04-12,P0048,0,0,4,0,0
2024-04-12,P0049,15,12,3,24,0
2024-04-12,P0050,132,0,0,132,0
2024-04-12,P0051,64,0,5,59,0
2024-04-12,P0052,107,0,0,107,0
2024-04-12,P0053,0,31,6,25,0
2024-04-12,P0054,74,0,0,74,0
2024-04-12,P0055,167,11,0,178,0
2024-04-12,P0056,103,0,2,101,0
2024-04-12,P0057,112,0,1,111,0
2024-04-12,P0058,55,56,8,103,0
2024-04-12,P0059,157,0,8,149,0
2024-04-12,P0060,0,0,8,0,0
2024-04-12,P0061,32,0,0,32,0
2024-04-12,P0062,115,0,0,115,0
2024-04-12,P0063,0,0,5,0,0
2024-04-12,P0064,57,0,1,56,0
2024-04-12,P0065,0,0,8,0,0
2024-04-12,P0066,96,0,9,87,0
2024-04-12,P0067,0,0,8,0,0
2024-04-12,P0068,189,0,0,187,2
2024-04-12,P0069,80,0,0,80,0
2024-04-12,P0070,0,0,11,0,0
2024-04-12,P0071,88,0,0,88,0
2024-04-12,P0072,155,0,0,155,0
2024-04-12,P0073,5,0,1,4,0
2024-04-12,P0074,0,0,7,0,0
2024-04-12,P0075,10,0,9,1,0
2024-04-12,P0076,50,0,0,50,0
2024-04-12,P0077,187,0,0,187,0
2024-04-12,P0078,0,0,2,0,0
2024-04-12,P0079,40,0,47,0,0
2024-04-12,P0080,123,0,0,123,0
2024-04-13,P0001,68,0,9,59,0
2024-04-13,P0002,251,0,0,251,0
2024-04-13,P0003,30,0,9,21,0
2024-04-13,P0004,50,0,6,44,0
2024-04-13,P0005,58,0,0,58,0
2024-04-13,P0006,63,0,0,63,0
2024-04-13,P0007,157,0,0,157,0
2024-04-13,P0008,148,0,0,148,0
2024-04-13,P0009,49,0,8,41,0
2024-04-13,P0010,161,0,6,155,0
2024-04-13,P0011,61,0,1,60,0
2024-04-13,P0012,102,0,0,102,0
2024-04-13,P0013,58,15,5,68,0
2024-04-13,P0014,30,21,2,49,0
2024-04-13,P0015,0,0,11,0,0
2024-04-13,P0016,59,0,2,57,0
2024-04-13,P0017,0,0,15,0,0
2024-04-13,P0018,0,0,2,0,0
2024-04-13,P0019,158,0,1,157,0
2024-04-13,P0020,128,0,0,128,0
2024-04-13,P0021,0,0,1,0,0
2024-04-13,P0022,76,0,8,68,0
2024-04-13,P0023,95,0,0,95,0
2024-04-13,P0024,72,0,0,72,0
2024-04-13,P0025,115,0,2,113,0
2024-04-13,P0026,209,0,0,209,0
2024-04-13,P0027,112,0,0,112,0
2024-04-13,P0028,0,0,1,0,0
2024-04-13,P0029,35,0,5,30,0
2024-04-13,P0030,15,0,0,15,0
2024-04-13,P0031,186,0,2,184,0
2024-04-13,P0032,0,0,3,0,0
2024-04-13,P0033,25,0,0,25,0
2024-04-13,P0034,120,0,0,120,0
2024-04-13,P0035,7,0,2,5,0
2024-04-13,P0036,0,0,2,0,0
2024-04-13,P0037,19,0,8,11,0
2024-04-13,P0038,0,0,1,0,0
2024-04-13,P0039,53,0,0,53,0
2024-04-13,P0040,51,0,0,51,0
2024-04-13,P0041,142,0,6,136,0
2024-04-13,P0042,72,0,0,72,0
2024-04-13,P0043,141,0,0,141,0
2024-04-13,P0044,39,72,11,100,0
2024-04-13,P0045,103,0,0,103,0
2024-04-13,P0046,0,0,1,0,0
2024-04-13,P0047,0,0,2,0,0
2024-04-13,P0048,0,0,5,0,0
2024-04-13,P0049,24,0,0,24,0
2024-04-13,P0050,132,0,1,131,0
2024-04-13,P0051,59,0,1,55,3
2024-04-13,P0052,107,19,1,125,0
2024-04-13,P0053,25,0,5,19,1
2024-04-13,P0054,74,0,0,74,0
2024-04-13,P0055,178,0,0,178,0
2024-04-13,P0056,101,0,2,99,0
2024-04-13,P0057,111,0,0,111,0
2024-04-13,P0058,103,0,8,95,0
2024-04-13,P0059,149,96,32,213,0
2024-04-13,P0060,0,48,7,41,0
2024-04-13,P0061,32,0,1,31,0
2024-04-13,P0062,115,0,4,111,0
2024-04-13,P0063,0,0,19,0,0
2024-04-13,P0064,56,0,0,56,0
2024-04-13,P0065,0,0,17,0,0
2024-04-13,P0066,87,0,29,58,0
2024-04-13,P0067,0,0,8,0,0
2024-04-13,P0068,187,0,1,186,0
2024-04-13,P0069,80,0,0,80,0
2024-04-13,P0070,0,0,5,0,0
2024-04-13,P0071,88,0,0,88,0
2024-04-13,P0072,155,0,0,155,0
2024-04-13,P0073,4,0,0,4,0
2024-04-13,P0074,0,0,15,0,0
2024-04-13,P0075,1,0,2,0,0
2024-04-13,P0076,50,0,5,45,0
2024-04-13,P0077,187,0,5,182,0
2024-04-13,P0078,0,0,3,0,3
2024-04-13,P0079,0,0,31,0,0
2024-04-13,P0080,123,14,0,137,0
2024-04-14,P0001,59,0,11,48,0
2024-04-14,P0002,251,0,3,248,0
2024-04-14,P0003,21,0,2,19,0
2024-04-14,P0004,44,0,3,41,0
2024-04-14,P0005,58,0,1,57,0
2024-04-14,P0006,63,0,1,62,0
2024-04-14,P0007,157,0,1,154,2
2024-04-14,P0008,148,0,0,148,0
2024-04-14,P0009,41,47,20,68,0
2024-04-14,P0010,155,0,14,141,0
2024-04-14,P0011,60,0,0,60,0
2024-04-14,P0012,102,0,0,102,0
2024-04-14,P0013,68,0,1,67,0
2024-04-14,P0014,49,0,0,49,0
2024-04-14,P0015,0,0,14,0,0
2024-04-14,P0016,57,0,9,48,0
2024-04-14,P0017,0,0,3,0,0
2024-04-14,P0018,0,0,7,0,0
2024-04-14,P0019,157,0,0,157,0
2024-04-14,P0020,128,0,0,128,0
2024-04-14,P0021,0,0,3,0,0
2024-04-14,P0022,68,0,0,68,0
2024-04-14,P0023,95,0,0,95,0
2024-04-14,P0024,72,0,2,70,0
2024-04-14,P0025,113,0,5,108,0
2024-04-14,P0026,209,0,0,209,0
2024-04-14,P0027,112,0,0,112,0
2024-04-14,P0028,0,19,2,17,0
2024-04-14,P0029,30,0,7,23,0
2024-04-14,P0030,15,0,2,13,0
2024-04-14,P0031,184,0,1,183,0
2024-04-14,P0032,0,0,0,0,0
2024-04-14,P0033,25,0,0,25,0
2024-04-14,P0034,120,0,0,120,0
2024-04-14,P0035,5,0,3,2,0
2024-04-14,P0036,0,0,8,0,0
2024-04-14,P0037,11,0,5,6,0
2024-04-14,P0038,0,0,0,0,0
2024-04-14,P0039,53,0,0,53,0
2024-04-14,P0040,51,0,0,51,0
2024-04-14,P0041,136,0,2,134,0
2024-04-14,P0042,72,0,0,72,0
2024-04-14,P0043,141,0,4,137,0
2024-04-14,P0044,100,123,21,202,0
2024-04-14,P0045,103,0,0,103,0
2024-04-14,P0046,0,0,16,0,0
2024-04-14,P0047,0,0,2,0,0
2024-04-14,P0048,0,0,8,0,0
2024-04-14,P0049,24,0,3,20,1
2024-04-14,P0050,131,0,4,127,0
2024-04-14,P0051,55,0,1,54,0
2024-04-14,P0052,125,0,0,125,0
2024-04-14,P0053,19,0,2,17,0
2024-04-14,P0054,74,0,0,74,0
2024-04-14,P0055,178,0,0,178,0
2024-04-14,P0056,99,0,0,99,0
2024-04-14,P0057,111,0,0,111,0
2024-04-14,P0058,95,0,17,78,0
2024-04-14,P0059,213,0,16,197,0
2024-04-14,P0060,41,0,19,19,3
2024-04-14,P0061,31,0,2,29,0
2024-04-14,P0062,111,0,0,111,0
2024-04-14,P0063,0,0,8,0,0
2024-04-14,P0064,56,0,0,56,0
2024-04-14,P0065,0,0,11,0,0
2024-04-14,P0066,58,0,37,21,0
2024-04-14,P0067,0,0,13,0,0
2024-04-14,P0068,186,0,1,185,0
2024-04-14,P0069,80,0,0,80,0
2024-04-14,P0070,0,0,7,0,0
2024-04-14,P0071,88,0,4,84,0
2024-04-14,P0072,155,0,0,155,0
2024-04-14,P0073,4,0,0,4,0
2024-04-14,P0074,0,0,17,0,3
2024-04-14,P0075,0,0,2,0,0
2024-04-14,P0076,45,0,0,45,0
2024-04-14,P0077,182,0,1,181,0
2024-04-14,P0078,0,0,2,0,0
2024-04-14,P0079,0,0,32,0,0
2024-04-14,P0080,137,0,0,137,0
2024-04-15,P0001,48,0,6,42,0
2024-04-15,P0002,248,0,0,248,0
2024-04-15,P0003,19,0,6,13,0
2024-04-15,P0004,41,0,3,38,0
2024-04-15,P0005,57,0,3,54,0
2024-04-15,P0006,62,0,5,57,0
2024-04-15,P0007,154,0,0,154,0
2024-04-15,P0008,148,0,0,148,0
2024-04-15,P0009,68,0,3,65,0
2024-04-15,P0010,141,0,12,129,0
2024-04-15,P0011,60,0,2,58,0
2024-04-15,P0012,102,0,0,102,0
2024-04-15,P0013,67,0,0,67,0
2024-04-15,P0014,49,0,3,46,0
2024-04-15,P0015,0,0,7,0,0
2024-04-15,P0016,48,0,4,44,0
2024-04-15,P0017,0,0,0,0,0
2024-04-15,P0018,0,20,0,20,0
2024-04-15,P0019,157,13,0,170,0
2024-04-15,P0020,128,0,0,128,0
2024-04-15,P0021,0,56,3,53,0
2024-04-15,P0022,68,0,3,65,0
2024-04-15,P0023,95,0,0,95,0
2024-04-15,P0024,70,18,0,88,0
2024-04-15,P0025,108,0,1,107,0
2024-04-15,P0026,209,0,0,209,0
2024-04-15,P0027,112,0,0,112,0
2024-04-15,P0028,17,0,0,17,0
2024-04-15,P0029,23,0,2,21,0
2024-04-15,P0030,13,19,1,31,0
2024-04-15,P0031,183,0,0,183,0
2024-04-15,P0032,0,0,3,0,0
2024-04-15,P0033,25,20,5,40,0
2024-04-15,P0034,120,0,5,115,0
2024-04-15,P0035,2,0,0,2,0
2024-04-15,P0036,0,0,4,0,0
2024-04-15,P0037,6,0,1,5,0
2024-04-15,P0038,0,0,6,0,0
2024-04-15,P0039,53,0,1,52,0
2024-04-15,P0040,51,0,0,51,0
2024-04-15,P0041,134,0,0,134,0
2024-04-15,P0042,72,0,4,68,0
2024-04-15,P0043,137,0,0,137,0
2024-04-15,P0044,202,0,34,168,0
2024-04-15,P0045,103,0,1,102,0
2024-04-15,P0046,0,48,9,39,0
2024-04-15,P0047,0,0,6,0,0
2024-04-15,P0048,0,0,2,0,0
2024-04-15,P0049,20,0,2,18,0
2024-04-15,P0050,127,0,0,127,0
2024-04-15,P0051,54,0,4,50,0
2024-04-15,P0052,125,0,0,125,0
2024-04-15,P0053,17,0,2,15,0
2024-04-15,P0054,74,11,1,84,0
2024-04-15,P0055,178,20,0,198,0
2024-04-15,P0056,99,0,4,95,0
2024-04-15,P0057,111,0,0,111,0
2024-04-15,P0058,78,0,13,65,0
2024-04-15,P0059,197,0,4,193,0
2024-04-15,P0060,19,0,7,12,0
2024-04-15,P0061,29,0,0,29,0
2024-04-15,P0062,111,0,0,111,0
2024-04-15,P0063,0,0,10,0,0
2024-04-15,P0064,56,0,1,55,0
2024-04-15,P0065,0,0,15,0,0
2024-04-15,P0066,21,0,6,15,0
2024-04-15,P0067,0,0,6,0,0
2024-04-15,P0068,185,0,0,185,0
2024-04-15,P0069,80,0,2,78,0
2024-04-15,P0070,0,0,4,0,0
2024-04-15,P0071,84,0,0,84,0
2024-04-15,P0072,155,0,0,155,0
2024-04-15,P0073,4,0,0,4,0
2024-04-15,P0074,0,0,8,0,0
2024-04-15,P0075,0,0,3,0,0
2024-04-15,P0076,45,0,0,45,0
2024-04-15,P0077,181,0,0,181,0
2024-04-15,P0078,0,0,0,0,0
2024-04-15,P0079,0,0,31,0,0
2024-04-15,P0080,137,0,0,137,0
2024-04-16,P0001,42,0,8,34,0
2024-04-16,P0002,248,0,3,245,0
2024-04-16,P0003,13,0,0,13,0
2024-04-16,P0004,38,26,3,61,0
2024-04-16,P0005,54,0,0,54,0
2024-04-16,P0006,57,0,2,55,0
2024-04-16,P0007,154,0,0,154,0
2024-04-16,P0008,148,0,1,147,0
2024-04-16,P0009,65,46,4,107,0
2024-04-16,P0010,129,0,8,121,0
2024-04-16,P0011,58,0,0,58,0
2024-04-16,P0012,102,0,3,99,0
2024-04-16,P0013,67,0,1,66,0
2024-04-16,P0014,46,0,0,46,0
2024-04-16,P0015,0,0,5,0,0
2024-04-16,P0016,44,0,13,31,0
2024-04-16,P0017,0,0,1,0,0
2024-04-16,P0018,20,0,0,20,0
2024-04-16,P0019,170,0,0,170,0
2024-04-16,P0020,128,0,0,128,0
2024-04-16,P0021,53,0,6,47,0
2024-04-16,P0022,65,0,0,65,0
2024-04-16,P0023,95,0,0,95,0
2024-04-16,P0024,88,0,0,88,0
2024-04-16,P0025,107,0,6,101,0
2024-04-16,P0026,209,0,0,209,0
2024-04-16,P0027,112,0,0,112,0
2024-04-16,P0028,17,0,1,16,0
2024-04-16,P0029,21,0,2,19,0
2024-04-16,P0030,31,0,4,27,0
2024-04-16,P0031,183,0,0,183,0
2024-04-16,P0032,0,0,2,0,0
2024-04-16,P0033,40,0,0,40,0
2024-04-16,P0034,115,0,0,115,0
2024-04-16,P0035,2,0,3,0,0
2024-04-16,P0036,0,0,1,0,0
2024-04-16,P0037,5,0,2,3,0
2024-04-16,P0038,0,0,5,0,0
2024-04-16,P0039,52,0,1,51,0
2024-04-16,P0040,51,0,0,51,0
2024-04-16,P0041,134,0,0,134,0
2024-04-16,P0042,68,0,0,68,0
2024-04-16,P0043,137,0,0,137,0
2024-04-16,P0044,168,0,22,146,0
2024-04-16,P0045,102,0,0,102,0
2024-04-16,P0046,39,0,5,34,0
2024-04-16,P0047,0,0,1,0,0
2024-04-16,P0048,0,0,2,0,0
2024-04-16,P0049,18,0,1,17,0
2024-04-16,P0050,127,0,2,125,0
2024-04-16,P0051,50,22,0,72,0
2024-04-16,P0052,125,0,0,125,0
2024-04-16,P0053,15,0,11,4,0
2024-04-16,P0054,84,0,2,82,0
2024-04-16,P0055,198,0,0,198,0
2024-04-16,P0056,95,0,7,88,0
2024-04-16,P0057,111,0,0,111,0
2024-04-16,P0058,65,0,6,59,0
2024-04-16,P0059,193,0,7,186,0
2024-04-16,P0060,12,0,6,6,0
2024-04-16,P0061,29,0,0,29,0
2024-04-16,P0062,111,16,0,127,0
2024-04-16,P0063,0,0,7,0,0
2024-04-16,P0064,55,0,0,55,0
2024-04-16,P0065,0,0,23,0,0
2024-04-16,P0066,15,0,12,3,0
2024-04-16,P0067,0,0,4,0,0
2024-04-16,P0068,185,0,0,185,0
2024-04-16,P0069,78,0,6,72,0
2024-04-16,P0070,0,0,3,0,0
2024-04-16,P0071,84,11,0,95,0
2024-04-16,P0072,155,13,1,167,0
2024-04-16,P0073,4,0,1,3,0
2024-04-16,P0074,0,0,4,0,0
2024-04-16,P0075,0,0,2,0,0
2024-04-16,P0076,45,0,0,45,0
2024-04-16,P0077,181,0,0,181,0
2024-04-16,P0078,0,0,0,0,0
2024-04-16,P0079,0,0,23,0,0
2024-04-16,P0080,137,13,1,149,0
2024-04-17,P0001,34,0,9,25,0
2024-04-17,P0002,245,0,0,245,0
2024-04-17,P0003,13,0,1,12,0
2024-04-17,P0004,61,22,1,82,0
2024-04-17,P0005,54,0,2,52,0
2024-04-17,P0006,55,17,0,72,0
2024-04-17,P0007,154,0,0,154,0
2024-04-17,P0008,147,0,0,147,0
2024-04-17,P0009,107,59,3,163,0
2024-04-17,P0010,121,0,8,113,0
2024-04-17,P0011,58,0,5,53,0
2024-04-17,P0012,99,17,0,116,0
2024-04-17,P0013,66,0,0,66,0
2024-04-17,P0014,46,0,0,46,0
2024-04-17,P0015,0,0,14,0,0
2024-04-17,P0016,31,0,2,29,0
2024-04-17,P0017,0,0,12,0,0
2024-04-17,P0018,20,0,6,14,0
2024-04-17,P0019,170,0,0,170,0
2024-04-17,P0020,128,0,0,128,0
2024-04-17,P0021,47,0,5,42,0
2024-04-17,P0022,65,0,2,63,0
2024-04-17,P0023,95,0,0,95,0
2024-04-17,P0024,88,0,0,88,0
2024-04-17,P0025,101,0,1,100,0
2024-04-17,P0026,209,0,0,209,0
2024-04-17,P0027,112,0,2,110,0
2024-04-17,P0028,16,0,0,16,0
2024-04-17,P0029,19,20,7,32,0
2024-04-17,P0030,27,0,0,27,0
2024-04-17,P0031,183,0,1,182,0
2024-04-17,P0032,0,0,0,0,0
2024-04-17,P0033,40,0,1,39,0
2024-04-17,P0034,115,0,1,114,0
2024-04-17,P0035,0,25,4,21,0
2024-04-17,P0036,0,0,0,0,0
2024-04-17,P0037,3,0,3,0,0
2024-04-17,P0038,0,0,0,0,0
2024-04-17,P0039,51,0,1,50,0
2024-04-17,P0040,51,0,2,49,0
2024-04-17,P0041,134,0,0,134,0
2024-04-17,P0042,68,0,1,67,0
2024-04-17,P0043,137,13,2,148,0
2024-04-17,P0044,146,0,18,128,0
2024-04-17,P0045,102,0,0,102,0
2024-04-17,P0046,34,0,5,29,0
2024-04-17,P0047,0,0,0,0,0
2024-04-17,P0048,0,0,5,0,2
2024-04-17,P0049,17,0,1,16,0
2024-04-17,P0050,125,0,0,125,0
2024-04-17,P0051,72,0,1,71,0
2024-04-17,P0052,125,0,0,125,0
2024-04-17,P0053,4,0,1,3,0
2024-04-17,P0054,82,0,8,74,0
2024-04-17,P0055,198,0,0,198,0
2024-04-17,P0056,88,0,2,86,0
2024-04-17,P0057,111,0,0,111,0
2024-04-17,P0058,59,0,5,54,0
2024-04-17,P0059,186,0,8,178,0
2024-04-17,P0060,6,0,16,0,0
2024-04-17,P0061,29,0,0,29,0
2024-04-17,P0062,127,0,0,127,0
2024-04-17,P0063,0,0,9,0,0
2024-04-17,P0064,55,0,0,55,0
2024-04-17,P0065,0,0,4,0,0
2024-04-17,P0066,3,0,2,1,0
2024-04-17,P0067,0,0,7,0,0
2024-04-17,P0068,185,0,0,185,0
2024-04-17,P0069,72,0,0,72,0
2024-04-17,P0070,0,0,2,0,0
2024-04-17,P0071,95,0,1,94,0
2024-04-17,P0072,167,0,0,167,0
2024-04-17,P0073,3,0,1,2,0
2024-04-17,P0074,0,72,9,63,0
2024-04-17,P0075,0,0,2,0,0
2024-04-17,P0076,45,0,1,44,0
2024-04-17,P0077,181,0,0,181,0
2024-04-17,P0078,0,0,0,0,0
2024-04-17,P0079,0,0,37,0,0
2024-04-17,P0080,149,0,2,147,0
2024-04-18,P0001,25,0,11,14,0
2024-04-18,P0002,245,0,0,245,0
2024-04-18,P0003,12,0,0,12,0
2024-04-18,P0004,82,0,7,75,0
2024-04-18,P0005,52,0,0,52,0
2024-04-18,P0006,72,0,0,72,0
2024-04-18,P0007,154,0,0,154,0
2024-04-18,P0008,147,0,0,147,0
2024-04-18,P0009,163,37,1,199,0
2024-04-18,P0010,113,0,6,107,0
2024-04-18,P0011,53,0,0,53,0
2024-04-18,P0012,116,0,0,116,0
2024-04-18,P0013,66,0,0,66,0
2024-04-18,P0014,46,0,1,45,0
2024-04-18,P0015,0,0,1,0,0
2024-04-18,P0016,29,0,16,13,0
2024-04-18,P0017,0,0,3,0,0
2024-04-18,P0018,14,0,0,14,0
2024-04-18,P0019,170,13,0,183,0
2024-04-18,P0020,128,20,0,148,0
2024-04-18,P0021,42,0,13,29,0
2024-04-18,P0022,63,0,3,60,0
2024-04-18,P0023,95,0,0,95,0
2024-04-18,P0024,88,18,1,105,0
2024-04-18,P0025,100,0,1,99,0
2024-04-18,P0026,209,0,0,209,0
2024-04-18,P0027,110,17,0,127,0
2024-04-18,P0028,16,0,3,13,0
2024-04-18,P0029,32,24,0,56,0
2024-04-18,P0030,27,0,2,25,0
2024-04-18,P0031,182,0,0,182,0
2024-04-18,P0032,0,0,0,0,0
2024-04-18,P0033,39,0,0,39,0
2024-04-18,P0034,114,0,0,114,0
2024-04-18,P0035,21,0,4,17,0
2024-04-18,P0036,0,0,4,0,0
2024-04-18,P0037,0,32,2,30,0
2024-04-18,P0038,0,0,0,0,0
2024-04-18,P0039,50,17,1,66,0
2024-04-18,P0040,49,0,0,49,0
2024-04-18,P0041,134,0,2,132,0
2024-04-18,P0042,67,0,0,67,0
2024-04-18,P0043,148,0,0,148,0
2024-04-18,P0044,128,0,7,121,0
2024-04-18,P0045,102,0,0,102,0
2024-04-18,P0046,29,0,21,8,0
2024-04-18,P0047,0,0,0,0,0
2024-04-18,P0048,0,24,1,23,0
2024-04-18,P0049,16,15,2,29,0
2024-04-18,P0050,125,0,1,124,0
2024-04-18,P0051,71,0,1,70,0
2024-04-18,P0052,125,15,0,140,0
2024-04-18,P0053,3,0,0,3,0
2024-04-18,P0054,74,0,0,74,0
2024-04-18,P0055,198,18,0,216,0
2024-04-18,P0056,86,0,0,86,0
2024-04-18,P0057,111,0,0,111,0
2024-04-18,P0058,54,0,5,49,0
2024-04-18,P0059,178,0,7,171,0
2024-04-18,P0060,0,0,9,0,0
2024-04-18,P0061,29,0,1,28,0
2024-04-18,P0062,127,0,0,127,0
2024-04-18,P0063,0,0,11,0,0
2024-04-18,P0064,55,0,0,53,2
2024-04-18,P0065,0,0,16,0,0
2024-04-18,P0066,1,79,5,75,0
2024-04-18,P0067,0,0,0,0,0
2024-04-18,P0068,185,0,0,185,0
2024-04-18,P0069,72,0,2,70,0
2024-04-18,P0070,0,0,0,0,0
2024-04-18,P0071,94,21,0,115,0
2024-04-18,P0072,167,0,0,167,0
2024-04-18,P0073,2,0,0,2,0
2024-04-18,P0074,63,0,20,43,0
2024-04-18,P0075,0,0,7,0,0
2024-04-18,P0076,44,0,0,44,0
2024-04-18,P0077,181,0,0,178,3
2024-04-18,P0078,0,0,0,0,3
2024-04-18,P0079,0,0,34,0,1
2024-04-18,P0080,147,0,0,147,0
2024-04-19,P0001,14,0,8,6,0
2024-04-19,P0002,245,19,0,264,0
2024-04-19,P0003,12,0,0,9,3
2024-04-19,P0004,75,26,1,100,0
2024-04-19,P0005,52,0,0,52,0
2024-04-19,P0006,72,0,0,72,0
2024-04-19,P0007,154,0,0,154,0
2024-04-19,P0008,147,0,0,147,0
2024-04-19,P0009,199,0,7,192,0
2024-04-19,P0010,107,30,15,122,0
2024-04-19,P0011,53,27,2,78,0
2024-04-19,P0012,116,0,0,116,0
2024-04-19,P0013,66,0,0,66,0
2024-04-19,P0014,45,0,3,42,0
2024-04-19,P0015,0,0,7,0,0
2024-04-19,P0016,13,0,4,9,0
2024-04-19,P0017,0,0,5,0,0
2024-04-19,P0018,14,0,0,14,0
2024-04-19,P0019,183,0,0,183,0
2024-04-19,P0020,148,0,0,148,0
2024-04-19,P0021,29,0,7,22,0
2024-04-19,P0022,60,0,0,60,0
2024-04-19,P0023,95,18,0,113,0
2024-04-19,P0024,105,0,0,105,0
2024-04-19,P0025,99,0,4,95,0
2024-04-19,P0026,209,0,0,209,0
2024-04-19,P0027,127,0,1,126,0
2024-04-19,P0028,13,14,1,26,0
2024-04-19,P0029,56,0,0,56,0
2024-04-19,P0030,25,0,2,23,0
2024-04-19,P0031,182,13,2,193,0
2024-04-19,P0032,0,0,9,0,0
2024-04-19,P0033,39,0,1,38,0
2024-04-19,P0034,114,0,0,114,0
2024-04-19,P0035,17,18,7,28,0
2024-04-19,P0036,0,0,5,0,0
2024-04-19,P0037,30,0,8,22,0
2024-04-19,P0038,0,0,5,0,0
2024-04-19,P0039,66,14,0,80,0
2024-04-19,P0040,49,0,0,49,0
2024-04-19,P0041,132,0,0,132,0
2024-04-19,P0042,67,0,0,67,0
2024-04-19,P0043,148,0,0,148,0
2024-04-19,P0044,121,0,13,108,0
2024-04-19,P0045,102,0,1,101,0
2024-04-19,P0046,8,0,7,1,0
2024-04-19,P0047,0,0,8,0,0
2024-04-19,P0048,23,0,1,22,0
2024-04-19,P0049,29,0,3,26,0
2024-04-19,P0050,124,0,0,124,0
2024-04-19,P0051,70,0,0,70,0
2024-04-19,P0052,140,0,0,140,0
2024-04-19,P0053,3,0,8,0,0
2024-04-19,P0054,74,20,0,94,0
2024-04-19,P0055,216,0,0,214,2
2024-04-19,P0056,86,0,4,82,0
2024-04-19,P0057,111,0,2,109,0
2024-04-19,P0058,49,46,10,85,0
2024-04-19,P0059,171,0,10,161,0
2024-04-19,P0060,0,0,13,0,0
2024-04-19,P0061,28,0,2,26,0
2024-04-19,P0062,127,0,0,125,2
2024-04-19,P0063,0,0,8,0,0
2024-04-19,P0064,53,0,0,53,0
2024-04-19,P0065,0,0,10,0,0
2024-04-19,P0066,75,0,9,66,0
2024-04-19,P0067,0,0,7,0,0
2024-04-19,P0068,185,14,0,198,1
2024-04-19,P0069,70,0,0,70,0
2024-04-19,P0070,0,0,4,0,0
2024-04-19,P0071,115,0,0,115,0
2024-04-19,P0072,167,0,0,167,0
2024-04-19,P0073,2,16,0,18,0
2024-04-19,P0074,43,0,17,26,0
2024-04-19,P0075,0,0,0,0,0
2024-04-19,P0076,44,0,0,44,0
2024-04-19,P0077,178,0,1,177,0
2024-04-19,P0078,0,0,1,0,0
2024-04-19,P0079,0,0,41,0,0
2024-04-19,P0080,147,0,3,144,0
2024-04-20,P0001,6,0,5,1,0
2024-04-20,P0002,264,0,0,264,0
2024-04-20,P0003,9,0,5,4,0
2024-04-20,P0004,100,0,0,100,0
2024-04-20,P0005,52,0,2,50,0
2024-04-20,P0006,72,0,2,70,0
2024-04-20,P0007,154,0,0,154,0
2024-04-20,P0008,147,0,0,147,0
2024-04-20,P0009,192,0,12,180,0
2024-04-20,P0010,122,0,0,122,0
2024-04-20,P0011,78,0,0,78,0
2024-04-20,P0012,116,0,1,115,0
2024-04-20,P0013,66,0,0,66,0
2024-04-20,P0014,42,0,2,40,0
2024-04-20,P0015,0,0,15,0,0
2024-04-20,P0016,9,0,1,8,0
2024-04-20,P0017,0,0,3,0,0
2024-04-20,P0018,14,0,1,13,0
2024-04-20,P0019,183,0,2,181,0
2024-04-20,P0020,148,0,0,148,0
2024-04-20,P0021,22,0,4,18,0
2024-04-20,P0022,60,0,2,58,0
2024-04-20,P0023,113,0,0,113,0
2024-04-20,P0024,105,0,7,98,0
2024-04-20,P0025,95,0,6,89,0
2024-04-20,P0026,209,0,0,209,0
2024-04-20,P0027,126,19,0,142,3
2024-04-20,P0028,26,0,3,23,0
2024-04-20,P0029,56,0,0,56,0
2024-04-20,P0030,23,0,5,16,2
2024-04-20,P0031,193,0,0,193,0
2024-04-20,P0032,0,0,8,0,0
2024-04-20,P0033,38,0,0,38,0
2024-04-20,P0034,114,0,2,112,0
2024-04-20,P0035,28,0,3,25,0
2024-04-20,P0036,0,0,5,0,0
2024-04-20,P0037,22,28,7,43,0
2024-04-20,P0038,0,0,1,0,0
2024-04-20,P0039,80,0,2,78,0
2024-04-20,P0040,49,0,0,49,0
2024-04-20,P0041,132,0,0,132,0
2024-04-20,P0042,67,15,0,82,0
2024-04-20,P0043,148,0,1,147,0
2024-04-20,P0044,108,0,39,69,0
2024-04-20,P0045,101,0,1,100,0
2024-04-20,P0046,1,0,15,0,0
2024-04-20,P0047,0,0,4,0,0
2024-04-20,P0048,22,0,8,14,0
2024-04-20,P0049,26,20,1,45,0
2024-04-20,P0050,124,0,2,122,0
2024-04-20,P0051,70,0,0,68,2
2024-04-20,P0052,140,0,0,140,0
2024-04-20,P0053,0,0,0,0,0
2024-04-20,P0054,94,0,2,90,2
2024-04-20,P0055,214,0,0,214,0
2024-04-20,P0056,82,0,0,82,0
2024-04-20,P0057,109,0,0,109,0
2024-04-20,P0058,85,0,5,80,0
2024-04-20,P0059,161,0,13,148,0
2024-04-20,P0060,0,0,4,0,0
2024-04-20,P0061,26,0,0,26,0
2024-04-20,P0062,125,0,0,125,0
2024-04-20,P0063,0,0,18,0,0
2024-04-20,P0064,53,0,0,53,0
2024-04-20,P0065,0,75,21,54,0
2024-04-20,P0066,66,0,16,50,0
2024-04-20,P0067,0,0,9,0,0
2024-04-20,P0068,198,0,2,196,0
2024-04-20,P0069,70,0,0,70,0
2024-04-20,P0070,0,0,0,0,0
2024-04-20,P0071,115,0,0,115,0
2024-04-20,P0072,167,0,0,167,0
2024-04-20,P0073,18,0,0,18,0
2024-04-20,P0074,26,0,6,20,0
2024-04-20,P0075,0,0,6,0,0
2024-04-20,P0076,44,0,0,44,0
2024-04-20,P0077,177,0,2,175,0
2024-04-20,P0078,0,0,1,0,0
2024-04-20,P0079,0,0,56,0,0
2024-04-20,P0080,144,0,4,140,0
2024-04-21,P0001,1,33,17,14,3
2024-04-21,P0002,264,0,2,262,0
2024-04-21,P0003,4,0,3,1,0
2024-04-21,P0004,100,0,1,99,0
2024-04-21,P0005,50,0,9,41,0
2024-04-21,P0006,70,0,0,70,0
2024-04-21,P0007,154,0,0,154,0
2024-04-21,P0008,147,0,2,145,0
2024-04-21,P0009,180,49,13,216,0
2024-04-21,P0010,122,0,5,116,1
2024-04-21,P0011,78,0,2,76,0
2024-04-21,P0012,115,0,0,115,0
2024-04-21,P0013,66,0,2,64,0
2024-04-21,P0014,40,19,2,57,0
2024-04-21,P0015,0,0,5,0,0
2024-04-21,P0016,8,0,12,0,0
2024-04-21,P0017,0,30,5,25,0
2024-04-21,P0018,13,0,3,10,0
2024-04-21,P0019,181,0,0,181,0
2024-04-21,P0020,148,0,3,145,0
2024-04-21,P0021,18,0,4,14,0
2024-04-21,P0022,58,0,8,48,2
2024-04-21,P0023,113,0,0,113,0
2024-04-21,P0024,98,0,0,98,0
2024-04-21,P0025,89,0,7,82,0
2024-04-21,P0026,209,0,0,209,0
2024-04-21,P0027,142,0,0,142,0
2024-04-21,P0028,23,0,0,23,0
2024-04-21,P0029,56,0,2,54,0
2024-04-21,P0030,16,0,0,16,0
2024-04-21,P0031,193,0,0,193,0
2024-04-21,P0032,0,0,2,0,0
2024-04-21,P0033,38,0,0,36,2
2024-04-21,P0034,112,0,1,111,0
2024-04-21,P0035,25,0,8,17,0
2024-04-21,P0036,0,15,0,15,0
2024-04-21,P0037,43,0,9,34,0
2024-04-21,P0038,0,0,3,0,0
2024-04-21,P0039,78,0,3,75,0
2024-04-21,P0040,49,0,0,49,0
2024-04-21,P0041,132,0,0,132,0
2024-04-21,P0042,82,0,0,82,0
2024-04-21,P0043,147,0,3,144,0
2024-04-21,P0044,69,0,30,39,0
2024-04-21,P0045,100,0,0,100,0
2024-04-21,P0046,0,0,12,0,0
2024-04-21,P0047,0,23,2,21,0
2024-04-21,P0048,14,0,3,11,0
2024-04-21,P0049,45,0,3,42,0
2024-04-21,P0050,122,0,1,121,0
2024-04-21,P0051,68,0,1,67,0
2024-04-21,P0052,140,0,0,140,0
2024-04-21,P0053,0,26,6,20,0
2024-04-21,P0054,90,0,0,90,0
2024-04-21,P0055,214,0,0,214,0
2024-04-21,P0056,82,0,4,78,0
2024-04-21,P0057,109,0,0,109,0
2024-04-21,P0058,80,0,21,59,0
2024-04-21,P0059,148,0,4,144,0
2024-04-21,P0060,0,0,5,0,0
2024-04-21,P0061,26,0,5,21,0
2024-04-21,P0062,125,0,0,125,0
2024-04-21,P0063,0,0,7,0,0
2024-04-21,P0064,53,0,0,53,0
2024-04-21,P0065,54,0,22,32,0
2024-04-21,P0066,50,0,22,28,0
2024-04-21,P0067,0,0,1,0,0
2024-04-21,P0068,196,0,0,196,0
2024-04-21,P0069,70,0,0,70,0
2024-04-21,P0070,0,0,1,0,0
2024-04-21,P0071,115,0,4,111,0
2024-04-21,P0072,167,0,0,167,0
2024-04-21,P0073,18,0,2,16,0
2024-04-21,P0074,20,0,12,8,0
2024-04-21,P0075,0,0,0,0,0
2024-04-21,P0076,44,0,3,41,0
2024-04-21,P0077,175,0,0,175,0
2024-04-21,P0078,0,0,0,0,0
2024-04-21,P0079,0,0,27,0,0
2024-04-21,P0080,140,0,5,135,0
2024-04-22,P0001,14,0,5,9,0
2024-04-22,P0002,262,0,0,262,0
2024-04-22,P0003,1,15,0,16,0
2024-04-22,P0004,99,0,2,97,0
2024-04-22,P0005,41,0,0,41,0
2024-04-22,P0006,70,0,3,67,0
2024-04-22,P0007,154,0,0,154,0
2024-04-22,P0008,145,0,7,138,0
2024-04-22,P0009,216,0,5,211,0
2024-04-22,P0010,116,0,12,104,0
2024-04-22,P0011,76,26,6,96,0
2024-04-22,P0012,115,0,1,114,0
2024-04-22,P0013,64,0,0,64,0
2024-04-22,P0014,57,0,5,52,0
2024-04-22,P0015,0,0,6,0,0
2024-04-22,P0016,0,46,7,39,0
2024-04-22,P0017,25,0,4,21,0
2024-04-22,P0018,10,0,1,9,0
2024-04-22,P0019,181,12,1,192,0
2024-04-22,P0020,145,0,0,145,0
2024-04-22,P0021,14,0,4,10,0
2024-04-22,P0022,48,22,1,69,0
2024-04-22,P0023,113,0,0,113,0
2024-04-22,P0024,98,0,0,98,0
2024-04-22,P0025,82,0,1,81,0
2024-04-22,P0026,209,0,0,209,0
2024-04-22,P0027,142,0,0,142,0
2024-04-22,P0028,23,0,0,23,0
2024-04-22,P0029,54,0,0,54,0
2024-04-22,P0030,16,0,1,15,0
2024-04-22,P0031,193,16,0,209,0
2024-04-22,P0032,0,0,0,0,0
2024-04-22,P0033,36,0,0,36,0
2024-04-22,P0034,111,0,0,111,0
2024-04-22,P0035,17,0,1,13,3
2024-04-22,P0036,15,0,8,7,0
2024-04-22,P0037,34,0,4,30,0
2024-04-22,P0038,0,0,5,0,0
2024-04-22,P0039,75,0,3,72,0
2024-04-22,P0040,49,0,0,49,0
2024-04-22,P0041,132,0,0,132,0
2024-04-22,P0042,82,0,0,82,0
2024-04-22,P0043,144,0,3,141,0
2024-04-22,P0044,39,0,24,15,0
2024-04-22,P0045,100,0,0,100,0
2024-04-22,P0046,0,0,7,0,0
2024-04-22,P0047,21,0,0,21,0
2024-04-22,P0048,11,0,6,5,0
2024-04-22,P0049,42,0,0,42,0
2024-04-22,P0050,121,22,0,143,0
2024-04-22,P0051,67,0,5,62,0
2024-04-22,P0052,140,0,0,140,0
2024-04-22,P0053,20,0,0,20,0
2024-04-22,P0054,90,0,1,89,0
2024-04-22,P0055,214,0,0,214,0
2024-04-22,P0056,78,0,0,78,0
2024-04-22,P0057,109,0,4,105,0
2024-04-22,P0058,59,0,2,57,0
2024-04-22,P0059,144,0,3,141,0
2024-04-22,P0060,0,0,9,0,0
2024-04-22,P0061,21,0,0,21,0
2024-04-22,P0062,125,0,0,125,0
2024-04-22,P0063,0,0,3,0,0
2024-04-22,P0064,53,0,0,53,0
2024-04-22,P0065,32,94,24,102,0
2024-04-22,P0066,28,0,23,5,0
2024-04-22,P0067,0,0,13,0,0
2024-04-22,P0068,196,0,0,196,0
2024-04-22,P0069,70,0,0,70,0
2024-04-22,P0070,0,0,4,0,0
2024-04-22,P0071,111,18,2,127,0
2024-04-22,P0072,167,0,0,167,0
2024-04-22,P0073,16,0,1,15,0
2024-04-22,P0074,8,0,2,6,0
2024-04-22,P0075,0,0,2,0,0
2024-04-22,P0076,41,0,1,40,0
2024-04-22,P0077,175,0,0,175,0
2024-04-22,P0078,0,0,4,0,0
2024-04-22,P0079,0,0,27,0,0
2024-04-22,P0080,135,0,0,135,0
2024-04-23,P0001,9,0,7,2,0
2024-04-23,P0002,262,0,2,260,0
2024-04-23,P0003,16,20,1,35,0
2024-04-23,P0004,97,0,1,96,0
2024-04-23,P0005,41,0,1,40,0
2024-04-23,P0006,67,0,0,67,0
2024-04-23,P0007,154,0,0,154,0
2024-04-23,P0008,138,0,0,138,0
2024-04-23,P0009,211,0,6,205,0
2024-04-23,P0010,104,0,9,95,0
2024-04-23,P0011,96,0,1,95,0
2024-04-23,P0012,114,0,0,114,0
2024-04-23,P0013,64,0,0,64,0
2024-04-23,P0014,52,0,8,44,0
2024-04-23,P0015,0,0,3,0,0
2024-04-23,P0016,39,26,4,61,0
2024-04-23,P0017,21,0,0,21,0
2024-04-23,P0018,9,0,0,9,0
2024-04-23,P0019,192,0,0,192,0
2024-04-23,P0020,145,20,5,160,0
2024-04-23,P0021,10,0,7,3,0
2024-04-23,P0022,69,0,1,68,0
2024-04-23,P0023,113,0,0,113,0
2024-04-23,P0024,98,0,0,98,0
2024-04-23,P0025,81,15,1,95,0
2024-04-23,P0026,209,0,0,209,0
2024-04-23,P0027,142,0,0,142,0
2024-04-23,P0028,23,0,4,19,0
2024-04-23,P0029,54,0,9,45,0
2024-04-23,P0030,15,22,6,31,0
2024-04-23,P0031,209,0,0,209,0
2024-04-23,P0032,0,29,2,27,0
2024-04-23,P0033,36,0,11,25,0
2024-04-23,P0034,111,0,0,111,0
2024-04-23,P0035,13,0,0,13,0
2024-04-23,P0036,7,0,0,7,0
2024-04-23,P0037,30,0,10,20,0
2024-04-23,P0038,0,13,0,13,0
2024-04-23,P0039,72,0,0,72,0
2024-04-23,P0040,49,0,2,47,0
2024-04-23,P0041,132,0,0,132,0
2024-04-23,P0042,82,15,0,97,0
2024-04-23,P0043,141,0,0,141,0
2024-04-23,P0044,15,0,15,0,0
2024-04-23,P0045,100,0,0,100,0
2024-04-23,P0046,0,0,7,0,0
2024-04-23,P0047,21,0,5,16,0
2024-04-23,P0048,5,0,9,0,0
2024-04-23,P0049,42,0,0,42,0
2024-04-23,P0050,143,0,3,140,0
2024-04-23,P0051,62,0,0,62,0
2024-04-23,P0052,140,0,0,140,0
2024-04-23,P0053,20,0,2,18,0
2024-04-23,P0054,89,0,0,89,0
2024-04-23,P0055,214,0,0,214,0
2024-04-23,P0056,78,0,2,76,0
2024-04-23,P0057,105,18,0,123,0
2024-04-23,P0058,57,0,12,45,0
2024-04-23,P0059,141,0,9,132,0
2024-04-23,P0060,0,0,7,0,0
2024-04-23,P0061,21,0,0,21,0
2024-04-23,P0062,125,0,0,125,0
2024-04-23,P0063,0,0,6,0,3
2024-04-23,P0064,53,0,0,53,0
2024-04-23,P0065,102,0,11,91,0
2024-04-23,P0066,5,0,9,0,0
2024-04-23,P0067,0,0,6,0,0
2024-04-23,P0068,196,0,0,196,0
2024-04-23,P0069,70,0,0,70,0
2024-04-23,P0070,0,0,4,0,0
2024-04-23,P0071,127,0,5,122,0
2024-04-23,P0072,167,0,0,167,0
2024-04-23,P0073,15,0,4,11,0
2024-04-23,P0074,6,0,4,2,0
2024-04-23,P0075,0,0,1,0,0
2024-04-23,P0076,40,0,0,40,0
2024-04-23,P0077,175,0,0,175,0
2024-04-23,P0078,0,0,0,0,0
2024-04-23,P0079,0,0,31,0,0
2024-04-23,P0080,135,0,0,135,0
2024-04-24,P0001,2,0,1,1,0
2024-04-24,P0002,260,0,0,260,0
2024-04-24,P0003,35,0,0,35,0
2024-04-24,P0004,96,0,0,96,0
2024-04-24,P0005,40,19,1,58,0
2024-04-24,P0006,67,0,1,66,0
2024-04-24,P0007,154,0,1,153,0
2024-04-24,P0008,138,0,0,138,0
2024-04-24,P0009,205,36,7,234,0
2024-04-24,P0010,95,0,7,88,0
2024-04-24,P0011,95,0,0,95,0
2024-04-24,P0012,114,0,0,114,0
2024-04-24,P0013,64,0,0,62,2
2024-04-24,P0014,44,0,0,44,0
2024-04-24,P0015,0,0,6,0,0
2024-04-24,P0016,61,0,6,55,0
2024-04-24,P0017,21,25,2,44,0
2024-04-24,P0018,9,0,3,6,0
2024-04-24,P0019,192,0,0,192,0
2024-04-24,P0020,160,0,0,160,0
2024-04-24,P0021,3,0,1,2,0
2024-04-24,P0022,68,0,3,65,0
2024-04-24,P0023,113,0,0,113,0
2024-04-24,P0024,98,0,0,98,0
2024-04-24,P0025,95,0,2,93,0
2024-04-24,P0026,209,0,0,209,0
2024-04-24,P0027,142,0,0,142,0
2024-04-24,P0028,19,0,1,18,0
2024-04-24,P0029,45,15,0,60,0
2024-04-24,P0030,31,0,0,31,0
2024-04-24,P0031,209,0,0,209,0
2024-04-24,P0032,27,0,4,23,0
2024-04-24,P0033,25,0,1,24,0
2024-04-24,P0034,111,0,0,111,0
2024-04-24,P0035,13,0,2,11,0
2024-04-24,P0036,7,0,4,3,0
2024-04-24,P0037,20,0,11,9,0
2024-04-24,P0038,13,0,1,12,0
2024-04-24,P0039,72,0,0,72,0
2024-04-24,P0040,47,0,0,47,0
2024-04-24,P0041,132,19,0,151,0
2024-04-24,P0042,97,0,0,97,0
2024-04-24,P0043,141,15,1,155,0
2024-04-24,P0044,0,0,14,0,0
2024-04-24,P0045,100,0,0,100,0
2024-04-24,P0046,0,0,12,0,0
2024-04-24,P0047,16,0,5,11,0
2024-04-24,P0048,0,0,0,0,0
2024-04-24,P0049,42,0,0,42,0
2024-04-24,P0050,140,0,4,136,0
2024-04-24,P0051,62,0,0,62,0
2024-04-24,P0052,140,0,0,140,0
2024-04-24,P0053,18,0,1,17,0
2024-04-24,P0054,89,0,0,89,0
2024-04-24,P0055,214,0,0,214,0
2024-04-24,P0056,76,0,4,72,0
2024-04-24,P0057,123,0,0,123,0
2024-04-24,P0058,45,0,13,32,0
2024-04-24,P0059,132,0,16,116,0
2024-04-24,P0060,0,0,7,0,0
2024-04-24,P0061,21,0,0,21,0
2024-04-24,P0062,125,0,0,125,0
2024-04-24,P0063,0,0,17,0,0
2024-04-24,P0064,53,0,2,51,0
2024-04-24,P0065,91,0,14,77,0
2024-04-24,P0066,0,0,11,0,0
2024-04-24,P0067,0,0,4,0,0
2024-04-24,P0068,196,0,3,193,0
2024-04-24,P0069,70,0,0,70,0
2024-04-24,P0070,0,0,3,0,0
2024-04-24,P0071,122,0,4,118,0
2024-04-24,P0072,167,0,0,167,0
2024-04-24,P0073,11,0,2,9,0
2024-04-24,P0074,2,0,13,0,0
2024-04-24,P0075,0,0,1,0,0
2024-04-24,P0076,40,0,1,39,0
2024-04-24,P0077,175,0,0,175,0
2024-04-24,P0078,0,0,7,0,2
2024-04-24,P0079,0,0,29,0,0
2024-04-24,P0080,135,0,0,135,0
2024-04-25,P0001,1,0,8,0,0
2024-04-25,P0002,260,0,3,257,0
2024-04-25,P0003,35,0,2,33,0
2024-04-25,P0004,96,0,0,96,0
2024-04-25,P0005,58,0,1,57,0
2024-04-25,P0006,66,0,0,66,0
2024-04-25,P0007,153,0,0,153,0
2024-04-25,P0008,138,0,0,138,0
2024-04-25,P0009,234,0,11,223,0
2024-04-25,P0010,88,0,4,84,0
2024-04-25,P0011,95,0,4,91,0
2024-04-25,P0012,114,17,0,131,0
2024-04-25,P0013,62,21,0,83,0
2024-04-25,P0014,44,0,5,39,0
2024-04-25,P0015,0,0,8,0,0
2024-04-25,P0016,55,0,0,55,0
2024-04-25,P0017,44,0,3,41,0
2024-04-25,P0018,6,0,2,4,0
2024-04-25,P0019,192,0,0,190,2
2024-04-25,P0020,160,0,0,160,0
2024-04-25,P0021,2,0,4,0,0
2024-04-25,P0022,65,0,5,60,0
2024-04-25,P0023,113,0,0,113,0
2024-04-25,P0024,98,0,0,98,0
2024-04-25,P0025,93,0,4,89,0
2024-04-25,P0026,209,0,0,209,0
2024-04-25,P0027,142,0,0,142,0
2024-04-25,P0028,18,0,0,18,0
2024-04-25,P0029,60,0,4,56,0
2024-04-25,P0030,31,0,5,26,0
2024-04-25,P0031,209,0,0,209,0
2024-04-25,P0032,23,0,4,19,0
2024-04-25,P0033,24,0,0,24,0
2024-04-25,P0034,111,0,0,111,0
2024-04-25,P0035,11,0,3,8,0
2024-04-25,P0036,3,23,2,24,0
2024-04-25,P0037,9,0,5,4,0
2024-04-25,P0038,12,0,4,8,0
2024-04-25,P0039,72,0,9,63,0
2024-04-25,P0040,47,0,0,47,0
2024-04-25,P0041,151,0,4,147,0
2024-04-25,P0042,97,0,0,97,0
2024-04-25,P0043,155,0,0,155,0
2024-04-25,P0044,0,0,20,0,0
2024-04-25,P0045,100,0,3,97,0
2024-04-25,P0046,0,0,8,0,0
2024-04-25,P0047,11,13,7,17,0
2024-04-25,P0048,0,0,1,0,0
2024-04-25,P0049,42,0,3,39,0
2024-04-25,P0050,136,0,4,132,0
2024-04-25,P0051,62,0,2,60,0
2024-04-25,P0052,140,0,0,140,0
2024-04-25,P0053,17,0,2,15,0
2024-04-25,P0054,89,0,1,88,0
2024-04-25,P0055,214,0,0,214,0
2024-04-25,P0056,72,0,0,72,0
2024-04-25,P0057,123,0,0,123,0
2024-04-25,P0058,32,0,8,24,0
2024-04-25,P0059,116,0,19,97,0
2024-04-25,P0060,0,32,9,23,0
2024-04-25,P0061,21,0,4,17,0
2024-04-25,P0062,125,0,0,125,0
2024-04-25,P0063,0,0,3,0,0
2024-04-25,P0064,51,0,0,51,0
2024-04-25,P0065,77,0,21,56,0
2024-04-25,P0066,0,91,20,71,0
2024-04-25,P0067,0,0,10,0,0
2024-04-25,P0068,193,0,0,193,0
2024-04-25,P0069,70,0,3,67,0
2024-04-25,P0070,0,0,9,0,0
2024-04-25,P0071,118,0,2,114,2
2024-04-25,P0072,167,0,0,167,0
2024-04-25,P0073,9,0,9,0,0
2024-04-25,P0074,0,0,7,0,0
2024-04-25,P0075,0,0,0,0,0
2024-04-25,P0076,39,0,0,39,0
2024-04-25,P0077,175,20,0,195,0
2024-04-25,P0078,0,0,2,0,0
2024-04-25,P0079,0,0,28,0,0
2024-04-25,P0080,135,0,1,134,0
2024-04-26,P0001,0,0,6,0,0
2024-04-26,P0002,257,0,1,256,0
2024-04-26,P0003,33,0,2,31,0
2024-04-26,P0004,96,0,3,93,0
2024-04-26,P0005,57,0,0,57,0
2024-04-26,P0006,66,0,0,66,0
2024-04-26,P0007,153,0,1,152,0
2024-04-26,P0008,138,0,0,138,0
2024-04-26,P0009,223,0,10,213,0
2024-04-26,P0010,84,0,1,83,0
2024-04-26,P0011,91,0,2,89,0
2024-04-26,P0012,131,0,0,131,0
2024-04-26,P0013,83,20,0,103,0
2024-04-26,P0014,39,0,10,29,0
2024-04-26,P0015,0,55,8,47,0
2024-04-26,P0016,55,0,6,49,0
2024-04-26,P0017,41,0,0,41,0
2024-04-26,P0018,4,0,1,3,0
2024-04-26,P0019,190,0,0,190,0
2024-04-26,P0020,160,0,4,156,0
2024-04-26,P0021,0,47,9,38,0
2024-04-26,P0022,60,0,3,57,0
2024-04-26,P0023,113,0,0,113,0
2024-04-26,P0024,98,0,0,98,0
2024-04-26,P0025,89,0,5,84,0
2024-04-26,P0026,209,0,0,209,0
2024-04-26,P0027,142,0,0,142,0
2024-04-26,P0028,18,0,3,15,0
2024-04-26,P0029,56,23,2,77,0
2024-04-26,P0030,26,0,1,25,0
2024-04-26,P0031,209,0,3,206,0
2024-04-26,P0032,19,0,2,17,0
2024-04-26,P0033,24,0,0,24,0
2024-04-26,P0034,111,0,0,111,0
2024-04-26,P0035,8,0,4,4,0
2024-04-26,P0036,24,0,7,17,0
2024-04-26,P0037,4,0,6,0,0
2024-04-26,P0038,8,0,3,5,0
2024-04-26,P0039,63,0,8,55,0
2024-04-26,P0040,47,0,0,47,0
2024-04-26,P0041,147,0,3,144,0
2024-04-26,P0042,97,0,0,97,0
2024-04-26,P0043,155,0,0,155,0
2024-04-26,P0044,0,0,27,0,0
2024-04-26,P0045,97,0,0,97,0
2024-04-26,P0046,0,0,1,0,0
2024-04-26,P0047,17,0,0,17,0
2024-04-26,P0048,0,0,0,0,0
2024-04-26,P0049,39,0,0,39,0
2024-04-26,P0050,132,0,2,130,0
2024-04-26,P0051,60,0,5,55,0
2024-04-26,P0052,140,0,0,140,0
2024-04-26,P0053,15,0,2,13,0
2024-04-26,P0054,88,0,0,88,0
2024-04-26,P0055,214,0,0,214,0
2024-04-26,P0056,72,0,1,71,0
2024-04-26,P0057,123,0,0,123,0
2024-04-26,P0058,24,0,12,12,0
2024-04-26,P0059,97,0,7,90,0
2024-04-26,P0060,23,50,0,73,0
2024-04-26,P0061,17,0,0,17,0
2024-04-26,P0062,125,0,0,125,0
2024-04-26,P0063,0,0,11,0,0
2024-04-26,P0064,51,0,0,51,0
2024-04-26,P0065,56,0,3,53,0
2024-04-26,P0066,71,0,8,63,0
2024-04-26,P0067,0,0,2,0,0
2024-04-26,P0068,193,0,0,193,0
2024-04-26,P0069,67,0,0,65,2
2024-04-26,P0070,0,0,4,0,0
2024-04-26,P0071,114,0,0,114,0
2024-04-26,P0072,167,0,0,167,0
2024-04-26,P0073,0,0,5,0,0
2024-04-26,P0074,0,0,6,0,0
2024-04-26,P0075,0,0,4,0,0
2024-04-26,P0076,39,0,1,38,0
2024-04-26,P0077,195,0,0,195,0
2024-04-26,P0078,0,0,1,0,0
2024-04-26,P0079,0,0,42,0,0
2024-04-26,P0080,134,0,0,134,0
2024-04-27,P0001,0,0,2,0,0
2024-04-27,P0002,256,0,0,256,0
2024-04-27,P0003,31,0,3,28,0
2024-04-27,P0004,93,0,3,90,0
2024-04-27,P0005,57,0,7,50,0
2024-04-27,P0006,66,0,2,64,0
2024-04-27,P0007,152,0,3,149,0
2024-04-27,P0008,138,0,0,138,0
2024-04-27,P0009,213,0,16,197,0
2024-04-27,P0010,83,0,8,75,0
2024-04-27,P0011,89,0,4,85,0
2024-04-27,P0012,131,0,0,131,0
2024-04-27,P0013,103,0,0,103,0
2024-04-27,P0014,29,0,11,18,0
2024-04-27,P0015,47,57,12,92,0
2024-04-27,P0016,49,44,4,89,0
2024-04-27,P0017,41,34,7,68,0
2024-04-27,P0018,3,0,4,0,0
2024-04-27,P0019,190,0,0,190,0
2024-04-27,P0020,156,0,0,156,0
2024-04-27,P0021,38,0,9,29,0
2024-04-27,P0022,57,0,2,55,0
2024-04-27,P0023,113,0,0,113,0
2024-04-27,P0024,98,0,0,98,0
2024-04-27,P0025,84,0,0,84,0
2024-04-27,P0026,209,0,0,209,0
2024-04-27,P0027,142,0,0,142,0
2024-04-27,P0028,15,0,2,13,0
2024-04-27,P0029,77,0,0,77,0
2024-04-27,P0030,25,0,4,21,0
2024-04-27,P0031,206,0,1,205,0
2024-04-27,P0032,17,0,1,16,0
2024-04-27,P0033,24,0,0,23,1
2024-04-27,P0034,111,0,2,109,0
2024-04-27,P0035,4,0,3,1,0
2024-04-27,P0036,17,0,0,17,0
2024-04-27,P0037,0,0,6,0,0
2024-04-27,P0038,5,0,1,4,0
2024-04-27,P0039,55,0,1,54,0
2024-04-27,P0040,47,0,0,47,0
2024-04-27,P0041,144,22,0,166,0
2024-04-27,P0042,97,0,6,91,0
2024-04-27,P0043,155,0,0,155,0
2024-04-27,P0044,0,0,26,0,0
2024-04-27,P0045,97,0,3,94,0
2024-04-27,P0046,0,0,14,0,0
2024-04-27,P0047,17,0,1,16,0
2024-04-27,P0048,0,0,7,0,0
2024-04-27,P0049,39,0,0,39,0
2024-04-27,P0050,130,0,2,128,0
2024-04-27,P0051,55,21,2,74,0
2024-04-27,P0052,140,17,0,154,3
2024-04-27,P0053,13,0,1,12,0
2024-04-27,P0054,88,13,0,101,0
2024-04-27,P0055,214,0,0,214,0
2024-04-27,P0056,71,0,1,70,0
2024-04-27,P0057,123,0,0,123,0
2024-04-27,P0058,12,0,13,0,0
2024-04-27,P0059,90,49,10,129,0
2024-04-27,P0060,73,0,9,64,0
2024-04-27,P0061,17,0,0,17,0
2024-04-27,P0062,125,12,0,137,0
2024-04-27,P0063,0,67,9,58,0
2024-04-27,P0064,51,0,1,50,0
2024-04-27,P0065,53,0,19,34,0
2024-04-27,P0066,63,0,12,51,0
2024-04-27,P0067,0,0,10,0,0
2024-04-27,P0068,193,0,0,193,0
2024-04-27,P0069,65,0,0,65,0
2024-04-27,P0070,0,0,5,0,0
2024-04-27,P0071,114,0,9,105,0
2024-04-27,P0072,167,0,2,165,0
2024-04-27,P0073,0,0,0,0,0
2024-04-27,P0074,0,0,12,0,0
2024-04-27,P0075,0,0,0,0,0
2024-04-27,P0076,38,26,0,64,0
2024-04-27,P0077,195,0,0,194,1
2024-04-27,P0078,0,0,0,0,0
2024-04-27,P0079,0,166,35,131,0
2024-04-27,P0080,134,0,0,134,0
2024-04-28,P0001,0,0,7,0,0
2024-04-28,P0002,256,0,0,256,0
2024-04-28,P0003,28,0,0,28,0
2024-04-28,P0004,90,0,9,81,0
2024-04-28,P0005,50,0,1,49,0
2024-04-28,P0006,64,0,2,62,0
2024-04-28,P0007,149,0,0,149,0
2024-04-28,P0008,138,0,1,137,0
2024-04-28,P0009,197,0,14,183,0
2024-04-28,P0010,75,0,10,65,0
2024-04-28,P0011,85,0,0,85,0
2024-04-28,P0012,131,0,0,131,0
2024-04-28,P0013,103,0,3,100,0
2024-04-28,P0014,18,28,1,45,0
2024-04-28,P0015,92,36,8,120,0
2024-04-28,P0016,89,26,12,103,0
2024-04-28,P0017,68,0,3,63,2
2024-04-28,P0018,0,0,5,0,0
2024-04-28,P0019,190,0,0,190,0
2024-04-28,P0020,156,0,0,156,0
2024-04-28,P0021,29,0,1,28,0
2024-04-28,P0022,55,0,4,51,0
2024-04-28,P0023,113,0,0,113,0
2024-04-28,P0024,98,0,0,98,0
2024-04-28,P0025,84,0,1,83,0
2024-04-28,P0026,209,0,0,209,0
2024-04-28,P0027,142,0,0,142,0
2024-04-28,P0028,13,0,3,10,0
2024-04-28,P0029,77,0,1,76,0
2024-04-28,P0030,21,0,2,19,0
2024-04-28,P0031,205,22,0,227,0
2024-04-28,P0032,16,0,7,9,0
2024-04-28,P0033,23,0,0,23,0
2024-04-28,P0034,109,0,4,105,0
2024-04-28,P0035,1,0,1,0,1
2024-04-28,P0036,17,27,0,44,0
2024-04-28,P0037,0,0,6,0,0
2024-04-28,P0038,4,0,1,3,0
2024-04-28,P0039,54,0,0,54,0
2024-04-28,P0040,47,18,3,62,0
2024-04-28,P0041,166,13,1,178,0
2024-04-28,P0042,91,0,0,91,0
2024-04-28,P0043,155,0,0,155,0
2024-04-28,P0044,0,0,26,0,0
2024-04-28,P0045,94,0,3,91,0
2024-04-28,P0046,0,0,9,0,0
2024-04-28,P0047,16,0,1,15,0
2024-04-28,P0048,0,0,3,0,0
2024-04-28,P0049,39,11,3,47,0
2024-04-28,P0050,128,0,0,128,0
2024-04-28,P0051,74,0,0,74,0
2024-04-28,P0052,154,0,3,151,0
2024-04-28,P0053,12,0,2,10,0
2024-04-28,P0054,101,0,2,99,0
2024-04-28,P0055,214,0,0,214,0
2024-04-28,P0056,70,0,0,70,0
2024-04-28,P0057,123,0,2,121,0
2024-04-28,P0058,0,0,14,0,0
2024-04-28,P0059,129,0,16,113,0
2024-04-28,P0060,64,43,13,94,0
2024-04-28,P0061,17,0,7,10,0
2024-04-28,P0062,137,0,0,137,0
2024-04-28,P0063,58,0,4,54,0
2024-04-28,P0064,50,0,2,46,2
2024-04-28,P0065,34,0,12,22,0
2024-04-28,P0066,51,109,32,128,0
2024-04-28,P0067,0,0,7,0,0
2024-04-28,P0068,193,0,0,193,0
2024-04-28,P0069,65,0,3,62,0
2024-04-28,P0070,0,0,3,0,0
2024-04-28,P0071,105,0,3,102,0
2024-04-28,P0072,165,0,0,165,0
2024-04-28,P0073,0,0,0,0,0
2024-04-28,P0074,0,0,7,0,0
2024-04-28,P0075,0,0,13,0,0
2024-04-28,P0076,64,0,1,63,0
2024-04-28,P0077,194,0,0,194,0
2024-04-28,P0078,0,0,4,0,0
2024-04-28,P0079,131,0,33,98,0
2024-04-28,P0080,134,0,2,132,0
2024-04-29,P0001,0,0,3,0,0
2024-04-29,P0002,256,0,0,256,0
2024-04-29,P0003,28,0,0,28,0
2024-04-29,P0004,81,0,11,70,0
2024-04-29,P0005,49,0,2,47,0
2024-04-29,P0006,62,0,7,55,0
2024-04-29,P0007,149,0,0,149,0
2024-04-29,P0008,137,0,0,137,0
2024-04-29,P0009,183,0,0,183,0
2024-04-29,P0010,65,0,3,62,0
2024-04-29,P0011,85,0,7,78,0
2024-04-29,P0012,131,0,0,131,0
2024-04-29,P0013,100,0,4,96,0
2024-04-29,P0014,45,0,0,45,0
2024-04-29,P0015,120,0,1,119,0
2024-04-29,P0016,103,0,5,98,0
2024-04-29,P0017,63,0,3,60,0
2024-04-29,P0018,0,0,2,0,0
2024-04-29,P0019,190,0,0,190,0
2024-04-29,P0020,156,0,0,156,0
2024-04-29,P0021,28,0,7,21,0
2024-04-29,P0022,51,0,8,43,0
2024-04-29,P0023,113,0,0,113,0
2024-04-29,P0024,98,0,0,98,0
2024-04-29,P0025,83,0,1,82,0
2024-04-29,P0026,209,0,0,209,0
2024-04-29,P0027,142,0,1,141,0
2024-04-29,P0028,10,0,0,10,0
2024-04-29,P0029,76,0,0,76,0
2024-04-29,P0030,19,0,0,19,0
2024-04-29,P0031,227,0,5,222,0
2024-04-29,P0032,9,0,1,8,0
2024-04-29,P0033,23,0,2,21,0
2024-04-29,P0034,105,19,0,124,0
2024-04-29,P0035,0,0,2,0,0
2024-04-29,P0036,44,0,10,34,0
2024-04-29,P0037,0,25,11,14,0
2024-04-29,P0038,3,0,2,1,0
2024-04-29,P0039,54,0,8,46,0
2024-04-29,P0040,62,0,0,62,0
2024-04-29,P0041,178,11,0,189,0
2024-04-29,P0042,91,0,5,86,0
2024-04-29,P0043,155,0,0,155,0
2024-04-29,P0044,0,67,16,51,0
2024-04-29,P0045,91,0,0,91,0
2024-04-29,P0046,0,0,9,0,0
2024-04-29,P0047,15,0,1,14,0
2024-04-29,P0048,0,0,5,0,0
2024-04-29,P0049,47,0,0,47,0
2024-04-29,P0050,128,18,6,140,0
2024-04-29,P0051,74,0,5,69,0
2024-04-29,P0052,151,0,3,148,0
2024-04-29,P0053,10,0,2,8,0
2024-04-29,P0054,99,0,0,99,0
2024-04-29,P0055,214,0,0,214,0
2024-04-29,P0056,70,0,0,70,0
2024-04-29,P0057,121,0,0,121,0
2024-04-29,P0058,0,0,0,0,0
2024-04-29,P0059,113,0,17,96,0
2024-04-29,P0060,94,0,3,91,0
2024-04-29,P0061,10,19,4,25,0
2024-04-29,P0062,137,0,0,137,0
2024-04-29,P0063,54,0,1,53,0
2024-04-29,P0064,46,0,4,42,0
2024-04-29,P0065,22,0,18,4,0
2024-04-29,P0066,128,0,17,111,0
2024-04-29,P0067,0,0,14,0,0
2024-04-29,P0068,193,0,4,188,1
2024-04-29,P0069,62,0,0,62,0
2024-04-29,P0070,0,0,4,0,0
2024-04-29,P0071,102,0,0,102,0
2024-04-29,P0072,165,20,0,185,0
2024-04-29,P0073,0,0,0,0,0
2024-04-29,P0074,0,0,14,0,0
2024-04-29,P0075,0,0,1,0,0
2024-04-29,P0076,63,19,0,82,0
2024-04-29,P0077,194,0,1,193,0
2024-04-29,P0078,0,0,3,0,0
2024-04-29,P0079,98,0,17,81,0
2024-04-29,P0080,132,0,0,132,0
2024-04-30,P0001,0,0,2,0,0
2024-04-30,P0002,256,0,4,252,0
2024-04-30,P0003,28,0,2,26,0
2024-04-30,P0004,70,0,1,69,0
2024-04-30,P0005,47,0,4,43,0
2024-04-30,P0006,55,19,3,71,0
2024-04-30,P0007,149,0,1,148,0
2024-04-30,P0008,137,16,0,153,0
2024-04-30,P0009,183,49,8,224,0
2024-04-30,P0010,62,0,1,61,0
2024-04-30,P0011,78,0,4,74,0
2024-04-30,P0012,131,0,0,131,0
2024-04-30,P0013,96,0,3,93,0
2024-04-30,P0014,45,19,0,64,0
2024-04-30,P0015,119,0,1,118,0
2024-04-30,P0016,98,0,1,97,0
2024-04-30,P0017,60,0,0,60,0
2024-04-30,P0018,0,0,4,0,3
2024-04-30,P0019,190,0,0,190,0
2024-04-30,P0020,156,0,0,156,0
2024-04-30,P0021,21,51,12,60,0
2024-04-30,P0022,43,0,0,43,0
2024-04-30,P0023,113,0,0,113,0
2024-04-30,P0024,98,0,0,98,0
2024-04-30,P0025,82,0,1,81,0
2024-04-30,P0026,209,16,0,225,0
2024-04-30,P0027,141,0,0,141,0
2024-04-30,P0028,10,0,0,10,0
2024-04-30,P0029,76,0,2,74,0
2024-04-30,P0030,19,0,0,19,0
2024-04-30,P0031,222,0,0,222,0
2024-04-30,P0032,8,0,2,6,0
2024-04-30,P0033,21,0,0,21,0
2024-04-30,P0034,124,0,1,123,0
2024-04-30,P0035,0,0,1,0,0
2024-04-30,P0036,34,0,0,34,0
2024-04-30,P0037,14,0,8,6,0
2024-04-30,P0038,1,0,1,0,0
2024-04-30,P0039,46,0,2,43,1
2024-04-30,P0040,62,0,0,62,0
2024-04-30,P0041,189,0,1,188,0
2024-04-30,P0042,86,0,0,86,0
2024-04-30,P0043,155,0,0,155,0
2024-04-30,P0044,51,0,14,37,0
2024-04-30,P0045,91,0,0,91,0
2024-04-30,P0046,0,0,9,0,0
2024-04-30,P0047,14,0,1,13,0
2024-04-30,P0048,0,0,10,0,0
2024-04-30,P0049,47,0,0,47,0
2024-04-30,P0050,140,0,0,140,0
2024-04-30,P0051,69,0,1,68,0
2024-04-30,P0052,148,0,0,148,0
2024-04-30,P0053,8,0,3,5,0
2024-04-30,P0054,99,0,0,99,0
2024-04-30,P0055,214,0,0,214,0
2024-04-30,P0056,70,0,0,70,0
2024-04-30,P0057,121,0,1,120,0
2024-04-30,P0058,0,0,5,0,0
2024-04-30,P0059,96,51,7,140,0
2024-04-30,P0060,91,0,7,84,0
2024-04-30,P0061,25,0,0,25,0
2024-04-30,P0062,137,0,1,136,0
2024-04-30,P0063,53,0,4,49,0
2024-04-30,P0064,42,13,1,54,0
2024-04-30,P0065,4,0,14,0,0
2024-04-30,P0066,111,0,4,107,0
2024-04-30,P0067,0,0,4,0,0
2024-04-30,P0068,188,0,0,188,0
2024-04-30,P0069,62,0,0,62,0
2024-04-30,P0070,0,0,1,0,0
2024-04-30,P0071,102,0,0,102,0
2024-04-30,P0072,185,0,0,185,0
2024-04-30,P0073,0,0,2,0,0
2024-04-30,P0074,0,0,10,0,0
2024-04-30,P0075,0,0,4,0,0
2024-04-30,P0076,82,0,0,82,0
2024-04-30,P0077,193,0,0,193,0
2024-04-30,P0078,0,0,2,0,0
2024-04-30,P0079,81,0,25,56,0
2024-04-30,P0080,132,0,0,132,0
2024-05-01,P0001,0,0,3,0,0
2024-05-01,P0002,252,0,0,252,0
2024-05-01,P0003,26,0,0,26,0
2024-05-01,P0004,69,40,6,103,0
2024-05-01,P0005,43,14,3,54,0
2024-05-01,P0006,71,0,0,71,0
2024-05-01,P0007,148,19,0,167,0
2024-05-01,P0008,153,0,0,153,0
2024-05-01,P0009,224,0,2,222,0
2024-05-01,P0010,61,0,14,47,0
2024-05-01,P0011,74,0,5,69,0
2024-05-01,P0012,131,0,1,130,0
2024-05-01,P0013,93,0,0,93,0
2024-05-01,P0014,64,0,3,61,0
2024-05-01,P0015,118,0,10,108,0
2024-05-01,P0016,97,0,4,93,0
2024-05-01,P0017,60,0,8,52,0
2024-05-01,P0018,0,0,2,0,0
2024-05-01,P0019,190,0,0,190,0
2024-05-01,P0020,156,0,0,156,0
2024-05-01,P0021,60,0,4,56,0
2024-05-01,P0022,43,0,0,43,0
2024-05-01,P0023,113,0,0,113,0
2024-05-01,P0024,98,0,2,96,0
2024-05-01,P0025,81,0,1,80,0
2024-05-01,P0026,225,0,0,225,0
2024-05-01,P0027,141,0,0,141,0
2024-05-01,P0028,10,0,4,6,0
2024-05-01,P0029,74,0,3,71,0
2024-05-01,P0030,19,0,1,18,0
2024-05-01,P0031,222,0,0,222,0
2024-05-01,P0032,6,0,7,0,0
2024-05-01,P0033,21,22,4,39,0
2024-05-01,P0034,123,0,2,121,0
2024-05-01,P0035,0,0,6,0,0
2024-05-01,P0036,34,0,3,31,0
2024-05-01,P0037,6,0,8,0,0
2024-05-01,P0038,0,25,6,19,0
2024-05-01,P0039,43,0,0,43,0
2024-05-01,P0040,62,0,0,62,0
2024-05-01,P0041,188,0,2,186,0
2024-05-01,P0042,86,0,8,78,0
2024-05-01,P0043,155,0,0,155,0
2024-05-01,P0044,37,99,18,118,0
2024-05-01,P0045,91,0,0,91,0
2024-05-01,P0046,0,0,3,0,0
2024-05-01,P0047,13,0,8,5,0
2024-05-01,P0048,0,0,0,0,0
2024-05-01,P0049,47,0,0,47,0
2024-05-01,P0050,140,0,1,139,0
2024-05-01,P0051,68,0,0,68,0
2024-05-01,P0052,148,0,0,148,0
2024-05-01,P0053,5,0,3,2,0
2024-05-01,P0054,99,0,0,99,0
2024-05-01,P0055,214,0,0,214,0
2024-05-01,P0056,70,0,0,70,0
2024-05-01,P0057,120,0,0,120,0
2024-05-01,P0058,0,0,4,0,2
2024-05-01,P0059,140,0,7,133,0
2024-05-01,P0060,84,44,8,120,0
2024-05-01,P0061,25,0,0,25,0
2024-05-01,P0062,136,0,0,136,0
2024-05-01,P0063,49,53,8,94,0
2024-05-01,P0064,54,0,1,53,0
2024-05-01,P0065,0,0,19,0,0
2024-05-01,P0066,107,0,8,99,0
2024-05-01,P0067,0,0,1,0,0
2024-05-01,P0068,188,0,0,188,0
2024-05-01,P0069,62,0,1,61,0
2024-05-01,P0070,0,0,10,0,0
2024-05-01,P0071,102,0,0,102,0
2024-05-01,P0072,185,0,0,185,0
2024-05-01,P0073,0,0,1,0,0
2024-05-01,P0074,0,0,10,0,0
2024-05-01,P0075,0,0,5,0,0
2024-05-01,P0076,82,0,2,80,0
2024-05-01,P0077,193,0,0,193,0
2024-05-01,P0078,0,0,5,0,0
2024-05-01,P0079,56,0,28,28,0
2024-05-01,P0080,132,0,0,132,0
2024-05-02,P0001,0,0,0,0,3
2024-05-02,P0002,252,0,1,251,0
2024-05-02,P0003,26,0,4,22,0
2024-05-02,P0004,103,0,6,97,0
2024-05-02,P0005,54,23,5,72,0
2024-05-02,P0006,71,18,0,89,0
2024-05-02,P0007,167,0,0,167,0
2024-05-02,P0008,153,0,1,152,0
2024-05-02,P0009,222,0,5,217,0
2024-05-02,P0010,47,0,10,37,0
2024-05-02,P0011,69,0,3,66,0
2024-05-02,P0012,130,0,0,130,0
2024-05-02,P0013,93,0,0,93,0
2024-05-02,P0014,61,0,2,59,0
2024-05-02,P0015,108,43,1,150,0
2024-05-02,P0016,93,0,8,85,0
2024-05-02,P0017,52,0,5,47,0
2024-05-02,P0018,0,0,5,0,0
2024-05-02,P0019,190,0,0,190,0
2024-05-02,P0020,156,0,0,156,0
2024-05-02,P0021,56,0,3,53,0
2024-05-02,P0022,43,0,7,36,0
2024-05-02,P0023,113,12,0,122,3
2024-05-02,P0024,96,0,0,96,0
2024-05-02,P0025,80,0,0,80,0
2024-05-02,P0026,225,0,0,225,0
2024-05-02,P0027,141,0,0,141,0
2024-05-02,P0028,6,0,0,6,0
2024-05-02,P0029,71,0,6,65,0
2024-05-02,P0030,18,0,2,16,0
2024-05-02,P0031,222,0,1,219,2
2024-05-02,P0032,0,0,0,0,0
2024-05-02,P0033,39,0,0,36,3
2024-05-02,P0034,121,0,0,121,0
2024-05-02,P0035,0,0,3,0,0
2024-05-02,P0036,31,0,1,28,2
2024-05-02,P0037,0,0,0,0,0
2024-05-02,P0038,19,0,2,17,0
2024-05-02,P0039,43,0,1,42,0
2024-05-02,P0040,62,0,0,62,0
2024-05-02,P0041,186,0,0,186,0
2024-05-02,P0042,78,18,0,96,0
2024-05-02,P0043,155,0,0,155,0
2024-05-02,P0044,118,0,22,96,0
2024-05-02,P0045,91,0,0,91,0
2024-05-02,P0046,0,0,3,0,0
2024-05-02,P0047,5,0,1,4,0
2024-05-02,P0048,0,0,1,0,0
2024-05-02,P0049,47,0,0,47,0
2024-05-02,P0050,139,0,1,138,0
2024-05-02,P0051,68,0,2,66,0
2024-05-02,P0052,148,0,0,148,0
2024-05-02,P0053,2,28,1,29,0
2024-05-02,P0054,99,0,3,96,0
2024-05-02,P0055,214,0,0,214,0
2024-05-02,P0056,70,0,1,69,0
2024-05-02,P0057,120,0,1,119,0
2024-05-02,P0058,0,0,1,0,0
2024-05-02,P0059,133,0,10,123,0
2024-05-02,P0060,120,0,6,114,0
2024-05-02,P0061,25,0,0,25,0
2024-05-02,P0062,136,0,0,136,0
2024-05-02,P0063,94,0,6,88,0
2024-05-02,P0064,53,0,0,53,0
2024-05-02,P0065,0,0,18,0,0
2024-05-02,P0066,99,0,7,92,0
2024-05-02,P0067,0,0,4,0,0
2024-05-02,P0068,188,0,0,188,0
2024-05-02,P0069,61,0,5,56,0
2024-05-02,P0070,0,0,2,0,0
2024-05-02,P0071,102,0,1,101,0
2024-05-02,P0072,185,0,0,185,0
2024-05-02,P0073,0,0,0,0,0
2024-05-02,P0074,0,0,9,0,0
2024-05-02,P0075,0,0,1,0,0
2024-05-02,P0076,80,0,0,80,0
2024-05-02,P0077,193,0,0,193,0
2024-05-02,P0078,0,0,0,0,0
2024-05-02,P0079,28,0,17,11,0
2024-05-02,P0080,132,0,0,132,0
2024-05-03,P0001,0,0,7,0,0
2024-05-03,P0002,251,0,0,250,1
2024-05-03,P0003,22,0,2,20,0
2024-05-03,P0004,97,0,12,84,1
2024-05-03,P0005,72,0,5,67,0
2024-05-03,P0006,89,0,0,89,0
2024-05-03,P0007,167,0,4,163,0
2024-05-03,P0008,152,0,0,152,0
2024-05-03,P0009,217,0,10,207,0
2024-05-03,P0010,37,0,8,29,0
2024-05-03,P0011,66,0,3,63,0
2024-05-03,P0012,130,0,3,127,0
2024-05-03,P0013,93,0,8,85,0
2024-05-03,P0014,59,24,0,83,0
2024-05-03,P0015,150,0,1,149,0
2024-05-03,P0016,85,0,2,83,0
2024-05-03,P0017,47,0,7,40,0
2024-05-03,P0018,0,0,3,0,0
2024-05-03,P0019,190,0,0,190,0
2024-05-03,P0020,156,12,4,164,0
2024-05-03,P0021,53,0,9,44,0
2024-05-03,P0022,36,0,4,32,0
2024-05-03,P0023,122,22,0,144,0
2024-05-03,P0024,96,0,0,96,0
2024-05-03,P0025,80,0,2,78,0
2024-05-03,P0026,225,0,0,225,0
2024-05-03,P0027,141,0,2,139,0
2024-05-03,P0028,6,0,5,1,0
2024-05-03,P0029,65,0,1,64,0
2024-05-03,P0030,16,0,0,16,0
2024-05-03,P0031,219,22,0,241,0
2024-05-03,P0032,0,0,4,0,0
2024-05-03,P0033,36,0,4,32,0
2024-05-03,P0034,121,18,1,138,0
2024-05-03,P0035,0,0,1,0,0
2024-05-03,P0036,28,0,7,21,0
2024-05-03,P0037,0,0,3,0,2
2024-05-03,P0038,17,0,2,15,0
2024-05-03,P0039,42,0,3,39,0
2024-05-03,P0040,62,0,0,62,0
2024-05-03,P0041,186,0,0,186,0
2024-05-03,P0042,96,0,5,91,0
2024-05-03,P0043,155,0,2,153,0
2024-05-03,P0044,96,0,22,74,0
2024-05-03,P0045,91,0,2,89,0
2024-05-03,P0046,0,0,12,0,0
2024-05-03,P0047,4,0,2,2,0
2024-05-03,P0048,0,0,1,0,0
2024-05-03,P0049,47,0,4,43,0
2024-05-03,P0050,138,0,5,133,0
2024-05-03,P0051,66,0,0,66,0
2024-05-03,P0052,148,0,0,148,0
2024-05-03,P0053,29,0,0,29,0
2024-05-03,P0054,96,0,0,96,0
2024-05-03,P0055,214,0,0,214,0
2024-05-03,P0056,69,0,5,64,0
2024-05-03,P0057,119,0,5,114,0
2024-05-03,P0058,0,0,12,0,0
2024-05-03,P0059,123,0,9,114,0
2024-05-03,P0060,114,0,19,95,0
2024-05-03,P0061,25,0,0,25,0
2024-05-03,P0062,136,0,1,135,0
2024-05-03,P0063,88,0,13,75,0
2024-05-03,P0064,53,0,3,50,0
2024-05-03,P0065,0,0,19,0,0
2024-05-03,P0066,92,0,8,84,0
2024-05-03,P0067,0,0,8,0,0
2024-05-03,P0068,188,0,4,184,0
2024-05-03,P0069,56,0,2,54,0
2024-05-03,P0070,0,0,3,0,0
2024-05-03,P0071,101,0,2,99,0
2024-05-03,P0072,185,0,0,185,0
2024-05-03,P0073,0,0,0,0,0
2024-05-03,P0074,0,71,12,57,2
2024-05-03,P0075,0,0,2,0,0
2024-05-03,P0076,80,19,0,99,0
2024-05-03,P0077,193,0,0,193,0
2024-05-03,P0078,0,0,5,0,0
2024-05-03,P0079,11,0,55,0,0
2024-05-03,P0080,132,0,0,132,0
2024-05-04,P0001,0,0,4,0,0
2024-05-04,P0002,250,0,0,250,0
2024-05-04,P0003,20,0,5,15,0
2024-05-04,P0004,84,0,4,80,0
2024-05-04,P0005,67,12,0,79,0
2024-05-04,P0006,89,0,0,89,0
2024-05-04,P0007,163,0,3,160,0
2024-05-04,P0008,152,20,1,171,0
2024-05-04,P0009,207,0,3,204,0
2024-05-04,P0010,29,0,6,23,0
2024-05-04,P0011,63,0,5,58,0
2024-05-04,P0012,127,22,0,149,0
2024-05-04,P0013,85,0,5,80,0
2024-05-04,P0014,83,0,7,76,0
2024-05-04,P0015,149,0,9,140,0
2024-05-04,P0016,83,0,14,69,0
2024-05-04,P0017,40,0,1,39,0
2024-05-04,P0018,0,0,2,0,0
2024-05-04,P0019,190,13,4,199,0
2024-05-04,P0020,164,0,0,164,0
2024-05-04,P0021,44,0,5,39,0
2024-05-04,P0022,32,0,0,32,0
2024-05-04,P0023,144,0,0,144,0
2024-05-04,P0024,96,0,0,96,0
2024-05-04,P0025,78,0,0,78,0
2024-05-04,P0026,225,0,4,221,0
2024-05-04,P0027,139,0,0,139,0
2024-05-04,P0028,1,0,2,0,0
2024-05-04,P0029,64,0,1,63,0
2024-05-04,P0030,16,0,3,13,0
2024-05-04,P0031,241,0,0,241,0
2024-05-04,P0032,0,0,5,0,0
2024-05-04,P0033,32,0,0,32,0
2024-05-04,P0034,138,0,5,133,0
2024-05-04,P0035,0,0,4,0,0
2024-05-04,P0036,21,0,7,14,0
2024-05-04,P0037,0,0,4,0,0
2024-05-04,P0038,15,27,11,30,1
2024-05-04,P0039,39,0,3,36,0
2024-05-04,P0040,62,0,0,62,0
2024-05-04,P0041,186,0,3,183,0
2024-05-04,P0042,91,0,0,91,0
2024-05-04,P0043,153,0,1,152,0
2024-05-04,P0044,74,0,17,57,0
2024-05-04,P0045,89,16,4,101,0
2024-05-04,P0046,0,0,10,0,0
2024-05-04,P0047,2,0,4,0,0
2024-05-04,P0048,0,0,9,0,0
2024-05-04,P0049,43,0,0,43,0
2024-05-04,P0050,133,0,2,131,0
2024-05-04,P0051,66,0,0,66,0
2024-05-04,P0052,148,0,0,148,0
2024-05-04,P0053,29,0,7,22,0
2024-05-04,P0054,96,0,0,96,0
2024-05-04,P0055,214,19,0,233,0
2024-05-04,P0056,64,0,1,63,0
2024-05-04,P0057,114,0,0,114,0
2024-05-04,P0058,0,0,4,0,0
2024-05-04,P0059,114,0,7,107,0
2024-05-04,P0060,95,0,4,91,0
2024-05-04,P0061,25,0,0,25,0
2024-05-04,P0062,135,0,0,135,0
2024-05-04,P0063,75,0,8,67,0
2024-05-04,P0064,50,0,0,50,0
2024-05-04,P0065,0,0,12,0,0
2024-05-04,P0066,84,0,18,66,0
2024-05-04,P0067,0,0,2,0,0
2024-05-04,P0068,184,0,10,174,0
2024-05-04,P0069,54,16,5,65,0
2024-05-04,P0070,0,0,12,0,0
2024-05-04,P0071,99,0,0,99,0
2024-05-04,P0072,185,0,0,185,0
2024-05-04,P0073,0,0,0,0,0
2024-05-04,P0074,57,0,13,44,0
2024-05-04,P0075,0,0,1,0,0
2024-05-04,P0076,99,0,3,96,0
2024-05-04,P0077,193,0,0,193,0
2024-05-04,P0078,0,0,7,0,0
2024-05-04,P0079,0,0,54,0,0
2024-05-04,P0080,132,0,0,132,0
2024-05-05,P0001,0,0,7,0,0
2024-05-05,P0002,250,0,1,249,0
2024-05-05,P0003,15,0,1,14,0
2024-05-05,P0004,80,35,7,108,0
2024-05-05,P0005,79,0,6,73,0
2024-05-05,P0006,89,0,0,89,0
2024-05-05,P0007,160,0,1,159,0
2024-05-05,P0008,171,0,1,167,3
2024-05-05,P0009,204,0,16,185,3
2024-05-05,P0010,23,0,12,11,0
2024-05-05,P0011,58,0,1,57,0
2024-05-05,P0012,149,0,0,149,0
2024-05-05,P0013,80,0,0,80,0
2024-05-05,P0014,76,0,7,69,0
2024-05-05,P0015,140,0,3,137,0
2024-05-05,P0016,69,0,23,46,0
2024-05-05,P0017,39,0,5,34,0
2024-05-05,P0018,0,0,3,0,0
2024-05-05,P0019,199,0,0,199,0
2024-05-05,P0020,164,0,0,164,0
2024-05-05,P0021,39,0,15,24,0
2024-05-05,P0022,32,0,9,23,0
2024-05-05,P0023,144,0,0,144,0
2024-05-05,P0024,96,0,0,96,0
2024-05-05,P0025,78,0,4,74,0
2024-05-05,P0026,221,0,0,221,0
2024-05-05,P0027,139,0,2,137,0
2024-05-05,P0028,0,0,3,0,0
2024-05-05,P0029,63,0,6,57,0
2024-05-05,P0030,13,0,4,9,0
2024-05-05,P0031,241,0,4,237,0
2024-05-05,P0032,0,0,11,0,0
2024-05-05,P0033,32,0,0,32,0
2024-05-05,P0034,133,0,3,130,0
2024-05-05,P0035,0,0,10,0,0
2024-05-05,P0036,14,0,2,12,0
2024-05-05,P0037,0,0,2,0,0
2024-05-05,P0038,30,0,0,30,0
2024-05-05,P0039,36,0,3,33,0
2024-05-05,P0040,62,0,0,62,0
2024-05-05,P0041,183,0,0,183,0
2024-05-05,P0042,91,22,0,113,0
2024-05-05,P0043,152,0,0,152,0
2024-05-05,P0044,57,0,20,37,0
2024-05-05,P0045,101,0,0,101,0
2024-05-05,P0046,0,0,6,0,0
2024-05-05,P0047,0,0,2,0,0
2024-05-05,P0048,0,0,1,0,0
2024-05-05,P0049,43,0,0,43,0
2024-05-05,P0050,131,0,11,120,0
2024-05-05,P0051,66,0,0,66,0
2024-05-05,P0052,148,0,0,148,0
2024-05-05,P0053,22,0,4,18,0
2024-05-05,P0054,96,0,1,95,0
2024-05-05,P0055,233,0,0,233,0
2024-05-05,P0056,63,0,1,62,0
2024-05-05,P0057,114,0,0,114,0
2024-05-05,P0058,0,0,18,0,0
2024-05-05,P0059,107,0,26,81,0
2024-05-05,P0060,91,0,6,85,0
2024-05-05,P0061,25,0,0,25,0
2024-05-05,P0062,135,0,0,135,0
2024-05-05,P0063,67,0,9,58,0
2024-05-05,P0064,50,0,0,50,0
2024-05-05,P0065,0,0,23,0,3
2024-05-05,P0066,66,0,20,46,0
2024-05-05,P0067,0,0,7,0,0
2024-05-05,P0068,174,0,2,172,0
2024-05-05,P0069,65,16,3,78,0
2024-05-05,P0070,0,0,1,0,0
2024-05-05,P0071,99,21,0,120,0
2024-05-05,P0072,185,0,0,185,0
2024-05-05,P0073,0,0,3,0,0
2024-05-05,P0074,44,0,12,32,0
2024-05-05,P0075,0,0,0,0,0
2024-05-05,P0076,96,0,3,93,0
2024-05-05,P0077,193,20,0,213,0
2024-05-05,P0078,0,0,2,0,0
2024-05-05,P0079,0,0,33,0,0
2024-05-05,P0080,132,0,0,132,0
2024-05-06,P0001,0,0,9,0,1
2024-05-06,P0002,249,0,0,249,0
2024-05-06,P0003,14,0,6,8,0
2024-05-06,P0004,108,0,8,100,0
2024-05-06,P0005,73,0,0,73,0
2024-05-06,P0006,89,0,3,86,0
2024-05-06,P0007,159,0,0,159,0
2024-05-06,P0008,167,0,2,165,0
2024-05-06,P0009,185,0,7,178,0
2024-05-06,P0010,11,0,2,9,0
2024-05-06,P0011,57,0,6,51,0
2024-05-06,P0012,149,0,1,148,0
2024-05-06,P0013,80,0,1,79,0
2024-05-06,P0014,69,0,7,62,0
2024-05-06,P0015,137,0,3,134,0
2024-05-06,P0016,46,0,6,40,0
2024-05-06,P0017,34,33,0,67,0
2024-05-06,P0018,0,0,1,0,0
2024-05-06,P0019,199,0,0,199,0
2024-05-06,P0020,164,0,0,164,0
2024-05-06,P0021,24,0,19,5,0
2024-05-06,P0022,23,0,1,22,0
2024-05-06,P0023,144,0,0,144,0
2024-05-06,P0024,96,0,0,96,0
2024-05-06,P0025,74,0,4,70,0
2024-05-06,P0026,221,0,0,221,0
2024-05-06,P0027,137,0,0,137,0
2024-05-06,P0028,0,0,3,0,0
2024-05-06,P0029,57,0,0,57,0
2024-05-06,P0030,9,0,3,6,0
2024-05-06,P0031,237,0,0,237,0
2024-05-06,P0032,0,0,6,0,0
2024-05-06,P0033,32,0,0,32,0
2024-05-06,P0034,130,17,0,147,0
2024-05-06,P0035,0,0,5,0,0
2024-05-06,P0036,12,0,2,10,0
2024-05-06,P0037,0,32,3,29,0
2024-05-06,P0038,30,0,3,27,0
2024-05-06,P0039,33,0,1,32,0
2024-05-06,P0040,62,0,0,62,0
2024-05-06,P0041,183,0,0,183,0
2024-05-06,P0042,113,0,0,113,0
2024-05-06,P0043,152,0,0,152,0
2024-05-06,P0044,37,121,11,147,0
2024-05-06,P0045,101,0,1,100,0
2024-05-06,P0046,0,0,3,0,0
2024-05-06,P0047,0,0,3,0,0
2024-05-06,P0048,0,0,2,0,0
2024-05-06,P0049,43,0,2,41,0
2024-05-06,P0050,120,0,2,118,0
2024-05-06,P0051,66,0,0,66,0
2024-05-06,P0052,148,0,5,143,0
2024-05-06,P0053,18,0,8,10,0
2024-05-06,P0054,95,0,0,95,0
2024-05-06,P0055,233,0,0,233,0
2024-05-06,P0056,62,0,5,57,0
2024-05-06,P0057,114,0,0,114,0
2024-05-06,P0058,0,0,6,0,0
2024-05-06,P0059,81,0,8,73,0
2024-05-06,P0060,85,0,2,83,0
2024-05-06,P0061,25,0,1,24,0
2024-05-06,P0062,135,0,3,132,0
2024-05-06,P0063,58,57,3,112,0
2024-05-06,P0064,50,21,0,71,0
2024-05-06,P0065,0,0,16,0,0
2024-05-06,P0066,46,0,9,37,0
2024-05-06,P0067,0,0,0,0,0
2024-05-06,P0068,172,0,0,172,0
2024-05-06,P0069,78,0,0,78,0
2024-05-06,P0070,0,0,1,0,0
2024-05-06,P0071,120,0,2,118,0
2024-05-06,P0072,185,0,0,185,0
2024-05-06,P0073,0,0,1,0,0
2024-05-06,P0074,32,0,3,29,0
2024-05-06,P0075,0,27,3,24,0
2024-05-06,P0076,93,0,2,91,0
2024-05-06,P0077,213,0,0,213,0
2024-05-06,P0078,0,16,6,10,0
2024-05-06,P0079,0,0,31,0,0
2024-05-06,P0080,132,0,1,131,0
2024-05-07,P0001,0,36,2,34,0
2024-05-07,P0002,249,0,0,249,0
2024-05-07,P0003,8,0,5,3,0
2024-05-07,P0004,100,0,7,93,0
2024-05-07,P0005,73,0,4,69,0
2024-05-07,P0006,86,0,2,84,0
2024-05-07,P0007,159,21,0,180,0
2024-05-07,P0008,165,0,0,165,0
2024-05-07,P0009,178,0,0,178,0
2024-05-07,P0010,9,0,5,4,0
2024-05-07,P0011,51,0,8,43,0
2024-05-07,P0012,148,0,0,148,0
2024-05-07,P0013,79,0,2,77,0
2024-05-07,P0014,62,0,0,62,0
2024-05-07,P0015,134,0,4,130,0
2024-05-07,P0016,40,53,9,84,0
2024-05-07,P0017,67,0,2,65,0
2024-05-07,P0018,0,0,3,0,0
2024-05-07,P0019,199,0,0,196,3
2024-05-07,P0020,164,0,0,164,0
2024-05-07,P0021,5,0,8,0,0
2024-05-07,P0022,22,0,3,19,0
2024-05-07,P0023,144,0,0,144,0
2024-05-07,P0024,96,0,0,96,0
2024-05-07,P0025,70,0,1,69,0
2024-05-07,P0026,221,0,0,221,0
2024-05-07,P0027,137,0,0,137,0
2024-05-07,P0028,0,0,0,0,0
2024-05-07,P0029,57,25,0,82,0
2024-05-07,P0030,6,0,0,6,0
2024-05-07,P0031,237,0,0,237,0
2024-05-07,P0032,0,0,11,0,0
2024-05-07,P0033,32,0,0,32,0
2024-05-07,P0034,147,0,0,147,0
2024-05-07,P0035,0,0,3,0,0
2024-05-07,P0036,10,0,3,7,0
2024-05-07,P0037,29,0,8,21,0
2024-05-07,P0038,27,0,6,21,0
2024-05-07,P0039,32,0,5,27,0
2024-05-07,P0040,62,0,0,62,0
2024-05-07,P0041,183,0,0,183,0
2024-05-07,P0042,113,0,0,113,0
2024-05-07,P0043,152,0,1,151,0
2024-05-07,P0044,147,0,6,141,0
2024-05-07,P0045,100,0,0,100,0
2024-05-07,P0046,0,0,5,0,0
2024-05-07,P0047,0,0,5,0,0
2024-05-07,P0048,0,25,12,13,0
2024-05-07,P0049,41,0,1,40,0
2024-05-07,P0050,118,0,2,116,0
2024-05-07,P0051,66,0,0,66,0
2024-05-07,P0052,143,0,0,143,0
2024-05-07,P0053,10,0,1,9,0
2024-05-07,P0054,95,0,0,95,0
2024-05-07,P0055,233,0,0,233,0
2024-05-07,P0056,57,0,0,57,0
2024-05-07,P0057,114,0,0,111,3
2024-05-07,P0058,0,0,5,0,0
2024-05-07,P0059,73,0,8,65,0
2024-05-07,P0060,83,0,15,68,0
2024-05-07,P0061,24,0,0,24,0
2024-05-07,P0062,132,0,0,132,0
2024-05-07,P0063,112,0,8,104,0
2024-05-07,P0064,71,0,1,70,0
2024-05-07,P0065,0,0,25,0,0
2024-05-07,P0066,37,68,10,95,0
2024-05-07,P0067,0,0,11,0,2
2024-05-07,P0068,172,0,0,172,0
2024-05-07,P0069,78,0,3,75,0
2024-05-07,P0070,0,0,12,0,0
2024-05-07,P0071,118,0,1,117,0
2024-05-07,P0072,185,0,0,185,0
2024-05-07,P0073,0,0,4,0,0
2024-05-07,P0074,29,0,6,23,0
2024-05-07,P0075,24,0,2,22,0
2024-05-07,P0076,91,0,0,91,0
2024-05-07,P0077,213,0,0,213,0
2024-05-07,P0078,10,0,0,10,0
2024-05-07,P0079,0,0,19,0,0
2024-05-07,P0080,131,13,4,137,3
2024-05-08,P0001,34,0,6,28,0
2024-05-08,P0002,249,0,2,247,0
2024-05-08,P0003,3,0,3,0,0
2024-05-08,P0004,93,0,3,90,0
2024-05-08,P0005,69,0,0,69,0
2024-05-08,P0006,84,0,0,84,0
2024-05-08,P0007,180,0,0,180,0
2024-05-08,P0008,165,0,4,161,0
2024-05-08,P0009,178,0,5,173,0
2024-05-08,P0010,4,0,15,0,0
2024-05-08,P0011,43,0,1,42,0
2024-05-08,P0012,148,0,1,147,0
2024-05-08,P0013,77,16,0,93,0
2024-05-08,P0014,62,0,5,57,0
2024-05-08,P0015,130,0,6,124,0
2024-05-08,P0016,84,0,4,80,0
2024-05-08,P0017,65,0,1,64,0
2024-05-08,P0018,0,0,0,0,0
2024-05-08,P0019,196,16,0,212,0
2024-05-08,P0020,164,0,0,164,0
2024-05-08,P0021,0,0,3,0,0
2024-05-08,P0022,19,0,0,17,2
2024-05-08,P0023,144,0,0,144,0
2024-05-08,P0024,96,0,0,96,0
2024-05-08,P0025,69,16,1,84,0
2024-05-08,P0026,221,17,0,238,0
2024-05-08,P0027,137,0,0,137,0
2024-05-08,P0028,0,0,0,0,0
2024-05-08,P0029,82,0,5,77,0
2024-05-08,P0030,6,0,0,6,0
2024-05-08,P0031,237,0,0,237,0
2024-05-08,P0032,0,0,1,0,0
2024-05-08,P0033,32,0,0,32,0
2024-05-08,P0034,147,0,0,147,0
2024-05-08,P0035,0,0,4,0,0
2024-05-08,P0036,7,0,4,3,0
2024-05-08,P0037,21,0,0,21,0
2024-05-08,P0038,21,0,4,17,0
2024-05-08,P0039,27,0,0,27,0
2024-05-08,P0040,62,0,0,62,0
2024-05-08,P0041,183,0,1,182,0
2024-05-08,P0042,113,0,1,112,0
2024-05-08,P0043,151,0,0,151,0
2024-05-08,P0044,141,0,24,117,0
2024-05-08,P0045,100,0,8,92,0
2024-05-08,P0046,0,0,7,0,0
2024-05-08,P0047,0,0,2,0,0
2024-05-08,P0048,13,0,8,5,0
2024-05-08,P0049,40,10,1,49,0
2024-05-08,P0050,116,0,2,114,0
2024-05-08,P0051,66,0,0,66,0
2024-05-08,P0052,143,0,0,143,0
2024-05-08,P0053,9,0,0,9,0
2024-05-08,P0054,95,0,5,90,0
2024-05-08,P0055,233,0,0,233,0
2024-05-08,P0056,57,0,1,56,0
2024-05-08,P0057,111,0,0,111,0
2024-05-08,P0058,0,0,17,0,0
2024-05-08,P0059,65,0,15,50,0
2024-05-08,P0060,68,0,10,58,0
2024-05-08,P0061,24,0,1,23,0
2024-05-08,P0062,132,0,0,132,0
2024-05-08,P0063,104,0,16,88,0
2024-05-08,P0064,70,0,2,68,0
2024-05-08,P0065,0,0,22,0,0
2024-05-08,P0066,95,0,17,78,0
2024-05-08,P0067,0,0,10,0,0
2024-05-08,P0068,172,0,0,172,0
2024-05-08,P0069,75,0,2,73,0
2024-05-08,P0070,0,0,5,0,1
2024-05-08,P0071,117,0,0,117,0
2024-05-08,P0072,185,0,0,185,0
2024-05-08,P0073,0,0,2,0,0
2024-05-08,P0074,23,0,7,16,0
2024-05-08,P0075,22,0,0,22,0
2024-05-08,P0076,91,24,0,115,0
2024-05-08,P0077,213,0,3,210,0
2024-05-08,P0078,10,0,10,0,0
2024-05-08,P0079,0,0,33,0,0
2024-05-08,P0080,137,0,0,135,2
2024-05-09,P0001,28,0,1,27,0
2024-05-09,P0002,247,0,0,247,0
2024-05-09,P0003,0,0,4,0,0
2024-05-09,P0004,90,0,4,86,0
2024-05-09,P0005,69,0,2,67,0
2024-05-09,P0006,84,0,3,81,0
2024-05-09,P0007,180,0,0,180,0
2024-05-09,P0008,161,0,0,161,0
2024-05-09,P0009,173,0,4,169,0
2024-05-09,P0010,0,0,10,0,0
2024-05-09,P0011,42,0,0,42,0
2024-05-09,P0012,147,0,0,147,0
2024-05-09,P0013,93,0,0,93,0
2024-05-09,P0014,57,0,0,57,0
2024-05-09,P0015,124,31,8,147,0
2024-05-09,P0016,80,0,4,76,0
2024-05-09,P0017,64,0,0,64,0
2024-05-09,P0018,0,0,4,0,0
2024-05-09,P0019,212,0,0,212,0
2024-05-09,P0020,164,0,0,164,0
2024-05-09,P0021,0,49,0,49,0
2024-05-09,P0022,17,0,0,17,0
2024-05-09,P0023,144,0,0,144,0
2024-05-09,P0024,96,0,0,96,0
2024-05-09,P0025,84,0,5,79,0
2024-05-09,P0026,238,0,0,238,0
2024-05-09,P0027,137,0,0,137,0
2024-05-09,P0028,0,0,6,0,0
2024-05-09,P0029,77,0,0,77,0
2024-05-09,P0030,6,25,8,23,0
2024-05-09,P0031,237,13,0,250,0
2024-05-09,P0032,0,0,3,0,0
2024-05-09,P0033,32,0,0,32,0
2024-05-09,P0034,147,0,1,146,0
2024-05-09,P0035,0,0,0,0,0
2024-05-09,P0036,3,0,0,3,0
2024-05-09,P0037,21,0,3,18,0
2024-05-09,P0038,17,0,1,16,0
2024-05-09,P0039,27,0,0,27,0
2024-05-09,P0040,62,0,0,62,0
2024-05-09,P0041,182,0,4,178,0
2024-05-09,P0042,112,0,0,112,0
2024-05-09,P0043,151,0,0,151,0
2024-05-09,P0044,117,0,29,88,0
2024-05-09,P0045,92,0,0,92,0
2024-05-09,P0046,0,0,7,0,0
2024-05-09,P0047,0,15,0,14,1
2024-05-09,P0048,5,0,0,5,0
2024-05-09,P0049,49,0,0,49,0
2024-05-09,P0050,114,0,4,110,0
2024-05-09,P0051,66,0,0,66,0
2024-05-09,P0052,143,0,0,143,0
2024-05-09,P0053,9,0,7,2,0
2024-05-09,P0054,90,0,0,90,0
2024-05-09,P0055,233,0,0,233,0
2024-05-09,P0056,56,0,0,56,0
2024-05-09,P0057,111,0,3,108,0
2024-05-09,P0058,0,0,6,0,0
2024-05-09,P0059,50,0,9,41,0
2024-05-09,P0060,58,0,5,53,0
2024-05-09,P0061,23,0,0,23,0
2024-05-09,P0062,132,0,0,132,0
2024-05-09,P0063,88,0,9,79,0
2024-05-09,P0064,68,18,0,86,0
2024-05-09,P0065,0,0,21,0,0
2024-05-09,P0066,78,0,11,67,0
2024-05-09,P0067,0,0,2,0,0
2024-05-09,P0068,172,0,0,172,0
2024-05-09,P0069,73,0,1,72,0
2024-05-09,P0070,0,0,3,0,0
2024-05-09,P0071,117,0,4,113,0
2024-05-09,P0072,185,0,0,185,0
2024-05-09,P0073,0,0,1,0,2
2024-05-09,P0074,16,57,14,59,0
2024-05-09,P0075,22,23,1,44,0
2024-05-09,P0076,115,22,4,133,0
2024-05-09,P0077,210,0,0,210,0
2024-05-09,P0078,0,0,4,0,0
2024-05-09,P0079,0,0,29,0,0
2024-05-09,P0080,135,0,1,134,0
2024-05-10,P0001,27,0,3,22,2
2024-05-10,P0002,247,0,2,245,0
2024-05-10,P0003,0,0,1,0,0
2024-05-10,P0004,86,0,1,85,0
2024-05-10,P0005,67,0,0,67,0
2024-05-10,P0006,81,0,0,81,0
2024-05-10,P0007,180,0,0,180,0
2024-05-10,P0008,161,0,8,153,0
2024-05-10,P0009,169,0,18,151,0
2024-05-10,P0010,0,0,4,0,0
2024-05-10,P0011,42,0,0,42,0
2024-05-10,P0012,147,0,0,147,0
2024-05-10,P0013,93,0,0,93,0
2024-05-10,P0014,57,0,2,55,0
2024-05-10,P0015,147,0,7,137,3
2024-05-10,P0016,76,0,6,70,0
2024-05-10,P0017,64,0,2,62,0
2024-05-10,P0018,0,0,0,0,0
2024-05-10,P0019,212,0,0,212,0
2024-05-10,P0020,164,0,1,163,0
2024-05-10,P0021,49,0,6,43,0
2024-05-10,P0022,17,0,0,17,0
2024-05-10,P0023,144,0,0,144,0
2024-05-10,P0024,96,0,2,94,0
2024-05-10,P0025,79,0,0,79,0
2024-05-10,P0026,238,0,0,238,0
2024-05-10,P0027,137,0,4,133,0
2024-05-10,P0028,0,0,0,0,0
2024-05-10,P0029,77,0,0,77,0
2024-05-10,P0030,23,0,5,18,0
2024-05-10,P0031,250,22,0,272,0
2024-05-10,P0032,0,0,4,0,0
2024-05-10,P0033,32,0,0,32,0
2024-05-10,P0034,146,0,0,146,0
2024-05-10,P0035,0,0,1,0,0
2024-05-10,P0036,3,17,2,18,0
2024-05-10,P0037,18,0,3,15,0
2024-05-10,P0038,16,0,0,16,0
2024-05-10,P0039,27,0,0,27,0
2024-05-10,P0040,62,0,0,62,0
2024-05-10,P0041,178,0,0,178,0
2024-05-10,P0042,112,0,1,111,0
2024-05-10,P0043,151,0,0,151,0
2024-05-10,P0044,88,0,28,60,0
2024-05-10,P0045,92,0,0,92,0
2024-05-10,P0046,0,0,6,0,0
2024-05-10,P0047,14,0,8,6,0
2024-05-10,P0048,5,0,3,2,0
2024-05-10,P0049,49,0,0,49,0
2024-05-10,P0050,110,0,0,110,0
2024-05-10,P0051,66,0,1,65,0
2024-05-10,P0052,143,0,0,143,0
2024-05-10,P0053,2,0,3,0,0
2024-05-10,P0054,90,0,0,90,0
2024-05-10,P0055,233,0,0,233,0
2024-05-10,P0056,56,0,1,55,0
2024-05-10,P0057,108,0,0,108,0
2024-05-10,P0058,0,0,7,0,0
2024-05-10,P0059,41,0,14,27,0
2024-05-10,P0060,53,0,13,40,0
2024-05-10,P0061,23,0,0,23,0
2024-05-10,P0062,132,0,2,130,0
2024-05-10,P0063,79,0,6,72,1
2024-05-10,P0064,86,0,0,86,0
2024-05-10,P0065,0,0,15,0,0
2024-05-10,P0066,67,0,11,56,0
2024-05-10,P0067,0,0,3,0,0
2024-05-10,P0068,172,0,0,172,0
2024-05-10,P0069,72,0,8,64,0
2024-05-10,P0070,0,0,3,0,0
2024-05-10,P0071,113,0,0,113,0
2024-05-10,P0072,185,0,0,185,0
2024-05-10,P0073,0,0,3,0,0
2024-05-10,P0074,59,0,4,55,0
2024-05-10,P0075,44,0,5,39,0
2024-05-10,P0076,133,0,4,129,0
2024-05-10,P0077,210,0,0,210,0
2024-05-10,P0078,0,21,0,21,0
2024-05-10,P0079,0,0,26,0,0
2024-05-10,P0080,134,0,0,134,0
2024-05-11,P0001,22,0,1,21,0
2024-05-11,P0002,245,0,2,243,0
2024-05-11,P0003,0,0,5,0,0
2024-05-11,P0004,85,0,2,83,0
2024-05-11,P0005,67,0,0,67,0
2024-05-11,P0006,81,13,0,91,3
2024-05-11,P0007,180,19,2,197,0
2024-05-11,P0008,153,0,0,153,0
2024-05-11,P0009,151,0,9,142,0
2024-05-11,P0010,0,0,15,0,0
2024-05-11,P0011,42,0,0,42,0
2024-05-11,P0012,147,0,3,144,0
2024-05-11,P0013,93,15,4,103,1
2024-05-11,P0014,55,0,2,53,0
2024-05-11,P0015,137,0,9,128,0
2024-05-11,P0016,70,0,5,65,0
2024-05-11,P0017,62,0,4,58,0
2024-05-11,P0018,0,0,4,0,0
2024-05-11,P0019,212,0,0,212,0
2024-05-11,P0020,163,0,0,163,0
2024-05-11,P0021,43,0,7,36,0
2024-05-11,P0022,17,0,0,17,0
2024-05-11,P0023,144,22,0,165,1
2024-05-11,P0024,94,0,0,94,0
2024-05-11,P0025,79,0,1,78,0
2024-05-11,P0026,238,0,3,235,0
2024-05-11,P0027,133,0,0,133,0
2024-05-11,P0028,0,0,0,0,0
2024-05-11,P0029,77,0,0,77,0
2024-05-11,P0030,18,0,1,17,0
2024-05-11,P0031,272,0,0,272,0
2024-05-11,P0032,0,0,4,0,1
2024-05-11,P0033,32,0,0,32,0
2024-05-11,P0034,146,0,2,144,0
2024-05-11,P0035,0,0,3,0,0
2024-05-11,P0036,18,0,0,18,0
2024-05-11,P0037,15,0,8,7,0
2024-05-11,P0038,16,14,2,28,0
2024-05-11,P0039,27,0,2,25,0
2024-05-11,P0040,62,0,0,62,0
2024-05-11,P0041,178,0,4,174,0
2024-05-11,P0042,111,0,0,111,0
2024-05-11,P0043,151,0,0,151,0
2024-05-11,P0044,60,0,21,39,0
2024-05-11,P0045,92,0,5,87,0
2024-05-11,P0046,0,0,9,0,0
2024-05-11,P0047,6,0,0,6,0
2024-05-11,P0048,2,0,4,0,0
2024-05-11,P0049,49,0,2,47,0
2024-05-11,P0050,110,0,0,110,0
2024-05-11,P0051,65,0,1,64,0
2024-05-11,P0052,143,0,2,141,0
2024-05-11,P0053,0,0,1,0,0
2024-05-11,P0054,90,0,11,79,0
2024-05-11,P0055,233,0,0,233,0
2024-05-11,P0056,55,0,2,53,0
2024-05-11,P0057,108,18,0,126,0
2024-05-11,P0058,0,0,9,0,0
2024-05-11,P0059,27,0,16,11,0
2024-05-11,P0060,40,0,10,30,0
2024-05-11,P0061,23,0,0,23,0
2024-05-11,P0062,130,0,0,130,0
2024-05-11,P0063,72,0,5,67,0
2024-05-11,P0064,86,0,0,86,0
2024-05-11,P0065,0,0,26,0,0
2024-05-11,P0066,56,0,25,31,0
2024-05-11,P0067,0,0,5,0,0
2024-05-11,P0068,172,0,0,172,0
2024-05-11,P0069,64,0,2,62,0
2024-05-11,P0070,0,39,12,27,0
2024-05-11,P0071,113,0,0,113,0
2024-05-11,P0072,185,20,3,202,0
2024-05-11,P0073,0,0,0,0,0
2024-05-11,P0074,55,0,5,50,0
2024-05-11,P0075,39,0,1,38,0
2024-05-11,P0076,129,0,3,126,0
2024-05-11,P0077,210,0,0,210,0
2024-05-11,P0078,21,0,7,14,0
2024-05-11,P0079,0,0,41,0,0
2024-05-11,P0080,134,0,0,134,0
2024-05-12,P0001,21,0,11,10,0
2024-05-12,P0002,243,0,1,242,0
2024-05-12,P0003,0,0,0,0,0
2024-05-12,P0004,83,0,3,80,0
2024-05-12,P0005,67,0,0,67,0
2024-05-12,P0006,91,0,2,89,0
2024-05-12,P0007,197,0,3,194,0
2024-05-12,P0008,153,13,2,164,0
2024-05-12,P0009,142,48,5,185,0
2024-05-12,P0010,0,0,0,0,0
2024-05-12,P0011,42,0,4,38,0
2024-05-12,P0012,144,0,0,144,0
2024-05-12,P0013,103,0,2,101,0
2024-05-12,P0014,53,0,4,49,0
2024-05-12,P0015,128,31,5,154,0
2024-05-12,P0016,65,0,8,57,0
2024-05-12,P0017,58,0,7,48,3
2024-05-12,P0018,0,0,0,0,0
2024-05-12,P0019,212,0,0,212,0
2024-05-12,P0020,163,0,1,162,0
2024-05-12,P0021,36,0,4,31,1
2024-05-12,P0022,17,0,0,17,0
2024-05-12,P0023,165,0,0,165,0
2024-05-12,P0024,94,0,0,94,0
2024-05-12,P0025,78,0,4,74,0
2024-05-12,P0026,235,0,0,235,0
2024-05-12,P0027,133,0,0,133,0
2024-05-12,P0028,0,0,6,0,0
2024-05-12,P0029,77,0,3,74,0
2024-05-12,P0030,17,0,9,8,0
2024-05-12,P0031,272,0,0,272,0
2024-05-12,P0032,0,0,0,0,0
2024-05-12,P0033,32,0,10,22,0
2024-05-12,P0034,144,0,0,144,0
2024-05-12,P0035,0,0,8,0,0
2024-05-12,P0036,18,0,0,18,0
2024-05-12,P0037,7,0,3,4,0
2024-05-12,P0038,28,0,3,25,0
2024-05-12,P0039,25,0,4,21,0
2024-05-12,P0040,62,0,0,62,0
2024-05-12,P0041,174,0,2,172,0
2024-05-12,P0042,111,0,0,111,0
2024-05-12,P0043,151,0,0,151,0
2024-05-12,P0044,39,81,15,105,0
2024-05-12,P0045,87,0,0,87,0
2024-05-12,P0046,0,0,5,0,0
2024-05-12,P0047,6,0,1,5,0
2024-05-12,P0048,0,0,12,0,0
2024-05-12,P0049,47,12,0,58,1
2024-05-12,P0050,110,0,4,106,0
2024-05-12,P0051,64,0,3,61,0
2024-05-12,P0052,141,0,0,141,0
2024-05-12,P0053,0,21,1,20,0
2024-05-12,P0054,79,0,0,79,0
2024-05-12,P0055,233,0,0,233,0
2024-05-12,P0056,53,0,3,50,0
2024-05-12,P0057,126,0,0,126,0
2024-05-12,P0058,0,0,9,0,0
2024-05-12,P0059,11,0,26,0,0
2024-05-12,P0060,30,0,13,17,0
2024-05-12,P0061,23,0,0,23,0
2024-05-12,P0062,130,0,0,130,0
2024-05-12,P0063,67,0,4,63,0
2024-05-12,P0064,86,0,0,86,0
2024-05-12,P0065,0,0,13,0,0
2024-05-12,P0066,31,0,30,1,0
2024-05-12,P0067,0,0,16,0,0
2024-05-12,P0068,172,0,1,171,0
2024-05-12,P0069,62,0,0,62,0
2024-05-12,P0070,27,0,10,17,0
2024-05-12,P0071,113,0,0,113,0
2024-05-12,P0072,202,0,0,202,0
2024-05-12,P0073,0,0,0,0,0
2024-05-12,P0074,50,0,14,36,0
2024-05-12,P0075,38,0,10,28,0
2024-05-12,P0076,126,0,6,120,0
2024-05-12,P0077,210,0,0,210,0
2024-05-12,P0078,14,0,7,7,0
2024-05-12,P0079,0,0,71,0,0
2024-05-12,P0080,134,0,3,128,3
2024-05-13,P0001,10,0,4,6,0
2024-05-13,P0002,242,0,1,241,0
2024-05-13,P0003,0,0,3,0,0
2024-05-13,P0004,80,0,0,80,0
2024-05-13,P0005,67,16,0,83,0
2024-05-13,P0006,89,0,0,89,0
2024-05-13,P0007,194,0,0,194,0
2024-05-13,P0008,164,0,0,161,3
2024-05-13,P0009,185,0,3,182,0
2024-05-13,P0010,0,0,13,0,0
2024-05-13,P0011,38,0,4,34,0
2024-05-13,P0012,144,0,0,144,0
2024-05-13,P0013,101,0,0,101,0
2024-05-13,P0014,49,29,3,75,0
2024-05-13,P0015,154,0,13,141,0
2024-05-13,P0016,57,0,4,53,0
2024-05-13,P0017,48,0,2,46,0
2024-05-13,P0018,0,0,2,0,0
2024-05-13,P0019,212,0,0,212,0
2024-05-13,P0020,162,0,0,162,0
2024-05-13,P0021,31,0,11,20,0
2024-05-13,P0022,17,0,0,17,0
2024-05-13,P0023,165,0,0,165,0
2024-05-13,P0024,94,0,0,94,0
2024-05-13,P0025,74,0,1,73,0
2024-05-13,P0026,235,0,0,235,0
2024-05-13,P0027,133,0,3,130,0
2024-05-13,P0028,0,0,4,0,0
2024-05-13,P0029,74,0,3,71,0
2024-05-13,P0030,8,0,3,5,0
2024-05-13,P0031,272,0,0,272,0
2024-05-13,P0032,0,0,1,0,0
2024-05-13,P0033,22,0,0,22,0
2024-05-13,P0034,144,0,2,142,0
2024-05-13,P0035,0,0,0,0,0
2024-05-13,P0036,18,0,0,18,0
2024-05-13,P0037,4,0,6,0,0
2024-05-13,P0038,25,0,1,24,0
2024-05-13,P0039,21,0,0,21,0
2024-05-13,P0040,62,0,0,62,0
2024-05-13,P0041,172,0,0,172,0
2024-05-13,P0042,111,0,1,110,0
2024-05-13,P0043,151,0,0,151,0
2024-05-13,P0044,105,0,12,93,0
2024-05-13,P0045,87,0,1,86,0
2024-05-13,P0046,0,0,9,0,0
2024-05-13,P0047,5,13,1,17,0
2024-05-13,P0048,0,0,3,0,0
2024-05-13,P0049,58,0,1,57,0
2024-05-13,P0050,106,24,0,127,3
2024-05-13,P0051,61,0,4,57,0
2024-05-13,P0052,141,0,3,138,0
2024-05-13,P0053,20,0,10,10,0
2024-05-13,P0054,79,0,2,77,0
2024-05-13,P0055,233,0,0,233,0
2024-05-13,P0056,50,0,4,46,0
2024-05-13,P0057,126,0,0,126,0
2024-05-13,P0058,0,0,15,0,0
2024-05-13,P0059,0,0,17,0,0
2024-05-13,P0060,17,0,2,15,0
2024-05-13,P0061,23,0,3,20,0
2024-05-13,P0062,130,0,0,130,0
2024-05-13,P0063,63,0,10,53,0
2024-05-13,P0064,86,0,0,86,0
2024-05-13,P0065,0,0,18,0,0
2024-05-13,P0066,1,0,23,0,0
2024-05-13,P0067,0,0,10,0,0
2024-05-13,P0068,171,0,0,171,0
2024-05-13,P0069,62,19,0,81,0
2024-05-13,P0070,17,0,8,9,0
2024-05-13,P0071,113,0,0,113,0
2024-05-13,P0072,202,0,0,202,0
2024-05-13,P0073,0,0,3,0,0
2024-05-13,P0074,36,0,6,30,0
2024-05-13,P0075,28,0,1,27,0
2024-05-13,P0076,120,0,0,120,0
2024-05-13,P0077,210,0,0,210,0
2024-05-13,P0078,7,26,2,31,0
2024-05-13,P0079,0,0,27,0,0
2024-05-13,P0080,128,0,0,128,0
2024-05-14,P0001,6,0,3,3,0
2024-05-14,P0002,241,0,0,241,0
2024-05-14,P0003,0,0,2,0,0
2024-05-14,P0004,80,0,7,73,0
2024-05-14,P0005,83,0,0,83,0
2024-05-14,P0006,89,0,0,89,0
2024-05-14,P0007,194,0,0,194,0
2024-05-14,P0008,161,0,0,161,0
2024-05-14,P0009,182,0,1,181,0
2024-05-14,P0010,0,0,8,0,0
2024-05-14,P0011,34,0,2,32,0
2024-05-14,P0012,144,0,0,144,0
2024-05-14,P0013,101,0,3,98,0
2024-05-14,P0014,75,0,0,75,0
2024-05-14,P0015,141,0,3,138,0
2024-05-14,P0016,53,0,6,47,0
2024-05-14,P0017,46,0,2,44,0
2024-05-14,P0018,0,0,4,0,0
2024-05-14,P0019,212,0,0,210,2
2024-05-14,P0020,162,0,0,162,0
2024-05-14,P0021,20,0,6,14,0
2024-05-14,P0022,17,0,2,15,0
2024-05-14,P0023,165,0,0,165,0
2024-05-14,P0024,94,0,1,93,0
2024-05-14,P0025,73,0,4,67,2
2024-05-14,P0026,235,16,0,251,0
2024-05-14,P0027,130,0,0,130,0
2024-05-14,P0028,0,0,2,0,0
2024-05-14,P0029,71,0,2,69,0
2024-05-14,P0030,5,0,8,0,0
2024-05-14,P0031,272,0,0,272,0
2024-05-14,P0032,0,0,0,0,0
2024-05-14,P0033,22,0,0,22,0
2024-05-14,P0034,142,0,0,142,0
2024-05-14,P0035,0,0,1,0,0
2024-05-14,P0036,18,0,0,18,0
2024-05-14,P0037,0,0,1,0,0
2024-05-14,P0038,24,27,0,51,0
2024-05-14,P0039,21,0,1,20,0
2024-05-14,P0040,62,0,0,62,0
2024-05-14,P0041,172,0,0,172,0
2024-05-14,P0042,110,0,3,107,0
2024-05-14,P0043,151,0,0,151,0
2024-05-14,P0044,93,0,14,79,0
2024-05-14,P0045,86,0,1,85,0
2024-05-14,P0046,0,0,4,0,0
2024-05-14,P0047,17,0,0,17,0
2024-05-14,P0048,0,0,1,0,0
2024-05-14,P0049,57,0,0,57,0
2024-05-14,P0050,127,0,0,127,0
2024-05-14,P0051,57,0,0,57,0
2024-05-14,P0052,138,0,0,138,0
2024-05-14,P0053,10,0,1,9,0
2024-05-14,P0054,77,12,0,89,0
2024-05-14,P0055,233,0,0,233,0
2024-05-14,P0056,46,0,3,43,0
2024-05-14,P0057,126,0,0,126,0
2024-05-14,P0058,0,0,7,0,0
2024-05-14,P0059,0,0,9,0,0
2024-05-14,P0060,15,0,8,7,0
2024-05-14,P0061,20,0,1,19,0
2024-05-14,P0062,130,0,0,130,0
2024-05-14,P0063,53,0,10,43,0
2024-05-14,P0064,86,0,0,86,0
2024-05-14,P0065,0,0,9,0,0
2024-05-14,P0066,0,0,14,0,0
2024-05-14,P0067,0,0,1,0,0
2024-05-14,P0068,171,0,0,171,0
2024-05-14,P0069,81,0,0,81,0
2024-05-14,P0070,9,0,6,3,0
2024-05-14,P0071,113,0,0,113,0
2024-05-14,P0072,202,0,0,202,0
2024-05-14,P0073,0,11,2,9,0
2024-05-14,P0074,30,0,4,26,0
2024-05-14,P0075,27,0,4,23,0
2024-05-14,P0076,120,0,0,120,0
2024-05-14,P0077,210,11,0,221,0
2024-05-14,P0078,31,0,3,28,0
2024-05-14,P0079,0,0,45,0,0
2024-05-14,P0080,128,0,0,128,0
2024-05-15,P0001,3,0,0,3,0
2024-05-15,P0002,241,0,0,241,0
2024-05-15,P0003,0,0,3,0,0
2024-05-15,P0004,73,19,7,85,0
2024-05-15,P0005,83,0,1,82,0
2024-05-15,P0006,89,0,0,89,0
2024-05-15,P0007,194,0,4,190,0
2024-05-15,P0008,161,0,0,161,0
2024-05-15,P0009,181,0,12,169,0
2024-05-15,P0010,0,0,6,0,0
2024-05-15,P0011,32,0,1,31,0
2024-05-15,P0012,144,0,1,143,0
2024-05-15,P0013,98,0,0,98,0
2024-05-15,P0014,75,0,4,71,0
2024-05-15,P0015,138,0,8,130,0
2024-05-15,P0016,47,0,9,38,0
2024-05-15,P0017,44,0,3,41,0
2024-05-15,P0018,0,0,2,0,0
2024-05-15,P0019,210,0,2,208,0
2024-05-15,P0020,162,0,0,162,0
2024-05-15,P0021,14,0,19,0,0
2024-05-15,P0022,15,0,3,12,0
2024-05-15,P0023,165,0,0,165,0
2024-05-15,P0024,93,0,2,91,0
2024-05-15,P0025,67,0,3,64,0
2024-05-15,P0026,251,0,0,251,0
2024-05-15,P0027,130,0,0,130,0
2024-05-15,P0028,0,0,0,0,0
2024-05-15,P0029,69,27,4,92,0
2024-05-15,P0030,0,0,7,0,0
2024-05-15,P0031,272,0,5,267,0
2024-05-15,P0032,0,0,0,0,0
2024-05-15,P0033,22,0,0,22,0
2024-05-15,P0034,142,0,1,141,0
2024-05-15,P0035,0,0,5,0,0
2024-05-15,P0036,18,0,2,13,3
2024-05-15,P0037,0,0,3,0,0
2024-05-15,P0038,51,0,2,49,0
2024-05-15,P0039,20,0,0,20,0
2024-05-15,P0040,62,0,0,62,0
2024-05-15,P0041,172,0,0,172,0
2024-05-15,P0042,107,0,0,107,0
2024-05-15,P0043,151,0,0,151,0
2024-05-15,P0044,79,0,21,58,0
2024-05-15,P0045,85,0,3,82,0
2024-05-15,P0046,0,0,1,0,0
2024-05-15,P0047,17,0,1,16,0
2024-05-15,P0048,0,0,3,0,0
2024-05-15,P0049,57,0,5,52,0
2024-05-15,P0050,127,0,0,127,0
2024-05-15,P0051,57,0,1,56,0
2024-05-15,P0052,138,0,0,138,0
2024-05-15,P0053,9,0,3,6,0
2024-05-15,P0054,89,0,3,86,0
2024-05-15,P0055,233,0,2,231,0
2024-05-15,P0056,43,0,0,43,0
2024-05-15,P0057,126,0,0,126,0
2024-05-15,P0058,0,0,13,0,0
2024-05-15,P0059,0,0,5,0,0
2024-05-15,P0060,7,0,10,0,0
2024-05-15,P0061,19,0,0,19,0
2024-05-15,P0062,130,0,0,130,0
2024-05-15,P0063,43,0,4,39,0
2024-05-15,P0064,86,0,0,86,0
2024-05-15,P0065,0,0,15,0,0
2024-05-15,P0066,0,0,10,0,0
2024-05-15,P0067,0,0,4,0,0
2024-05-15,P0068,171,0,2,169,0
2024-05-15,P0069,81,0,0,81,0
2024-05-15,P0070,3,0,3,0,0
2024-05-15,P0071,113,0,0,113,0
2024-05-15,P0072,202,19,0,221,0
2024-05-15,P0073,9,0,0,9,0
2024-05-15,P0074,26,0,11,15,0
2024-05-15,P0075,23,0,1,22,0
2024-05-15,P0076,120,0,3,117,0
2024-05-15,P0077,221,0,1,220,0
2024-05-15,P0078,28,0,0,28,0
2024-05-15,P0079,0,0,29,0,0
2024-05-15,P0080,128,0,0,128,0
2024-05-16,P0001,3,0,9,0,0
2024-05-16,P0002,241,0,2,239,0
2024-05-16,P0003,0,0,8,0,0
2024-05-16,P0004,85,35,7,110,3
2024-05-16,P0005,82,0,2,80,0
2024-05-16,P0006,89,0,0,89,0
2024-05-16,P0007,190,0,2,188,0
2024-05-16,P0008,161,0,0,161,0
2024-05-16,P0009,169,0,10,159,0
2024-05-16,P0010,0,0,7,0,0
2024-05-16,P0011,31,0,3,28,0
2024-05-16,P0012,143,0,0,143,0
2024-05-16,P0013,98,0,0,98,0
2024-05-16,P0014,71,0,0,71,0
2024-05-16,P0015,130,0,9,121,0
2024-05-16,P0016,38,0,6,32,0
2024-05-16,P0017,41,33,3,71,0
2024-05-16,P0018,0,0,0,0,0
2024-05-16,P0019,208,0,0,208,0
2024-05-16,P0020,162,0,4,158,0
2024-05-16,P0021,0,0,8,0,0
2024-05-16,P0022,12,0,3,9,0
2024-05-16,P0023,165,0,0,165,0
2024-05-16,P0024,91,0,0,91,0
2024-05-16,P0025,64,0,0,64,0
2024-05-16,P0026,251,0,2,249,0
2024-05-16,P0027,130,0,1,129,0
2024-05-16,P0028,0,0,1,0,0
2024-05-16,P0029,92,0,0,92,0
2024-05-16,P0030,0,0,0,0,0
2024-05-16,P0031,267,0,0,267,0
2024-05-16,P0032,0,0,2,0,0
2024-05-16,P0033,22,0,8,14,0
2024-05-16,P0034,141,0,3,138,0
2024-05-16,P0035,0,0,5,0,0
2024-05-16,P0036,13,0,0,13,0
2024-05-16,P0037,0,0,9,0,0
2024-05-16,P0038,49,0,0,49,0
2024-05-16,P0039,20,22,0,42,0
2024-05-16,P0040,62,0,0,62,0
2024-05-16,P0041,172,0,3,166,3
2024-05-16,P0042,107,0,4,103,0
2024-05-16,P0043,151,0,0,151,0
2024-05-16,P0044,58,0,8,50,0
2024-05-16,P0045,82,0,0,82,0
2024-05-16,P0046,0,0,2,0,0
2024-05-16,P0047,16,0,2,14,0
2024-05-16,P0048,0,0,0,0,0
2024-05-16,P0049,52,0,0,52,0
2024-05-16,P0050,127,0,0,127,0
2024-05-16,P0051,56,0,0,56,0
2024-05-16,P0052,138,0,0,138,0
2024-05-16,P0053,6,0,4,2,0
2024-05-16,P0054,86,0,0,86,0
2024-05-16,P0055,231,0,0,231,0
2024-05-16,P0056,43,0,3,40,0
2024-05-16,P0057,126,0,0,126,0
2024-05-16,P0058,0,0,7,0,0
2024-05-16,P0059,0,0,19,0,0
2024-05-16,P0060,0,0,8,0,0
2024-05-16,P0061,19,0,4,15,0
2024-05-16,P0062,130,0,0,130,0
2024-05-16,P0063,39,0,2,37,0
2024-05-16,P0064,86,0,0,86,0
2024-05-16,P0065,0,0,12,0,0
2024-05-16,P0066,0,0,6,0,0
2024-05-16,P0067,0,0,7,0,0
2024-05-16,P0068,169,0,0,169,0
2024-05-16,P0069,81,0,3,78,0
2024-05-16,P0070,0,0,3,0,0
2024-05-16,P0071,113,0,3,110,0
2024-05-16,P0072,221,0,0,221,0
2024-05-16,P0073,9,12,0,21,0
2024-05-16,P0074,15,0,12,3,0
2024-05-16,P0075,22,15,3,34,0
2024-05-16,P0076,117,0,1,116,0
2024-05-16,P0077,220,0,0,220,0
2024-05-16,P0078,28,0,3,25,0
2024-05-16,P0079,0,0,26,0,0
2024-05-16,P0080,128,0,0,128,0
2024-05-17,P0001,0,0,4,0,0
2024-05-17,P0002,239,0,0,239,0
2024-05-17,P0003,0,0,0,0,0
2024-05-17,P0004,110,0,1,109,0
2024-05-17,P0005,80,0,1,79,0
2024-05-17,P0006,89,0,0,89,0
2024-05-17,P0007,188,0,0,188,0
2024-05-17,P0008,161,0,0,161,0
2024-05-17,P0009,159,0,5,154,0
2024-05-17,P0010,0,0,13,0,0
2024-05-17,P0011,28,0,0,28,0
2024-05-17,P0012,143,0,0,142,1
2024-05-17,P0013,98,0,0,98,0
2024-05-17,P0014,71,0,3,68,0
2024-05-17,P0015,121,0,1,120,0
2024-05-17,P0016,32,0,7,25,0
2024-05-17,P0017,71,0,7,64,0
2024-05-17,P0018,0,0,0,0,0
2024-05-17,P0019,208,0,0,208,0
2024-05-17,P0020,158,0,0,158,0
2024-05-17,P0021,0,0,11,0,0
2024-05-17,P0022,9,0,7,2,0
2024-05-17,P0023,165,0,0,165,0
2024-05-17,P0024,91,0,1,90,0
2024-05-17,P0025,64,0,0,64,0
2024-05-17,P0026,249,0,1,248,0
2024-05-17,P0027,129,0,0,129,0
2024-05-17,P0028,0,0,0,0,0
2024-05-17,P0029,92,20,1,111,0
2024-05-17,P0030,0,0,2,0,0
2024-05-17,P0031,267,0,2,265,0
2024-05-17,P0032,0,0,0,0,0
2024-05-17,P0033,14,0,2,12,0
2024-05-17,P0034,138,0,0,138,0
2024-05-17,P0035,0,0,1,0,0
2024-05-17,P0036,13,0,8,5,0
2024-05-17,P0037,0,0,1,0,0
2024-05-17,P0038,49,0,4,45,0
2024-05-17,P0039,42,0,2,40,0
2024-05-17,P0040,62,0,0,62,0
2024-05-17,P0041,166,0,0,166,0
2024-05-17,P0042,103,0,0,103,0
2024-05-17,P0043,151,0,4,147,0
2024-05-17,P0044,50,0,27,23,0
2024-05-17,P0045,82,16,0,97,1
2024-05-17,P0046,0,0,4,0,0
2024-05-17,P0047,14,0,0,14,0
2024-05-17,P0048,0,0,4,0,0
2024-05-17,P0049,52,0,0,52,0
2024-05-17,P0050,127,0,0,127,0
2024-05-17,P0051,56,0,0,56,0
2024-05-17,P0052,138,0,0,138,0
2024-05-17,P0053,2,29,1,30,0
2024-05-17,P0054,86,0,0,86,0
2024-05-17,P0055,231,22,0,253,0
2024-05-17,P0056,40,0,4,36,0
2024-05-17,P0057,126,0,0,126,0
2024-05-17,P0058,0,0,17,0,0
2024-05-17,P0059,0,0,13,0,0
2024-05-17,P0060,0,0,2,0,0
2024-05-17,P0061,15,0,0,15,0
2024-05-17,P0062,130,0,2,128,0
2024-05-17,P0063,37,0,7,30,0
2024-05-17,P0064,86,0,5,81,0
2024-05-17,P0065,0,0,19,0,0
2024-05-17,P0066,0,0,8,0,0
2024-05-17,P0067,0,35,3,32,0
2024-05-17,P0068,169,0,0,169,0
2024-05-17,P0069,78,0,0,75,3
2024-05-17,P0070,0,0,0,0,0
2024-05-17,P0071,110,0,0,110,0
2024-05-17,P0072,221,0,1,220,0
2024-05-17,P0073,21,0,1,20,0
2024-05-17,P0074,3,0,6,0,0
2024-05-17,P0075,34,0,0,34,0
2024-05-17,P0076,116,0,2,114,0
2024-05-17,P0077,220,0,0,220,0
2024-05-17,P0078,25,0,0,25,0
2024-05-17,P0079,0,0,33,0,0
2024-05-17,P0080,128,0,0,128,0
2024-05-18,P0001,0,0,10,0,1
2024-05-18,P0002,239,12,0,251,0
2024-05-18,P0003,0,0,6,0,0
2024-05-18,P0004,109,0,14,95,0
2024-05-18,P0005,79,0,0,79,0
2024-05-18,P0006,89,0,3,86,0
2024-05-18,P0007,188,0,0,188,0
2024-05-18,P0008,161,0,2,159,0
2024-05-18,P0009,154,0,8,146,0
2024-05-18,P0010,0,0,8,0,0
2024-05-18,P0011,28,0,0,28,0
2024-05-18,P0012,142,0,0,141,1
2024-05-18,P0013,98,0,0,98,0
2024-05-18,P0014,68,0,3,65,0
2024-05-18,P0015,120,0,6,114,0
2024-05-18,P0016,25,0,1,24,0
2024-05-18,P0017,64,0,3,59,2
2024-05-18,P0018,0,0,0,0,0
2024-05-18,P0019,208,0,0,208,0
2024-05-18,P0020,158,0,0,158,0
2024-05-18,P0021,0,0,10,0,0
2024-05-18,P0022,2,0,0,2,0
2024-05-18,P0023,165,0,0,165,0
2024-05-18,P0024,90,0,0,90,0
2024-05-18,P0025,64,0,0,64,0
2024-05-18,P0026,248,0,0,248,0
2024-05-18,P0027,129,0,2,127,0
2024-05-18,P0028,0,0,4,0,0
2024-05-18,P0029,111,0,11,100,0
2024-05-18,P0030,0,27,1,26,0
2024-05-18,P0031,265,0,0,265,0
2024-05-18,P0032,0,0,7,0,0
2024-05-18,P0033,12,0,0,12,0
2024-05-18,P0034,138,13,1,150,0
2024-05-18,P0035,0,19,1,18,0
2024-05-18,P0036,5,0,1,4,0
2024-05-18,P0037,0,0,5,0,0
2024-05-18,P0038,45,0,4,41,0
2024-05-18,P0039,40,0,8,32,0
2024-05-18,P0040,62,0,0,62,0
2024-05-18,P0041,166,0,0,166,0
2024-05-18,P0042,103,0,4,99,0
2024-05-18,P0043,147,0,0,147,0
2024-05-18,P0044,23,0,27,0,0
2024-05-18,P0045,97,0,1,96,0
2024-05-18,P0046,0,0,19,0,0
2024-05-18,P0047,14,0,11,3,0
2024-05-18,P0048,0,35,4,31,0
2024-05-18,P0049,52,0,0,52,0
2024-05-18,P0050,127,0,2,125,0
2024-05-18,P0051,56,0,0,56,0
2024-05-18,P0052,138,0,0,136,2
2024-05-18,P0053,30,0,5,25,0
2024-05-18,P0054,86,0,0,86,0
2024-05-18,P0055,253,0,1,252,0
2024-05-18,P0056,36,0,5,31,0
2024-05-18,P0057,126,22,0,148,0
2024-05-18,P0058,0,0,15,0,0
2024-05-18,P0059,0,0,28,0,0
2024-05-18,P0060,0,46,10,36,0
2024-05-18,P0061,15,0,6,9,0
2024-05-18,P0062,128,0,0,128,0
2024-05-18,P0063,30,0,10,20,0
2024-05-18,P0064,81,0,1,80,0
2024-05-18,P0065,0,0,19,0,0
2024-05-18,P0066,0,81,22,59,0
2024-05-18,P0067,32,0,17,15,0
2024-05-18,P0068,169,0,0,169,0
2024-05-18,P0069,75,0,0,75,0
2024-05-18,P0070,0,32,7,25,0
2024-05-18,P0071,110,0,0,110,0
2024-05-18,P0072,220,0,5,215,0
2024-05-18,P0073,20,0,5,15,0
2024-05-18,P0074,0,0,12,0,0
2024-05-18,P0075,34,0,10,24,0
2024-05-18,P0076,114,0,3,111,0
2024-05-18,P0077,220,0,0,220,0
2024-05-18,P0078,25,0,0,25,0
2024-05-18,P0079,0,236,31,205,0
2024-05-18,P0080,128,15,0,143,0
2024-05-19,P0001,0,0,18,0,0
2024-05-19,P0002,251,0,6,245,0
2024-05-19,P0003,0,0,0,0,0
2024-05-19,P0004,95,0,4,91,0
2024-05-19,P0005,79,0,0,79,0
2024-05-19,P0006,86,0,5,81,0
2024-05-19,P0007,188,0,0,188,0
2024-05-19,P0008,159,16,0,175,0
2024-05-19,P0009,146,41,6,181,0
2024-05-19,P0010,0,0,6,0,0
2024-05-19,P0011,28,0,1,27,0
2024-05-19,P0012,141,0,4,137,0
2024-05-19,P0013,98,0,0,98,0
2024-05-19,P0014,65,0,4,61,0
2024-05-19,P0015,114,0,10,104,0
2024-05-19,P0016,24,0,14,10,0
2024-05-19,P0017,59,18,2,75,0
2024-05-19,P0018,0,0,1,0,0
2024-05-19,P0019,208,0,0,208,0
2024-05-19,P0020,158,0,0,158,0
2024-05-19,P0021,0,0,20,0,0
2024-05-19,P0022,2,0,2,0,0
2024-05-19,P0023,165,0,0,165,0
2024-05-19,P0024,90,0,0,90,0
2024-05-19,P0025,64,0,6,58,0
2024-05-19,P0026,248,0,0,248,0
2024-05-19,P0027,127,14,0,141,0
2024-05-19,P0028,0,0,0,0,0
2024-05-19,P0029,100,0,2,98,0
2024-05-19,P0030,26,0,0,26,0
2024-05-19,P0031,265,0,1,264,0
2024-05-19,P0032,0,0,1,0,0
2024-05-19,P0033,12,0,1,11,0
2024-05-19,P0034,150,0,0,150,0
2024-05-19,P0035,18,0,0,18,0
2024-05-19,P0036,4,0,0,4,0
2024-05-19,P0037,0,0,3,0,0
2024-05-19,P0038,41,0,1,40,0
2024-05-19,P0039,32,0,1,31,0
2024-05-19,P0040,62,0,0,62,0
2024-05-19,P0041,166,0,0,166,0
2024-05-19,P0042,99,0,0,99,0
2024-05-19,P0043,147,0,3,144,0
2024-05-19,P0044,0,0,18,0,0
2024-05-19,P0045,96,0,0,96,0
2024-05-19,P0046,0,0,7,0,0
2024-05-19,P0047,3,0,0,3,0
2024-05-19,P0048,31,0,2,27,2
2024-05-19,P0049,52,0,2,50,0
2024-05-19,P0050,125,0,5,120,0
2024-05-19,P0051,56,0,0,56,0
2024-05-19,P0052,136,0,0,136,0
2024-05-19,P0053,25,0,1,24,0
2024-05-19,P0054,86,0,0,86,0
2024-05-19,P0055,252,21,0,273,0
2024-05-19,P0056,31,0,2,29,0
2024-05-19,P0057,148,0,0,148,0
2024-05-19,P0058,0,0,22,0,0
2024-05-19,P0059,0,0,21,0,0
2024-05-19,P0060,36,0,11,25,0
2024-05-19,P0061,9,0,2,7,0
2024-05-19,P0062,128,0,0,128,0
2024-05-19,P0063,20,0,20,0,0
2024-05-19,P0064,80,0,0,80,0
2024-05-19,P0065,0,59,15,44,0
2024-05-19,P0066,59,0,18,41,0
2024-05-19,P0067,15,31,6,40,0
2024-05-19,P0068,169,0,2,167,0
2024-05-19,P0069,75,0,0,75,0
2024-05-19,P0070,25,0,4,21,0
2024-05-19,P0071,110,0,0,110,0
2024-05-19,P0072,215,0,0,215,0
2024-05-19,P0073,15,0,0,15,0
2024-05-19,P0074,0,0,6,0,0
2024-05-19,P0075,24,0,1,23,0
2024-05-19,P0076,111,0,2,109,0
2024-05-19,P0077,220,0,0,220,0
2024-05-19,P0078,25,15,3,37,0
2024-05-19,P0079,205,0,51,154,0
2024-05-19,P0080,143,0,0,143,0
2024-05-20,P0001,0,0,10,0,0
2024-05-20,P0002,245,0,0,245,0
2024-05-20,P0003,0,0,7,0,0
2024-05-20,P0004,91,0,3,88,0
2024-05-20,P0005,79,0,4,75,0
2024-05-20,P0006,81,0,3,78,0
2024-05-20,P0007,188,0,0,188,0
2024-05-20,P0008,175,0,0,175,0
2024-05-20,P0009,181,0,3,178,0
2024-05-20,P0010,0,33,20,13,0
2024-05-20,P0011,27,0,0,27,0
2024-05-20,P0012,137,0,0,137,0
2024-05-20,P0013,98,0,0,98,0
2024-05-20,P0014,61,0,1,60,0
2024-05-20,P0015,104,0,4,99,1
2024-05-20,P0016,10,48,2,56,0
2024-05-20,P0017,75,0,0,75,0
2024-05-20,P0018,0,0,1,0,0
2024-05-20,P0019,208,16,0,224,0
2024-05-20,P0020,158,0,3,155,0
2024-05-20,P0021,0,0,9,0,0
2024-05-20,P0022,0,0,2,0,0
2024-05-20,P0023,165,0,0,165,0
2024-05-20,P0024,90,0,0,90,0
2024-05-20,P0025,58,0,5,53,0
2024-05-20,P0026,248,0,1,247,0
2024-05-20,P0027,141,18,0,159,0
2024-05-20,P0028,0,0,0,0,0
2024-05-20,P0029,98,0,5,93,0
2024-05-20,P0030,26,0,4,22,0
2024-05-20,P0031,264,0,4,260,0
2024-05-20,P0032,0,0,3,0,0
2024-05-20,P0033,11,0,0,11,0
2024-05-20,P0034,150,0,3,147,0
2024-05-20,P0035,18,0,4,14,0
2024-05-20,P0036,4,0,0,4,0
2024-05-20,P0037,0,0,14,0,0
2024-05-20,P0038,40,0,2,38,0
2024-05-20,P0039,31,0,0,30,1
2024-05-20,P0040,62,0,0,62,0
2024-05-20,P0041,166,0,0,166,0
2024-05-20,P0042,99,0,1,98,0
2024-05-20,P0043,144,0,4,140,0
2024-05-20,P0044,0,0,15,0,0
2024-05-20,P0045,96,0,1,93,2
2024-05-20,P0046,0,0,7,0,2
2024-05-20,P0047,3,0,0,3,0
2024-05-20,P0048,27,0,13,14,0
2024-05-20,P0049,50,0,4,46,0
2024-05-20,P0050,120,0,4,116,0
2024-05-20,P0051,56,0,0,56,0
2024-05-20,P0052,136,0,0,136,0
2024-05-20,P0053,24,0,3,21,0
2024-05-20,P0054,86,0,0,86,0
2024-05-20,P0055,273,0,0,273,0
2024-05-20,P0056,29,0,0,29,0
2024-05-20,P0057,148,0,4,144,0
2024-05-20,P0058,0,0,7,0,0
2024-05-20,P0059,0,0,13,0,0
2024-05-20,P0060,25,0,5,20,0
2024-05-20,P0061,7,0,1,6,0
2024-05-20,P0062,128,22,4,146,0
2024-05-20,P0063,0,0,4,0,1
2024-05-20,P0064,80,0,0,80,0
2024-05-20,P0065,44,107,19,132,0
2024-05-20,P0066,41,0,12,29,0
2024-05-20,P0067,40,29,3,66,0
2024-05-20,P0068,167,0,0,167,0
2024-05-20,P0069,75,0,0,75,0
2024-05-20,P0070,21,0,3,18,0
2024-05-20,P0071,110,0,0,110,0
2024-05-20,P0072,215,0,0,215,0
2024-05-20,P0073,15,0,4,11,0
2024-05-20,P0074,0,0,11,0,0
2024-05-20,P0075,23,0,0,23,0
2024-05-20,P0076,109,0,3,104,2
2024-05-20,P0077,220,0,0,220,0
2024-05-20,P0078,37,0,1,36,0
2024-05-20,P0079,154,0,24,130,0
2024-05-20,P0080,143,0,0,143,0
2024-05-21,P0001,0,0,2,0,0
2024-05-21,P0002,245,0,0,245,0
2024-05-21,P0003,0,0,5,0,0
2024-05-21,P0004,88,0,1,87,0
2024-05-21,P0005,75,0,1,74,0
2024-05-21,P0006,78,0,0,78,0
2024-05-21,P0007,188,22,0,210,0
2024-05-21,P0008,175,0,0,175,0
2024-05-21,P0009,178,0,10,168,0
2024-05-21,P0010,13,0,6,7,0
2024-05-21,P0011,27,0,0,27,0
2024-05-21,P0012,137,0,1,136,0
2024-05-21,P0013,98,0,0,98,0
2024-05-21,P0014,60,0,6,54,0
2024-05-21,P0015,99,0,7,92,0
2024-05-21,P0016,56,0,16,40,0
2024-05-21,P0017,75,0,12,63,0
2024-05-21,P0018,0,0,0,0,0
2024-05-21,P0019,224,0,0,224,0
2024-05-21,P0020,155,0,2,151,2
2024-05-21,P0021,0,30,7,23,0
2024-05-21,P0022,0,0,0,0,0
2024-05-21,P0023,165,0,0,165,0
2024-05-21,P0024,90,0,0,90,0
2024-05-21,P0025,53,0,0,53,0
2024-05-21,P0026,247,0,0,247,0
2024-05-21,P0027,159,0,0,159,0
2024-05-21,P0028,0,0,2,0,0
2024-05-21,P0029,93,0,2,91,0
2024-05-21,P0030,22,0,3,19,0
2024-05-21,P0031,260,0,1,258,1
2024-05-21,P0032,0,0,0,0,0
2024-05-21,P0033,11,0,0,11,0
2024-05-21,P0034,147,0,0,147,0
2024-05-21,P0035,14,0,3,11,0
2024-05-21,P0036,4,0,1,3,0
2024-05-21,P0037,0,0,1,0,0
2024-05-21,P0038,38,0,0,38,0
2024-05-21,P0039,30,0,3,27,0
2024-05-21,P0040,62,0,0,62,0
2024-05-21,P0041,166,0,0,166,0
2024-05-21,P0042,98,0,5,93,0
2024-05-21,P0043,140,0,0,138,2
2024-05-21,P0044,0,0,15,0,0
2024-05-21,P0045,93,0,0,93,0
2024-05-21,P0046,0,0,10,0,0
2024-05-21,P0047,3,0,3,0,0
2024-05-21,P0048,14,0,3,11,0
2024-05-21,P0049,46,0,1,45,0
2024-05-21,P0050,116,23,1,138,0
2024-05-21,P0051,56,0,0,56,0
2024-05-21,P0052,136,13,2,147,0
2024-05-21,P0053,21,0,4,17,0
2024-05-21,P0054,86,0,1,85,0
2024-05-21,P0055,273,0,0,273,0
2024-05-21,P0056,29,0,6,23,0
2024-05-21,P0057,144,0,0,144,0
2024-05-21,P0058,0,0,7,0,0
2024-05-21,P0059,0,98,5,93,0
2024-05-21,P0060,20,0,8,12,0
2024-05-21,P0061,6,0,0,6,0
2024-05-21,P0062,146,0,0,146,0
2024-05-21,P0063,0,0,8,0,0
2024-05-21,P0064,80,19,0,99,0
2024-05-21,P0065,132,0,18,114,0
2024-05-21,P0066,29,0,21,8,0
2024-05-21,P0067,66,34,6,94,0
2024-05-21,P0068,167,0,0,167,0
2024-05-21,P0069,75,16,1,90,0
2024-05-21,P0070,18,0,4,14,0
2024-05-21,P0071,110,0,0,110,0
2024-05-21,P0072,215,0,0,215,0
2024-05-21,P0073,11,0,5,6,0
2024-05-21,P0074,0,0,12,0,0
2024-05-21,P0075,23,0,3,20,0
2024-05-21,P0076,104,0,2,102,0
2024-05-21,P0077,220,0,0,220,0
2024-05-21,P0078,36,0,2,34,0
2024-05-21,P0079,130,0,41,89,0
2024-05-21,P0080,143,0,0,143,0
2024-05-22,P0001,0,0,0,0,0
2024-05-22,P0002,245,0,2,243,0
2024-05-22,P0003,0,0,0,0,0
2024-05-22,P0004,87,39,6,120,0
2024-05-22,P0005,74,0,0,74,0
2024-05-22,P0006,78,0,1,77,0
2024-05-22,P0007,210,0,1,209,0
2024-05-22,P0008,175,0,0,175,0
2024-05-22,P0009,168,0,3,165,0
2024-05-22,P0010,7,0,10,0,0
2024-05-22,P0011,27,0,3,24,0
2024-05-22,P0012,136,0,0,136,0
2024-05-22,P0013,98,0,0,98,0
2024-05-22,P0014,54,0,3,51,0
2024-05-22,P0015,92,0,8,84,0
2024-05-22,P0016,40,0,0,40,0
2024-05-22,P0017,63,0,5,58,0
2024-05-22,P0018,0,0,0,0,0
2024-05-22,P0019,224,0,0,224,0
2024-05-22,P0020,151,0,2,149,0
2024-05-22,P0021,23,0,7,16,0
2024-05-22,P0022,0,0,0,0,0
2024-05-22,P0023,165,0,0,165,0
2024-05-22,P0024,90,0,0,90,0
2024-05-22,P0025,53,0,0,53,0
2024-05-22,P0026,247,0,0,247,0
2024-05-22,P0027,159,0,0,159,0
2024-05-22,P0028,0,0,7,0,0
2024-05-22,P0029,91,0,2,89,0
2024-05-22,P0030,19,24,0,43,0
2024-05-22,P0031,258,0,6,252,0
2024-05-22,P0032,0,0,7,0,0
2024-05-22,P0033,11,0,0,11,0
2024-05-22,P0034,147,0,5,142,0
2024-05-22,P0035,11,0,5,6,0
2024-05-22,P0036,3,0,5,0,0
2024-05-22,P0037,0,0,5,0,0
2024-05-22,P0038,38,0,5,33,0
2024-05-22,P0039,27,0,0,27,0
2024-05-22,P0040,62,0,0,62,0
2024-05-22,P0041,166,0,3,163,0
2024-05-22,P0042,93,0,0,93,0
2024-05-22,P0043,138,0,0,135,3
2024-05-22,P0044,0,0,12,0,0
2024-05-22,P0045,93,14,3,104,0
2024-05-22,P0046,0,0,10,0,0
2024-05-22,P0047,0,0,1,0,0
2024-05-22,P0048,11,0,2,9,0
2024-05-22,P0049,45,0,0,45,0
2024-05-22,P0050,138,0,0,138,0
2024-05-22,P0051,56,0,0,56,0
2024-05-22,P0052,147,0,0,147,0
2024-05-22,P0053,17,0,3,14,0
2024-05-22,P0054,85,0,0,85,0
2024-05-22,P0055,273,0,0,273,0
2024-05-22,P0056,23,0,0,23,0
2024-05-22,P0057,144,0,0,144,0
2024-05-22,P0058,0,0,4,0,0
2024-05-22,P0059,93,0,5,88,0
2024-05-22,P0060,12,0,4,8,0
2024-05-22,P0061,6,18,0,24,0
2024-05-22,P0062,146,0,0,146,0
2024-05-22,P0063,0,0,3,0,0
2024-05-22,P0064,99,0,1,98,0
2024-05-22,P0065,114,0,9,105,0
2024-05-22,P0066,8,0,8,0,0
2024-05-22,P0067,94,0,2,92,0
2024-05-22,P0068,167,0,0,167,0
2024-05-22,P0069,90,0,4,86,0
2024-05-22,P0070,14,0,5,9,0
2024-05-22,P0071,110,0,0,110,0
2024-05-22,P0072,215,0,0,215,0
2024-05-22,P0073,6,14,2,18,0
2024-05-22,P0074,0,0,9,0,0
2024-05-22,P0075,20,0,3,17,0
2024-05-22,P0076,102,0,0,102,0
2024-05-22,P0077,220,0,0,220,0
2024-05-22,P0078,34,0,0,34,0
2024-05-22,P0079,89,0,30,59,0
2024-05-22,P0080,143,11,1,153,0
2024-05-23,P0001,0,52,8,44,0
2024-05-23,P0002,243,18,0,261,0
2024-05-23,P0003,0,0,1,0,0
2024-05-23,P0004,120,0,0,120,0
2024-05-23,P0005,74,0,3,71,0
2024-05-23,P0006,77,0,2,75,0
2024-05-23,P0007,209,0,0,209,0
2024-05-23,P0008,175,0,0,175,0
2024-05-23,P0009,165,0,15,150,0
2024-05-23,P0010,0,0,4,0,0
2024-05-23,P0011,24,0,0,24,0
2024-05-23,P0012,136,0,0,136,0
2024-05-23,P0013,98,0,3,95,0
2024-05-23,P0014,51,0,1,50,0
2024-05-23,P0015,84,0,2,82,0
2024-05-23,P0016,40,0,10,30,0
2024-05-23,P0017,58,0,2,56,0
2024-05-23,P0018,0,0,5,0,0
2024-05-23,P0019,224,0,0,224,0
2024-05-23,P0020,149,0,0,149,0
2024-05-23,P0021,16,0,2,14,0
2024-05-23,P0022,0,0,0,0,0
2024-05-23,P0023,165,0,0,165,0
2024-05-23,P0024,90,0,0,90,0
2024-05-23,P0025,53,0,3,50,0
2024-05-23,P0026,247,0,0,247,0
2024-05-23,P0027,159,0,0,159,0
2024-05-23,P0028,0,0,1,0,0
2024-05-23,P0029,89,0,0,89,0
2024-05-23,P0030,43,0,3,40,0
2024-05-23,P0031,252,0,4,248,0
2024-05-23,P0032,0,21,4,17,0
2024-05-23,P0033,11,0,0,11,0
2024-05-23,P0034,142,0,0,142,0
2024-05-23,P0035,6,0,4,2,0
2024-05-23,P0036,0,0,4,0,1
2024-05-23,P0037,0,0,6,0,0
2024-05-23,P0038,33,0,0,33,0
2024-05-23,P0039,27,0,0,27,0
2024-05-23,P0040,62,0,0,62,0
2024-05-23,P0041,163,0,0,163,0
2024-05-23,P0042,93,11,4,100,0
2024-05-23,P0043,135,0,0,135,0
2024-05-23,P0044,0,0,9,0,0
2024-05-23,P0045,104,0,4,100,0
2024-05-23,P0046,0,0,5,0,0
2024-05-23,P0047,0,0,0,0,0
2024-05-23,P0048,9,19,2,26,0
2024-05-23,P0049,45,0,0,45,0
2024-05-23,P0050,138,0,0,138,0
2024-05-23,P0051,56,17,2,71,0
2024-05-23,P0052,147,0,4,143,0
2024-05-23,P0053,14,0,0,14,0
2024-05-23,P0054,85,0,0,85,0
2024-05-23,P0055,273,0,0,273,0
2024-05-23,P0056,23,0,4,19,0
2024-05-23,P0057,144,15,0,159,0
2024-05-23,P0058,0,0,19,0,0
2024-05-23,P0059,88,0,1,87,0
2024-05-23,P0060,8,0,9,0,0
2024-05-23,P0061,24,0,6,18,0
2024-05-23,P0062,146,0,0,146,0
2024-05-23,P0063,0,0,0,0,1
2024-05-23,P0064,98,0,1,97,0
2024-05-23,P0065,105,60,20,145,0
2024-05-23,P0066,0,0,13,0,0
2024-05-23,P0067,92,0,2,90,0
2024-05-23,P0068,167,0,3,164,0
2024-05-23,P0069,86,0,2,84,0
2024-05-23,P0070,9,0,0,9,0
2024-05-23,P0071,110,0,0,110,0
2024-05-23,P0072,215,0,0,215,0
2024-05-23,P0073,18,0,0,18,0
2024-05-23,P0074,0,0,9,0,0
2024-05-23,P0075,17,0,9,8,0
2024-05-23,P0076,102,0,1,101,0
2024-05-23,P0077,220,0,0,220,0
2024-05-23,P0078,34,0,5,29,0
2024-05-23,P0079,59,0,31,28,0
2024-05-23,P0080,153,0,0,153,0
2024-05-24,P0001,44,0,3,41,0
2024-05-24,P0002,261,0,0,261,0
2024-05-24,P0003,0,0,0,0,0
2024-05-24,P0004,120,35,4,151,0
2024-05-24,P0005,71,0,4,64,3
2024-05-24,P0006,75,0,1,74,0
2024-05-24,P0007,209,0,0,209,0
2024-05-24,P0008,175,22,1,196,0
2024-05-24,P0009,150,0,9,141,0
2024-05-24,P0010,0,0,15,0,0
2024-05-24,P0011,24,0,6,18,0
2024-05-24,P0012,136,0,0,136,0
2024-05-24,P0013,95,0,7,88,0
2024-05-24,P0014,50,0,0,50,0
2024-05-24,P0015,82,0,6,76,0
2024-05-24,P0016,30,0,2,28,0
2024-05-24,P0017,56,0,1,55,0
2024-05-24,P0018,0,0,1,0,0
2024-05-24,P0019,224,0,0,224,0
2024-05-24,P0020,149,0,2,147,0
2024-05-24,P0021,14,0,8,6,0
2024-05-24,P0022,0,0,2,0,0
2024-05-24,P0023,165,0,0,165,0
2024-05-24,P0024,90,0,2,88,0
2024-05-24,P0025,50,0,0,50,0
2024-05-24,P0026,247,0,0,247,0
2024-05-24,P0027,159,0,0,159,0
2024-05-24,P0028,0,0,1,0,0
2024-05-24,P0029,89,0,0,89,0
2024-05-24,P0030,40,0,1,39,0
2024-05-24,P0031,248,0,0,248,0
2024-05-24,P0032,17,0,0,17,0
2024-05-24,P0033,11,0,0,11,0
2024-05-24,P0034,142,0,0,142,0
2024-05-24,P0035,2,0,3,0,0
2024-05-24,P0036,0,0,7,0,0
2024-05-24,P0037,0,21,0,21,0
2024-05-24,P0038,33,0,3,30,0
2024-05-24,P0039,27,0,7,20,0
2024-05-24,P0040,62,0,0,62,0
2024-05-24,P0041,163,0,0,163,0
2024-05-24,P0042,100,0,1,99,0
2024-05-24,P0043,135,0,0,133,2
2024-05-24,P0044,0,0,4,0,0
2024-05-24,P0045,100,0,0,100,0
2024-05-24,P0046,0,0,4,0,0
2024-05-24,P0047,0,0,0,0,0
2024-05-24,P0048,26,0,4,22,0
2024-05-24,P0049,45,0,0,45,0
2024-05-24,P0050,138,0,0,138,0
2024-05-24,P0051,71,0,3,68,0
2024-05-24,P0052,143,0,2,141,0
2024-05-24,P0053,14,0,3,11,0
2024-05-24,P0054,85,0,0,85,0
2024-05-24,P0055,273,0,0,270,3
2024-05-24,P0056,19,0,5,14,0
2024-05-24,P0057,159,0,0,159,0
2024-05-24,P0058,0,0,9,0,0
2024-05-24,P0059,87,0,6,81,0
2024-05-24,P0060,0,0,7,0,0
2024-05-24,P0061,18,0,0,18,0
2024-05-24,P0062,146,0,1,145,0
2024-05-24,P0063,0,0,4,0,0
2024-05-24,P0064,97,0,0,97,0
2024-05-24,P0065,145,0,4,141,0
2024-05-24,P0066,0,90,2,88,0
2024-05-24,P0067,90,0,1,89,0
2024-05-24,P0068,164,0,0,164,0
2024-05-24,P0069,84,0,0,84,0
2024-05-24,P0070,9,0,6,3,0
2024-05-24,P0071,110,0,6,104,0
2024-05-24,P0072,215,0,0,213,2
2024-05-24,P0073,18,0,1,17,0
2024-05-24,P0074,0,0,8,0,0
2024-05-24,P0075,8,0,6,0,2
2024-05-24,P0076,101,0,0,101,0
2024-05-24,P0077,220,0,0,220,0
2024-05-24,P0078,29,21,2,48,0
2024-05-24,P0079,28,0,19,9,0
2024-05-24,P0080,153,19,0,172,0
2024-05-25,P0001,41,0,4,37,0
2024-05-25,P0002,261,0,2,259,0
2024-05-25,P0003,0,0,1,0,0
2024-05-25,P0004,151,0,3,148,0
2024-05-25,P0005,64,0,0,64,0
2024-05-25,P0006,74,0,3,71,0
2024-05-25,P0007,209,0,4,205,0
2024-05-25,P0008,196,0,0,196,0
2024-05-25,P0009,141,0,5,136,0
2024-05-25,P0010,0,0,8,0,0
2024-05-25,P0011,18,0,0,18,0
2024-05-25,P0012,136,0,0,136,0
2024-05-25,P0013,88,0,13,75,0
2024-05-25,P0014,50,0,3,47,0
2024-05-25,P0015,76,49,10,115,0
2024-05-25,P0016,28,0,2,26,0
2024-05-25,P0017,55,0,5,50,0
2024-05-25,P0018,0,0,5,0,0
2024-05-25,P0019,224,0,1,223,0
2024-05-25,P0020,147,0,5,142,0
2024-05-25,P0021,6,57,5,58,0
2024-05-25,P0022,0,0,0,0,0
2024-05-25,P0023,165,0,0,165,0
2024-05-25,P0024,88,0,0,88,0
2024-05-25,P0025,50,0,1,49,0
2024-05-25,P0026,247,0,0,247,0
2024-05-25,P0027,159,0,0,159,0
2024-05-25,P0028,0,0,1,0,0
2024-05-25,P0029,89,16,2,103,0
2024-05-25,P0030,39,0,2,37,0
2024-05-25,P0031,248,21,0,269,0
2024-05-25,P0032,17,26,5,38,0
2024-05-25,P0033,11,0,0,11,0
2024-05-25,P0034,142,0,5,137,0
2024-05-25,P0035,0,0,2,0,0
2024-05-25,P0036,0,0,2,0,0
2024-05-25,P0037,21,0,5,16,0
2024-05-25,P0038,30,0,1,27,2
2024-05-25,P0039,20,0,4,16,0
2024-05-25,P0040,62,0,0,62,0
2024-05-25,P0041,163,0,0,163,0
2024-05-25,P0042,99,13,1,111,0
2024-05-25,P0043,133,0,0,133,0
2024-05-25,P0044,0,0,26,0,0
2024-05-25,P0045,100,0,0,100,0
2024-05-25,P0046,0,0,9,0,0
2024-05-25,P0047,0,0,1,0,0
2024-05-25,P0048,22,0,2,20,0
2024-05-25,P0049,45,0,0,45,0
2024-05-25,P0050,138,0,8,130,0
2024-05-25,P0051,68,0,0,68,0
2024-05-25,P0052,141,0,1,140,0
2024-05-25,P0053,11,0,1,10,0
2024-05-25,P0054,85,0,0,85,0
2024-05-25,P0055,270,0,2,268,0
2024-05-25,P0056,14,0,3,11,0
2024-05-25,P0057,159,0,2,157,0
2024-05-25,P0058,0,0,13,0,0
2024-05-25,P0059,81,0,28,53,0
2024-05-25,P0060,0,0,12,0,1
2024-05-25,P0061,18,0,0,15,3
2024-05-25,P0062,145,0,0,145,0
2024-05-25,P0063,0,59,7,52,0
2024-05-25,P0064,97,0,3,94,0
2024-05-25,P0065,141,0,10,131,0
2024-05-25,P0066,88,0,22,66,0
2024-05-25,P0067,89,0,9,79,1
2024-05-25,P0068,164,0,0,164,0
2024-05-25,P0069,84,0,3,81,0
2024-05-25,P0070,3,0,3,0,0
2024-05-25,P0071,104,0,2,102,0
2024-05-25,P0072,213,0,0,213,0
2024-05-25,P0073,17,0,4,13,0
2024-05-25,P0074,0,0,20,0,0
2024-05-25,P0075,0,0,9,0,0
2024-05-25,P0076,101,0,0,101,0
2024-05-25,P0077,220,13,0,233,0
2024-05-25,P0078,48,0,2,46,0
2024-05-25,P0079,9,0,41,0,0
2024-05-25,P0080,172,15,1,186,0
2024-05-26,P0001,37,0,6,31,0
2024-05-26,P0002,259,0,3,256,0
2024-05-26,P0003,0,0,3,0,0
2024-05-26,P0004,148,0,2,146,0
2024-05-26,P0005,64,0,0,64,0
2024-05-26,P0006,71,0,6,65,0
2024-05-26,P0007,205,16,0,221,0
2024-05-26,P0008,196,0,0,196,0
2024-05-26,P0009,136,0,10,126,0
2024-05-26,P0010,0,0,7,0,0
2024-05-26,P0011,18,20,3,35,0
2024-05-26,P0012,136,0,0,133,3
2024-05-26,P0013,75,0,1,74,0
2024-05-26,P0014,47,0,3,44,0
2024-05-26,P0015,115,0,15,100,0
2024-05-26,P0016,26,0,6,20,0
2024-05-26,P0017,50,0,1,49,0
2024-05-26,P0018,0,0,3,0,0
2024-05-26,P0019,223,0,0,223,0
2024-05-26,P0020,142,0,0,142,0
2024-05-26,P0021,58,0,4,54,0
2024-05-26,P0022,0,0,3,0,0
2024-05-26,P0023,165,0,0,165,0
2024-05-26,P0024,88,0,0,88,0
2024-05-26,P0025,49,0,0,49,0
2024-05-26,P0026,247,0,0,247,0
2024-05-26,P0027,159,0,0,159,0
2024-05-26,P0028,0,0,1,0,0
2024-05-26,P0029,103,0,1,102,0
2024-05-26,P0030,37,0,0,37,0
2024-05-26,P0031,269,0,0,269,0
2024-05-26,P0032,38,0,5,33,0
2024-05-26,P0033,11,0,0,11,0
2024-05-26,P0034,137,0,7,130,0
2024-05-26,P0035,0,0,5,0,0
2024-05-26,P0036,0,17,7,10,0
2024-05-26,P0037,16,0,11,5,0
2024-05-26,P0038,27,0,2,25,0
2024-05-26,P0039,16,0,5,11,0
2024-05-26,P0040,62,0,0,62,0
2024-05-26,P0041,163,0,4,159,0
2024-05-26,P0042,111,0,1,110,0
2024-05-26,P0043,133,0,0,133,0
2024-05-26,P0044,0,0,15,0,0
2024-05-26,P0045,100,0,0,100,0
2024-05-26,P0046,0,0,2,0,0
2024-05-26,P0047,0,0,0,0,0
2024-05-26,P0048,20,0,5,15,0
2024-05-26,P0049,45,17,0,62,0
2024-05-26,P0050,130,0,5,125,0
2024-05-26,P0051,68,0,2,66,0
2024-05-26,P0052,140,0,0,140,0
2024-05-26,P0053,10,22,3,29,0
2024-05-26,P0054,85,0,0,85,0
2024-05-26,P0055,268,0,0,268,0
2024-05-26,P0056,11,0,3,8,0
2024-05-26,P0057,157,0,0,157,0
2024-05-26,P0058,0,0,12,0,0
2024-05-26,P0059,53,0,7,46,0
2024-05-26,P0060,0,0,17,0,0
2024-05-26,P0061,15,0,1,12,2
2024-05-26,P0062,145,17,2,160,0
2024-05-26,P0063,52,0,12,40,0
2024-05-26,P0064,94,0,1,93,0
2024-05-26,P0065,131,0,12,119,0
2024-05-26,P0066,66,0,8,58,0
2024-05-26,P0067,79,0,8,71,0
2024-05-26,P0068,164,0,0,164,0
2024-05-26,P0069,81,0,6,75,0
2024-05-26,P0070,0,0,0,0,0
2024-05-26,P0071,102,20,0,122,0
2024-05-26,P0072,213,0,0,213,0
2024-05-26,P0073,13,0,2,11,0
2024-05-26,P0074,0,0,10,0,0
2024-05-26,P0075,0,0,5,0,0
2024-05-26,P0076,101,0,2,99,0
2024-05-26,P0077,233,0,0,233,0
2024-05-26,P0078,46,0,2,44,0
2024-05-26,P0079,0,173,25,148,0
2024-05-26,P0080,186,0,3,183,0
2024-05-27,P0001,31,0,5,26,0
2024-05-27,P0002,256,0,3,253,0
2024-05-27,P0003,0,0,0,0,0
2024-05-27,P0004,146,0,11,135,0
2024-05-27,P0005,64,0,2,62,0
2024-05-27,P0006,65,12,1,76,0
2024-05-27,P0007,221,0,0,221,0
2024-05-27,P0008,196,0,0,196,0
2024-05-27,P0009,126,0,8,118,0
2024-05-27,P0010,0,0,2,0,0
2024-05-27,P0011,35,0,3,32,0
2024-05-27,P0012,133,0,0,133,0
2024-05-27,P0013,74,0,1,73,0
2024-05-27,P0014,44,0,1,43,0
2024-05-27,P0015,100,0,0,100,0
2024-05-27,P0016,20,32,2,50,0
2024-05-27,P0017,49,0,0,49,0
2024-05-27,P0018,0,19,0,19,0
2024-05-27,P0019,223,0,1,222,0
2024-05-27,P0020,142,0,0,142,0
2024-05-27,P0021,54,0,5,49,0
2024-05-27,P0022,0,0,5,0,0
2024-05-27,P0023,165,0,0,165,0
2024-05-27,P0024,88,0,0,88,0
2024-05-27,P0025,49,0,4,45,0
2024-05-27,P0026,247,0,2,245,0
2024-05-27,P0027,159,0,0,159,0
2024-05-27,P0028,0,0,0,0,0
2024-05-27,P0029,102,0,0,102,0
2024-05-27,P0030,37,0,0,37,0
2024-05-27,P0031,269,0,0,269,0
2024-05-27,P0032,33,0,2,31,0
2024-05-27,P0033,11,0,0,11,0
2024-05-27,P0034,130,0,0,130,0
2024-05-27,P0035,0,0,2,0,0
2024-05-27,P0036,10,0,1,6,3
2024-05-27,P0037,5,0,8,0,0
2024-05-27,P0038,25,0,0,25,0
2024-05-27,P0039,11,0,0,11,0
2024-05-27,P0040,62,0,5,57,0
2024-05-27,P0041,159,0,4,155,0
2024-05-27,P0042,110,0,0,110,0
2024-05-27,P0043,133,0,0,133,0
2024-05-27,P0044,0,0,22,0,0
2024-05-27,P0045,100,0,0,100,0
2024-05-27,P0046,0,0,1,0,0
2024-05-27,P0047,0,0,1,0,0
2024-05-27,P0048,15,0,5,10,0
2024-05-27,P0049,62,0,3,59,0
2024-05-27,P0050,125,0,0,125,0
2024-05-27,P0051,66,0,5,61,0
2024-05-27,P0052,140,0,0,140,0
2024-05-27,P0053,29,0,0,29,0
2024-05-27,P0054,85,0,0,85,0
2024-05-27,P0055,268,0,0,268,0
2024-05-27,P0056,8,0,0,8,0
2024-05-27,P0057,157,0,0,157,0
2024-05-27,P0058,0,0,20,0,0
2024-05-27,P0059,46,0,3,43,0
2024-05-27,P0060,0,0,1,0,0
2024-05-27,P0061,12,0,7,5,0
2024-05-27,P0062,160,0,0,160,0
2024-05-27,P0063,40,0,1,39,0
2024-05-27,P0064,93,0,2,91,0
2024-05-27,P0065,119,0,23,96,0
2024-05-27,P0066,58,0,14,44,0
2024-05-27,P0067,71,0,6,65,0
2024-05-27,P0068,164,0,2,162,0
2024-05-27,P0069,75,0,0,75,0
2024-05-27,P0070,0,40,4,36,0
2024-05-27,P0071,122,0,0,122,0
2024-05-27,P0072,213,0,1,212,0
2024-05-27,P0073,11,0,0,11,0
2024-05-27,P0074,0,0,3,0,0
2024-05-27,P0075,0,0,5,0,0
2024-05-27,P0076,99,0,0,99,0
2024-05-27,P0077,233,0,0,233,0
2024-05-27,P0078,44,14,0,58,0
2024-05-27,P0079,148,0,27,121,0
2024-05-27,P0080,183,0,0,183,0
2024-05-28,P0001,26,0,3,23,0
2024-05-28,P0002,253,0,3,250,0
2024-05-28,P0003,0,0,0,0,0
2024-05-28,P0004,135,0,7,128,0
2024-05-28,P0005,62,0,2,60,0
2024-05-28,P0006,76,0,2,74,0
2024-05-28,P0007,221,0,0,221,0
2024-05-28,P0008,196,0,0,196,0
2024-05-28,P0009,118,47,0,165,0
2024-05-28,P0010,0,0,1,0,0
2024-05-28,P0011,32,0,2,30,0
2024-05-28,P0012,133,22,0,155,0
2024-05-28,P0013,73,0,0,73,0
2024-05-28,P0014,43,0,0,43,0
2024-05-28,P0015,100,0,4,96,0
2024-05-28,P0016,50,0,8,42,0
2024-05-28,P0017,49,0,3,46,0
2024-05-28,P0018,19,0,4,15,0
2024-05-28,P0019,222,0,3,219,0
2024-05-28,P0020,142,0,0,142,0
2024-05-28,P0021,49,0,4,45,0
2024-05-28,P0022,0,0,3,0,0
2024-05-28,P0023,165,20,0,185,0
2024-05-28,P0024,88,22,0,110,0
2024-05-28,P0025,45,0,3,42,0
2024-05-28,P0026,245,0,0,245,0
2024-05-28,P0027,159,0,0,159,0
2024-05-28,P0028,0,0,2,0,0
2024-05-28,P0029,102,0,2,100,0
2024-05-28,P0030,37,0,0,37,0
2024-05-28,P0031,269,0,3,266,0
2024-05-28,P0032,31,0,7,24,0
2024-05-28,P0033,11,0,1,10,0
2024-05-28,P0034,130,0,0,130,0
2024-05-28,P0035,0,0,8,0,0
2024-05-28,P0036,6,0,7,0,0
2024-05-28,P0037,0,0,7,0,0
2024-05-28,P0038,25,15,0,40,0
2024-05-28,P0039,11,0,0,11,0
2024-05-28,P0040,57,0,0,57,0
2024-05-28,P0041,155,0,1,154,0
2024-05-28,P0042,110,0,0,110,0
2024-05-28,P0043,133,0,0,133,0
2024-05-28,P0044,0,0,8,0,0
2024-05-28,P0045,100,0,0,100,0
2024-05-28,P0046,0,0,7,0,0
2024-05-28,P0047,0,0,2,0,0
2024-05-28,P0048,10,0,2,5,3
2024-05-28,P0049,59,0,3,56,0
2024-05-28,P0050,125,0,0,125,0
2024-05-28,P0051,61,0,0,59,2
2024-05-28,P0052,140,0,1,139,0
2024-05-28,P0053,29,0,0,29,0
2024-05-28,P0054,85,0,0,85,0
2024-05-28,P0055,268,0,2,266,0
2024-05-28,P0056,8,0,4,4,0
2024-05-28,P0057,157,0,0,157,0
2024-05-28,P0058,0,0,18,0,0
2024-05-28,P0059,43,50,9,84,0
2024-05-28,P0060,0,0,3,0,0
2024-05-28,P0061,5,0,2,3,0
2024-05-28,P0062,160,0,3,157,0
2024-05-28,P0063,39,0,19,20,0
2024-05-28,P0064,91,0,0,91,0
2024-05-28,P0065,96,0,3,93,0
2024-05-28,P0066,44,0,17,27,0
2024-05-28,P0067,65,0,1,64,0
2024-05-28,P0068,162,0,4,158,0
2024-05-28,P0069,75,0,0,75,0
2024-05-28,P0070,36,0,8,28,0
2024-05-28,P0071,122,0,0,122,0
2024-05-28,P0072,212,0,1,211,0
2024-05-28,P0073,11,0,6,5,0
2024-05-28,P0074,0,0,0,0,0
2024-05-28,P0075,0,0,6,0,0
2024-05-28,P0076,99,0,0,99,0
2024-05-28,P0077,233,0,0,233,0
2024-05-28,P0078,58,0,6,52,0
2024-05-28,P0079,121,0,41,80,0
2024-05-28,P0080,183,0,0,183,0
2024-05-29,P0001,23,0,0,23,0
2024-05-29,P0002,250,0,0,250,0
2024-05-29,P0003,0,0,2,0,0
2024-05-29,P0004,128,0,0,128,0
2024-05-29,P0005,60,0,2,58,0
2024-05-29,P0006,74,0,0,74,0
2024-05-29,P0007,221,0,0,221,0
2024-05-29,P0008,196,0,0,196,0
2024-05-29,P0009,165,0,5,160,0
2024-05-29,P0010,0,0,3,0,0
2024-05-29,P0011,30,0,3,27,0
2024-05-29,P0012,155,0,0,155,0
2024-05-29,P0013,73,0,0,73,0
2024-05-29,P0014,43,0,0,43,0
2024-05-29,P0015,96,0,12,84,0
2024-05-29,P0016,42,0,6,36,0
2024-05-29,P0017,46,0,11,35,0
2024-05-29,P0018,15,0,6,9,0
2024-05-29,P0019,219,0,0,219,0
2024-05-29,P0020,142,0,1,140,1
2024-05-29,P0021,45,0,4,41,0
2024-05-29,P0022,0,0,0,0,0
2024-05-29,P0023,185,0,0,185,0
2024-05-29,P0024,110,0,0,110,0
2024-05-29,P0025,42,0,0,42,0
2024-05-29,P0026,245,0,0,245,0
2024-05-29,P0027,159,0,0,159,0
2024-05-29,P0028,0,0,2,0,0
2024-05-29,P0029,100,0,8,92,0
2024-05-29,P0030,37,0,0,37,0
2024-05-29,P0031,266,0,0,266,0
2024-05-29,P0032,24,0,2,22,0
2024-05-29,P0033,10,0,3,7,0
2024-05-29,P0034,130,0,0,130,0
2024-05-29,P0035,0,0,6,0,0
2024-05-29,P0036,0,0,2,0,0
2024-05-29,P0037,0,0,2,0,0
2024-05-29,P0038,40,0,0,40,0
2024-05-29,P0039,11,0,7,4,0
2024-05-29,P0040,57,0,5,52,0
2024-05-29,P0041,154,0,0,154,0
2024-05-29,P0042,110,0,0,110,0
2024-05-29,P0043,133,0,0,133,0
2024-05-29,P0044,0,0,20,0,0
2024-05-29,P0045,100,0,0,100,0
2024-05-29,P0046,0,0,9,0,0
2024-05-29,P0047,0,0,0,0,0
2024-05-29,P0048,5,0,0,5,0
2024-05-29,P0049,56,0,1,55,0
2024-05-29,P0050,125,0,1,124,0
2024-05-29,P0051,59,0,3,56,0
2024-05-29,P0052,139,0,0,139,0
2024-05-29,P0053,29,0,7,22,0
2024-05-29,P0054,85,0,0,85,0
2024-05-29,P0055,266,0,0,266,0
2024-05-29,P0056,4,0,0,4,0
2024-05-29,P0057,157,0,2,155,0
2024-05-29,P0058,0,0,8,0,0
2024-05-29,P0059,84,0,13,71,0
2024-05-29,P0060,0,0,5,0,0
2024-05-29,P0061,3,0,0,3,0
2024-05-29,P0062,157,0,0,157,0
2024-05-29,P0063,20,0,10,10,0
2024-05-29,P0064,91,0,0,91,0
2024-05-29,P0065,93,0,1,92,0
2024-05-29,P0066,27,114,9,132,0
2024-05-29,P0067,64,0,4,60,0
2024-05-29,P0068,158,0,2,156,0
2024-05-29,P0069,75,20,0,95,0
2024-05-29,P0070,28,0,15,13,0
2024-05-29,P0071,122,0,4,118,0
2024-05-29,P0072,211,0,0,211,0
2024-05-29,P0073,5,0,0,5,0
2024-05-29,P0074,0,0,17,0,0
2024-05-29,P0075,0,16,4,12,0
2024-05-29,P0076,99,0,2,97,0
2024-05-29,P0077,233,0,1,232,0
2024-05-29,P0078,52,0,1,51,0
2024-05-29,P0079,80,0,23,57,0
2024-05-29,P0080,183,0,0,183,0
2024-05-30,P0001,23,0,9,14,0
2024-05-30,P0002,250,22,0,272,0
2024-05-30,P0003,0,0,2,0,0
2024-05-30,P0004,128,0,8,120,0
2024-05-30,P0005,58,0,1,57,0
2024-05-30,P0006,74,0,0,74,0
2024-05-30,P0007,221,0,5,216,0
2024-05-30,P0008,196,0,0,196,0
2024-05-30,P0009,160,0,8,152,0
2024-05-30,P0010,0,0,1,0,0
2024-05-30,P0011,27,0,0,27,0
2024-05-30,P0012,155,0,0,155,0
2024-05-30,P0013,73,0,4,69,0
2024-05-30,P0014,43,0,1,42,0
2024-05-30,P0015,84,0,2,82,0
2024-05-30,P0016,36,0,4,32,0
2024-05-30,P0017,35,21,3,53,0
2024-05-30,P0018,9,0,1,8,0
2024-05-30,P0019,219,0,0,219,0
2024-05-30,P0020,140,11,0,151,0
2024-05-30,P0021,41,0,5,36,0
2024-05-30,P0022,0,0,5,0,0
2024-05-30,P0023,185,0,0,185,0
2024-05-30,P0024,110,0,0,110,0
2024-05-30,P0025,42,0,0,42,0
2024-05-30,P0026,245,0,0,245,0
2024-05-30,P0027,159,0,0,159,0
2024-05-30,P0028,0,0,2,0,0
2024-05-30,P0029,92,0,0,92,0
2024-05-30,P0030,37,0,2,35,0
2024-05-30,P0031,266,0,0,266,0
2024-05-30,P0032,22,0,6,16,0
2024-05-30,P0033,7,0,1,6,0
2024-05-30,P0034,130,0,0,130,0
2024-05-30,P0035,0,0,0,0,0
2024-05-30,P0036,0,0,7,0,0
2024-05-30,P0037,0,0,2,0,0
2024-05-30,P0038,40,0,3,37,0
2024-05-30,P0039,4,0,1,3,0
2024-05-30,P0040,52,0,1,51,0
2024-05-30,P0041,154,0,0,153,1
2024-05-30,P0042,110,0,3,107,0
2024-05-30,P0043,133,0,0,133,0
2024-05-30,P0044,0,0,16,0,0
2024-05-30,P0045,100,0,0,100,0
2024-05-30,P0046,0,0,6,0,0
2024-05-30,P0047,0,0,0,0,0
2024-05-30,P0048,5,0,8,0,0
2024-05-30,P0049,55,0,0,55,0
2024-05-30,P0050,124,0,3,121,0
2024-05-30,P0051,56,0,0,56,0
2024-05-30,P0052,139,0,0,139,0
2024-05-30,P0053,22,0,11,11,0
2024-05-30,P0054,85,0,0,85,0
2024-05-30,P0055,266,0,0,266,0
2024-05-30,P0056,4,0,0,4,0
2024-05-30,P0057,155,0,0,155,0
2024-05-30,P0058,0,0,6,0,0
2024-05-30,P0059,71,0,5,66,0
2024-05-30,P0060,0,0,13,0,0
2024-05-30,P0061,3,14,1,16,0
2024-05-30,P0062,157,0,0,157,0
2024-05-30,P0063,10,0,9,1,0
2024-05-30,P0064,91,0,0,91,0
2024-05-30,P0065,92,0,14,78,0
2024-05-30,P0066,132,115,21,226,0
2024-05-30,P0067,60,0,4,56,0
2024-05-30,P0068,156,0,6,150,0
2024-05-30,P0069,95,0,0,95,0
2024-05-30,P0070,13,0,0,13,0
2024-05-30,P0071,118,0,0,118,0
2024-05-30,P0072,211,0,3,208,0
2024-05-30,P0073,5,16,2,19,0
2024-05-30,P0074,0,0,19,0,0
2024-05-30,P0075,12,0,0,12,0
2024-05-30,P0076,97,0,0,97,0
2024-05-30,P0077,232,0,0,232,0
2024-05-30,P0078,51,0,0,51,0
2024-05-30,P0079,57,0,33,24,0
2024-05-30,P0080,183,0,4,179,0
2024-05-31,P0001,14,44,3,55,0
2024-05-31,P0002,272,11,0,283,0
2024-05-31,P0003,0,0,0,0,0
2024-05-31,P0004,120,0,3,117,0
2024-05-31,P0005,57,0,3,54,0
2024-05-31,P0006,74,0,3,71,0
2024-05-31,P0007,216,0,5,211,0
2024-05-31,P0008,196,0,0,196,0
2024-05-31,P0009,152,0,9,143,0
2024-05-31,P0010,0,0,4,0,0
2024-05-31,P0011,27,0,1,26,0
2024-05-31,P0012,155,0,1,154,0
2024-05-31,P0013,69,0,0,69,0
2024-05-31,P0014,42,0,0,42,0
2024-05-31,P0015,82,0,6,76,0
2024-05-31,P0016,32,0,4,28,0
2024-05-31,P0017,53,0,5,48,0
2024-05-31,P0018,8,0,0,8,0
2024-05-31,P0019,219,0,1,218,0
2024-05-31,P0020,151,0,1,150,0
2024-05-31,P0021,36,0,7,29,0
2024-05-31,P0022,0,0,5,0,0
2024-05-31,P0023,185,0,1,184,0
2024-05-31,P0024,110,15,5,120,0
2024-05-31,P0025,42,0,0,42,0
2024-05-31,P0026,245,0,0,245,0
2024-05-31,P0027,159,0,1,158,0
2024-05-31,P0028,0,0,1,0,0
2024-05-31,P0029,92,0,2,90,0
2024-05-31,P0030,35,0,0,35,0
2024-05-31,P0031,266,0,0,266,0
2024-05-31,P0032,16,0,3,13,0
2024-05-31,P0033,6,21,0,27,0
2024-05-31,P0034,130,0,4,126,0
2024-05-31,P0035,0,0,1,0,0
2024-05-31,P0036,0,0,5,0,0
2024-05-31,P0037,0,0,5,0,0
2024-05-31,P0038,37,0,0,37,0
2024-05-31,P0039,3,25,2,26,0
2024-05-31,P0040,51,0,2,49,0
2024-05-31,P0041,153,0,0,153,0
2024-05-31,P0042,107,0,0,107,0
2024-05-31,P0043,133,0,0,133,0
2024-05-31,P0044,0,0,16,0,0
2024-05-31,P0045,100,0,0,100,0
2024-05-31,P0046,0,44,2,42,0
2024-05-31,P0047,0,0,1,0,0
2024-05-31,P0048,0,0,10,0,0
2024-05-31,P0049,55,0,3,52,0
2024-05-31,P0050,121,0,3,118,0
2024-05-31,P0051,56,10,1,65,0
2024-05-31,P0052,139,0,0,139,0
2024-05-31,P0053,11,0,0,11,0
2024-05-31,P0054,85,0,2,83,0
2024-05-31,P0055,266,0,0,266,0
2024-05-31,P0056,4,0,0,4,0
2024-05-31,P0057,155,0,0,155,0
2024-05-31,P0058,0,0,7,0,0
2024-05-31,P0059,66,0,4,62,0
2024-05-31,P0060,0,0,0,0,0
2024-05-31,P0061,16,0,0,16,0
2024-05-31,P0062,157,0,0,157,0
2024-05-31,P0063,1,0,14,0,0
2024-05-31,P0064,91,0,0,91,0
2024-05-31,P0065,78,0,16,62,0
2024-05-31,P0066,226,0,19,207,0
2024-05-31,P0067,56,34,11,79,0
2024-05-31,P0068,150,22,2,170,0
2024-05-31,P0069,95,0,0,95,0
2024-05-31,P0070,13,0,11,2,0
2024-05-31,P0071,118,0,3,115,0
2024-05-31,P0072,208,0,2,206,0
2024-05-31,P0073,19,0,8,11,0
2024-05-31,P0074,0,0,5,0,0
2024-05-31,P0075,12,0,10,2,0
2024-05-31,P0076,97,0,0,97,0
2024-05-31,P0077,232,0,0,232,0
2024-05-31,P0078,51,0,1,50,0
2024-05-31,P0079,24,0,22,2,0
2024-05-31,P0080,179,0,0,179,0
2024-06-01,P0001,55,0,4,51,0
2024-06-01,P0002,283,0,0,283,0
2024-06-01,P0003,0,0,3,0,0
2024-06-01,P0004,117,0,12,105,0
2024-06-01,P0005,54,0,1,53,0
2024-06-01,P0006,71,0,0,71,0
2024-06-01,P0007,211,13,0,224,0
2024-06-01,P0008,196,22,0,218,0
2024-06-01,P0009,143,0,2,141,0
2024-06-01,P0010,0,0,3,0,0
2024-06-01,P0011,26,0,7,19,0
2024-06-01,P0012,154,0,0,154,0
2024-06-01,P0013,69,0,0,69,0
2024-06-01,P0014,42,0,3,39,0
2024-06-01,P0015,76,0,11,65,0
2024-06-01,P0016,28,0,6,22,0
2024-06-01,P0017,48,0,2,46,0
2024-06-01,P0018,8,0,1,7,0
2024-06-01,P0019,218,0,0,218,0
2024-06-01,P0020,150,0,0,150,0
2024-06-01,P0021,29,0,3,26,0
2024-06-01,P0022,0,0,2,0,0
2024-06-01,P0023,184,0,0,184,0
2024-06-01,P0024,120,17,0,137,0
2024-06-01,P0025,42,0,0,42,0
2024-06-01,P0026,245,0,0,245,0
2024-06-01,P0027,158,0,0,158,0
2024-06-01,P0028,0,0,0,0,0
2024-06-01,P0029,90,0,7,83,0
2024-06-01,P0030,35,0,0,35,0
2024-06-01,P0031,266,0,0,265,1
2024-06-01,P0032,13,0,0,13,0
2024-06-01,P0033,27,0,4,23,0
2024-06-01,P0034,126,0,0,126,0
2024-06-01,P0035,0,0,5,0,0
2024-06-01,P0036,0,0,1,0,0
2024-06-01,P0037,0,0,5,0,0
2024-06-01,P0038,37,0,8,27,2
2024-06-01,P0039,26,0,0,26,0
2024-06-01,P0040,49,0,0,49,0
2024-06-01,P0041,153,0,0,153,0
2024-06-01,P0042,107,0,2,105,0
2024-06-01,P0043,133,0,0,133,0
2024-06-01,P0044,0,140,9,131,0
2024-06-01,P0045,100,0,1,99,0
2024-06-01,P0046,42,0,8,34,0
2024-06-01,P0047,0,0,0,0,0
2024-06-01,P0048,0,0,3,0,0
2024-06-01,P0049,52,0,6,46,0
2024-06-01,P0050,118,0,5,113,0
2024-06-01,P0051,65,15,0,80,0
2024-06-01,P0052,139,0,0,139,0
2024-06-01,P0053,11,0,0,11,0
2024-06-01,P0054,83,0,0,83,0
2024-06-01,P0055,266,0,0,265,1
2024-06-01,P0056,4,15,0,19,0
2024-06-01,P0057,155,0,0,155,0
2024-06-01,P0058,0,0,20,0,0
2024-06-01,P0059,62,0,12,50,0
2024-06-01,P0060,0,62,4,58,0
2024-06-01,P0061,16,0,0,16,0
2024-06-01,P0062,157,0,0,157,0
2024-06-01,P0063,0,0,6,0,0
2024-06-01,P0064,91,0,4,87,0
2024-06-01,P0065,62,0,13,49,0
2024-06-01,P0066,207,0,7,200,0
2024-06-01,P0067,79,0,10,69,0
2024-06-01,P0068,170,0,0,170,0
2024-06-01,P0069,95,0,5,90,0
2024-06-01,P0070,2,0,6,0,0
2024-06-01,P0071,115,0,0,115,0
2024-06-01,P0072,206,0,1,205,0
2024-06-01,P0073,11,0,0,11,0
2024-06-01,P0074,0,0,3,0,0
2024-06-01,P0075,2,0,1,1,0
2024-06-01,P0076,97,0,0,97,0
2024-06-01,P0077,232,0,0,232,0
2024-06-01,P0078,50,0,0,50,0
2024-06-01,P0079,2,0,38,0,0
2024-06-01,P0080,179,0,0,179,0
2024-06-02,P0001,51,0,14,37,0
2024-06-02,P0002,283,0,0,283,0
2024-06-02,P0003,0,0,1,0,0
2024-06-02,P0004,105,0,11,94,0
2024-06-02,P0005,53,0,0,53,0
2024-06-02,P0006,71,0,1,70,0
2024-06-02,P0007,224,14,0,238,0
2024-06-02,P0008,218,0,1,217,0
2024-06-02,P0009,141,55,4,192,0
2024-06-02,P0010,0,0,5,0,0
2024-06-02,P0011,19,0,3,16,0
2024-06-02,P0012,154,0,0,154,0
2024-06-02,P0013,69,0,0,69,0
2024-06-02,P0014,39,0,3,36,0
2024-06-02,P0015,65,0,0,65,0
2024-06-02,P0016,22,0,10,12,0
2024-06-02,P0017,46,21,2,65,0
2024-06-02,P0018,7,0,1,6,0
2024-06-02,P0019,218,0,0,218,0
2024-06-02,P0020,150,0,0,150,0
2024-06-02,P0021,26,0,6,19,1
2024-06-02,P0022,0,0,5,0,0
2024-06-02,P0023,184,0,0,184,0
2024-06-02,P0024,137,0,0,137,0
2024-06-02,P0025,42,26,0,68,0
2024-06-02,P0026,245,0,0,245,0
2024-06-02,P0027,158,0,0,158,0
2024-06-02,P0028,0,0,2,0,0
2024-06-02,P0029,83,0,1,82,0
2024-06-02,P0030,35,0,2,33,0
2024-06-02,P0031,265,0,0,265,0
2024-06-02,P0032,13,0,1,12,0
2024-06-02,P0033,23,0,1,22,0
2024-06-02,P0034,126,0,0,126,0
2024-06-02,P0035,0,0,7,0,0
2024-06-02,P0036,0,0,0,0,0
2024-06-02,P0037,0,0,10,0,0
2024-06-02,P0038,27,0,1,26,0
2024-06-02,P0039,26,14,0,40,0
2024-06-02,P0040,49,22,0,71,0
2024-06-02,P0041,153,0,0,153,0
2024-06-02,P0042,105,0,0,105,0
2024-06-02,P0043,133,0,0,133,0
2024-06-02,P0044,131,0,22,109,0
2024-06-02,P0045,99,0,0,99,0
2024-06-02,P0046,34,29,12,51,0
2024-06-02,P0047,0,11,3,8,0
2024-06-02,P0048,0,21,0,21,0
2024-06-02,P0049,46,0,3,43,0
2024-06-02,P0050,113,0,0,113,0
2024-06-02,P0051,80,0,3,77,0
2024-06-02,P0052,139,0,0,139,0
2024-06-02,P0053,11,0,0,11,0
2024-06-02,P0054,83,0,0,83,0
2024-06-02,P0055,265,0,0,265,0
2024-06-02,P0056,19,0,2,15,2
2024-06-02,P0057,155,22,1,176,0
2024-06-02,P0058,0,0,21,0,0
2024-06-02,P0059,50,0,18,32,0
2024-06-02,P0060,58,0,10,48,0
2024-06-02,P0061,16,0,0,16,0
2024-06-02,P0062,157,0,0,157,0
2024-06-02,P0063,0,0,4,0,0
2024-06-02,P0064,87,19,5,101,0
2024-06-02,P0065,49,0,10,39,0
2024-06-02,P0066,200,0,21,179,0
2024-06-02,P0067,69,0,13,56,0
2024-06-02,P0068,170,0,0,170,0
2024-06-02,P0069,90,0,0,90,0
2024-06-02,P0070,0,0,3,0,0
2024-06-02,P0071,115,14,0,129,0
2024-06-02,P0072,205,0,0,205,0
2024-06-02,P0073,11,0,0,11,0
2024-06-02,P0074,0,0,10,0,0
2024-06-02,P0075,1,0,2,0,0
2024-06-02,P0076,97,0,0,97,0
2024-06-02,P0077,232,0,0,232,0
2024-06-02,P0078,50,0,4,46,0
2024-06-02,P0079,0,0,45,0,0
2024-06-02,P0080,179,15,0,194,0
2024-06-03,P0001,37,0,8,29,0
2024-06-03,P0002,283,0,0,283,0
2024-06-03,P0003,0,28,1,27,0
2024-06-03,P0004,94,0,6,88,0
2024-06-03,P0005,53,0,2,51,0
2024-06-03,P0006,70,0,0,70,0
2024-06-03,P0007,238,0,0,238,0
2024-06-03,P0008,217,0,0,217,0
2024-06-03,P0009,192,0,1,191,0
2024-06-03,P0010,0,0,7,0,0
2024-06-03,P0011,16,0,0,16,0
2024-06-03,P0012,154,0,0,154,0
2024-06-03,P0013,69,0,0,69,0
2024-06-03,P0014,36,16,4,48,0
2024-06-03,P0015,65,0,8,57,0
2024-06-03,P0016,12,0,8,4,0
2024-06-03,P0017,65,0,0,65,0
2024-06-03,P0018,6,0,3,3,0
2024-06-03,P0019,218,0,0,218,0
2024-06-03,P0020,150,0,0,150,0
2024-06-03,P0021,19,0,2,17,0
2024-06-03,P0022,0,0,0,0,0
2024-06-03,P0023,184,0,0,184,0
2024-06-03,P0024,137,0,0,137,0
2024-06-03,P0025,68,0,4,64,0
2024-06-03,P0026,245,22,0,267,0
2024-06-03,P0027,158,0,0,158,0
2024-06-03,P0028,0,0,4,0,0
2024-06-03,P0029,82,21,0,103,0
2024-06-03,P0030,33,0,0,33,0
2024-06-03,P0031,265,0,0,265,0
2024-06-03,P0032,12,0,4,8,0
2024-06-03,P0033,22,0,0,22,0
2024-06-03,P0034,126,0,0,126,0
2024-06-03,P0035,0,0,2,0,0
2024-06-03,P0036,0,0,0,0,0
2024-06-03,P0037,0,0,4,0,0
2024-06-03,P0038,26,0,2,24,0
2024-06-03,P0039,40,0,1,39,0
2024-06-03,P0040,71,0,0,71,0
2024-06-03,P0041,153,0,1,152,0
2024-06-03,P0042,105,0,0,105,0
2024-06-03,P0043,133,0,0,133,0
2024-06-03,P0044,109,0,6,103,0
2024-06-03,P0045,99,0,0,99,0
2024-06-03,P0046,51,0,5,46,0
2024-06-03,P0047,8,0,2,6,0
2024-06-03,P0048,21,0,3,18,0
2024-06-03,P0049,43,0,3,40,0
2024-06-03,P0050,113,0,2,111,0
2024-06-03,P0051,77,0,0,77,0
2024-06-03,P0052,139,0,0,139,0
2024-06-03,P0053,11,0,4,7,0
2024-06-03,P0054,83,0,0,83,0
2024-06-03,P0055,265,0,0,265,0
2024-06-03,P0056,15,17,4,28,0
2024-06-03,P0057,176,0,0,176,0
2024-06-03,P0058,0,0,5,0,0
2024-06-03,P0059,32,0,1,31,0
2024-06-03,P0060,48,0,4,44,0
2024-06-03,P0061,16,0,1,15,0
2024-06-03,P0062,157,0,0,157,0
2024-06-03,P0063,0,0,2,0,0
2024-06-03,P0064,101,0,5,96,0
2024-06-03,P0065,39,0,20,19,0
2024-06-03,P0066,179,0,13,166,0
2024-06-03,P0067,56,0,6,50,0
2024-06-03,P0068,170,0,2,168,0
2024-06-03,P0069,90,0,2,88,0
2024-06-03,P0070,0,0,3,0,0
2024-06-03,P0071,129,0,3,126,0
2024-06-03,P0072,205,0,0,205,0
2024-06-03,P0073,11,0,0,11,0
2024-06-03,P0074,0,0,13,0,0
2024-06-03,P0075,0,0,0,0,0
2024-06-03,P0076,97,0,0,97,0
2024-06-03,P0077,232,0,0,232,0
2024-06-03,P0078,46,0,3,43,0
2024-06-03,P0079,0,0,16,0,0
2024-06-03,P0080,194,0,0,194,0
2024-06-04,P0001,29,0,5,24,0
2024-06-04,P0002,283,0,0,283,0
2024-06-04,P0003,27,16,5,38,0
2024-06-04,P0004,88,0,2,86,0
2024-06-04,P0005,51,0,0,51,0
2024-06-04,P0006,70,0,5,65,0
2024-06-04,P0007,238,0,0,238,0
2024-06-04,P0008,217,0,0,217,0
2024-06-04,P0009,191,0,0,191,0
2024-06-04,P0010,0,0,2,0,0
2024-06-04,P0011,16,0,0,16,0
2024-06-04,P0012,154,0,2,152,0
2024-06-04,P0013,69,0,0,69,0
2024-06-04,P0014,48,0,0,48,0
2024-06-04,P0015,57,32,6,83,0
2024-06-04,P0016,4,0,5,0,0
2024-06-04,P0017,65,0,0,65,0
2024-06-04,P0018,3,0,1,2,0
2024-06-04,P0019,218,0,0,218,0
2024-06-04,P0020,150,22,0,172,0
2024-06-04,P0021,17,0,8,9,0
2024-06-04,P0022,0,0,0,0,0
2024-06-04,P0023,184,0,0,184,0
2024-06-04,P0024,137,0,5,132,0
2024-06-04,P0025,64,0,0,64,0
2024-06-04,P0026,267,0,0,267,0
2024-06-04,P0027,158,0,0,158,0
2024-06-04,P0028,0,15,0,15,0
2024-06-04,P0029,103,0,3,100,0
2024-06-04,P0030,33,0,0,30,3
2024-06-04,P0031,265,0,1,264,0
2024-06-04,P0032,8,0,3,2,3
2024-06-04,P0033,22,0,0,22,0
2024-06-04,P0034,126,0,0,126,0
2024-06-04,P0035,0,0,5,0,0
2024-06-04,P0036,0,0,2,0,0
2024-06-04,P0037,0,0,1,0,0
2024-06-04,P0038,24,0,3,21,0
2024-06-04,P0039,39,0,0,39,0
2024-06-04,P0040,71,20,0,91,0
2024-06-04,P0041,152,0,2,150,0
2024-06-04,P0042,105,0,0,105,0
2024-06-04,P0043,133,0,0,133,0
2024-06-04,P0044,103,0,10,93,0
2024-06-04,P0045,99,0,4,95,0
2024-06-04,P0046,46,0,9,37,0
2024-06-04,P0047,6,0,0,6,0
2024-06-04,P0048,18,0,7,11,0
2024-06-04,P0049,40,18,1,57,0
2024-06-04,P0050,111,0,0,111,0
2024-06-04,P0051,77,0,0,77,0
2024-06-04,P0052,139,0,0,139,0
2024-06-04,P0053,7,0,5,2,0
2024-06-04,P0054,83,0,0,83,0
2024-06-04,P0055,265,0,0,265,0
2024-06-04,P0056,28,0,4,24,0
2024-06-04,P0057,176,0,0,176,0
2024-06-04,P0058,0,0,3,0,0
2024-06-04,P0059,31,0,13,18,0
2024-06-04,P0060,44,0,12,32,0
2024-06-04,P0061,15,0,0,15,0
2024-06-04,P0062,157,0,0,157,0
2024-06-04,P0063,0,0,2,0,0
2024-06-04,P0064,96,0,2,94,0
2024-06-04,P0065,19,0,16,3,0
2024-06-04,P0066,166,0,20,146,0
2024-06-04,P0067,50,0,6,44,0
2024-06-04,P0068,168,0,0,168,0
2024-06-04,P0069,88,10,0,98,0
2024-06-04,P0070,0,0,2,0,0
2024-06-04,P0071,126,0,4,122,0
2024-06-04,P0072,205,0,0,205,0
2024-06-04,P0073,11,0,1,10,0
2024-06-04,P0074,0,0,7,0,0
2024-06-04,P0075,0,0,0,0,0
2024-06-04,P0076,97,0,3,94,0
2024-06-04,P0077,232,0,0,232,0
2024-06-04,P0078,43,25,0,68,0
2024-06-04,P0079,0,0,31,0,0
2024-06-04,P0080,194,0,0,194,0
2024-06-05,P0001,24,0,7,17,0
2024-06-05,P0002,283,0,0,283,0
2024-06-05,P0003,38,0,0,38,0
2024-06-05,P0004,86,0,0,86,0
2024-06-05,P0005,51,0,0,51,0
2024-06-05,P0006,65,0,0,65,0
2024-06-05,P0007,238,0,0,238,0
2024-06-05,P0008,217,0,0,217,0
2024-06-05,P0009,191,0,3,188,0
2024-06-05,P0010,0,50,15,35,0
2024-06-05,P0011,16,0,0,15,1
2024-06-05,P0012,152,0,0,152,0
2024-06-05,P0013,69,0,0,69,0
2024-06-05,P0014,48,0,2,46,0
2024-06-05,P0015,83,0,7,76,0
2024-06-05,P0016,0,0,6,0,1
2024-06-05,P0017,65,0,0,62,3
2024-06-05,P0018,2,20,0,22,0
2024-06-05,P0019,218,0,0,218,0
2024-06-05,P0020,172,0,0,172,0
2024-06-05,P0021,9,0,4,5,0
2024-06-05,P0022,0,0,0,0,0
2024-06-05,P0023,184,0,0,184,0
2024-06-05,P0024,132,0,0,132,0
2024-06-05,P0025,64,0,5,59,0
2024-06-05,P0026,267,0,0,267,0
2024-06-05,P0027,158,0,0,158,0
2024-06-05,P0028,15,19,4,30,0
2024-06-05,P0029,100,0,1,99,0
2024-06-05,P0030,30,0,3,27,0
2024-06-05,P0031,264,0,0,264,0
2024-06-05,P0032,2,0,4,0,0
2024-06-05,P0033,22,0,0,22,0
2024-06-05,P0034,126,0,0,126,0
2024-06-05,P0035,0,0,0,0,0
2024-06-05,P0036,0,0,5,0,0
2024-06-05,P0037,0,0,4,0,0
2024-06-05,P0038,21,0,0,21,0
2024-06-05,P0039,39,0,0,39,0
2024-06-05,P0040,91,0,0,91,0
2024-06-05,P0041,150,0,2,148,0
2024-06-05,P0042,105,0,0,105,0
2024-06-05,P0043,133,0,0,133,0
2024-06-05,P0044,93,0,7,86,0
2024-06-05,P0045,95,0,0,95,0
2024-06-05,P0046,37,0,15,22,0
2024-06-05,P0047,6,0,0,6,0
2024-06-05,P0048,11,0,1,10,0
2024-06-05,P0049,57,0,0,57,0
2024-06-05,P0050,111,0,0,111,0
2024-06-05,P0051,77,17,0,94,0
2024-06-05,P0052,139,0,0,139,0
2024-06-05,P0053,2,0,2,0,0
2024-06-05,P0054,83,0,2,81,0
2024-06-05,P0055,265,0,0,265,0
2024-06-05,P0056,24,0,1,23,0
2024-06-05,P0057,176,23,0,199,0
2024-06-05,P0058,0,0,10,0,0
2024-06-05,P0059,18,0,11,7,0
2024-06-05,P0060,32,0,1,31,0
2024-06-05,P0061,15,0,2,13,0
2024-06-05,P0062,157,0,0,157,0
2024-06-05,P0063,0,0,5,0,0
2024-06-05,P0064,94,0,3,91,0
2024-06-05,P0065,3,0,6,0,0
2024-06-05,P0066,146,0,8,138,0
2024-06-05,P0067,44,0,4,40,0
2024-06-05,P0068,168,0,0,168,0
2024-06-05,P0069,98,13,0,111,0
2024-06-05,P0070,0,0,4,0,1
2024-06-05,P0071,122,0,0,122,0
2024-06-05,P0072,205,0,0,205,0
2024-06-05,P0073,10,0,4,6,0
2024-06-05,P0074,0,0,4,0,0
2024-06-05,P0075,0,0,3,0,0
2024-06-05,P0076,94,0,6,88,0
2024-06-05,P0077,232,0,0,232,0
2024-06-05,P0078,68,0,0,68,0
2024-06-05,P0079,0,0,25,0,0
2024-06-05,P0080,194,0,0,194,0
2024-06-06,P0001,17,0,7,10,0
2024-06-06,P0002,283,0,0,283,0
2024-06-06,P0003,38,0,0,38,0
2024-06-06,P0004,86,0,6,80,0
2024-06-06,P0005,51,0,0,51,0
2024-06-06,P0006,65,10,1,74,0
2024-06-06,P0007,238,21,0,259,0
2024-06-06,P0008,217,0,0,217,0
2024-06-06,P0009,188,51,5,234,0
2024-06-06,P0010,35,0,6,29,0
2024-06-06,P0011,15,0,0,15,0
2024-06-06,P0012,152,0,2,150,0
2024-06-06,P0013,69,0,1,68,0
2024-06-06,P0014,46,0,2,44,0
2024-06-06,P0015,76,0,2,74,0
2024-06-06,P0016,0,0,8,0,0
2024-06-06,P0017,62,0,3,59,0
2024-06-06,P0018,22,0,0,22,0
2024-06-06,P0019,218,0,0,218,0
2024-06-06,P0020,172,0,0,172,0
2024-06-06,P0021,5,0,2,3,0
2024-06-06,P0022,0,0,0,0,0
2024-06-06,P0023,184,0,0,184,0
2024-06-06,P0024,132,0,0,132,0
2024-06-06,P0025,59,0,5,54,0
2024-06-06,P0026,267,0,0,267,0
2024-06-06,P0027,158,0,0,158,0
2024-06-06,P0028,30,0,1,29,0
2024-06-06,P0029,99,0,0,99,0
2024-06-06,P0030,27,0,5,22,0
2024-06-06,P0031,264,13,0,277,0
2024-06-06,P0032,0,0,3,0,0
2024-06-06,P0033,22,0,0,22,0
2024-06-06,P0034,126,0,0,126,0
2024-06-06,P0035,0,0,0,0,0
2024-06-06,P0036,0,0,0,0,0
2024-06-06,P0037,0,0,2,0,0
2024-06-06,P0038,21,0,0,21,0
2024-06-06,P0039,39,0,2,37,0
2024-06-06,P0040,91,0,3,88,0
2024-06-06,P0041,148,0,0,148,0
2024-06-06,P0042,105,16,0,121,0
2024-06-06,P0043,133,0,0,133,0
2024-06-06,P0044,86,0,13,73,0
2024-06-06,P0045,95,0,0,95,0
2024-06-06,P0046,22,0,10,12,0
2024-06-06,P0047,6,0,0,6,0
2024-06-06,P0048,10,0,1,9,0
2024-06-06,P0049,57,22,0,79,0
2024-06-06,P0050,111,0,0,111,0
2024-06-06,P0051,94,0,1,93,0
2024-06-06,P0052,139,0,0,139,0
2024-06-06,P0053,0,0,0,0,0
2024-06-06,P0054,81,0,1,77,3
2024-06-06,P0055,265,0,0,265,0
2024-06-06,P0056,23,0,0,23,0
2024-06-06,P0057,199,0,0,199,0
2024-06-06,P0058,0,0,4,0,0
2024-06-06,P0059,7,0,5,2,0
2024-06-06,P0060,31,0,7,24,0
2024-06-06,P0061,13,0,0,13,0
2024-06-06,P0062,157,0,0,157,0
2024-06-06,P0063,0,0,7,0,0
2024-06-06,P0064,91,0,1,90,0
2024-06-06,P0065,0,0,12,0,0
2024-06-06,P0066,138,0,13,125,0
2024-06-06,P0067,40,0,0,40,0
2024-06-06,P0068,168,0,0,168,0
2024-06-06,P0069,111,0,0,111,0
2024-06-06,P0070,0,0,1,0,0
2024-06-06,P0071,122,0,1,121,0
2024-06-06,P0072,205,11,1,215,0
2024-06-06,P0073,6,0,3,3,0
2024-06-06,P0074,0,0,8,0,0
2024-06-06,P0075,0,0,0,0,0
2024-06-06,P0076,88,0,3,85,0
2024-06-06,P0077,232,0,0,232,0
2024-06-06,P0078,68,0,3,65,0
2024-06-06,P0079,0,0,16,0,0
2024-06-06,P0080,194,0,0,194,0
2024-06-07,P0001,10,0,1,9,0
2024-06-07,P0002,283,0,0,283,0
2024-06-07,P0003,38,0,0,38,0
2024-06-07,P0004,80,0,6,74,0
2024-06-07,P0005,51,0,5,46,0
2024-06-07,P0006,74,0,4,70,0
2024-06-07,P0007,259,15,0,274,0
2024-06-07,P0008,217,0,6,211,0
2024-06-07,P0009,234,0,5,229,0
2024-06-07,P0010,29,51,6,74,0
2024-06-07,P0011,15,0,0,15,0
2024-06-07,P0012,150,0,1,149,0
2024-06-07,P0013,68,0,5,63,0
2024-06-07,P0014,44,0,0,44,0
2024-06-07,P0015,74,0,8,66,0
2024-06-07,P0016,0,0,6,0,0
2024-06-07,P0017,59,0,0,59,0
2024-06-07,P0018,22,0,0,22,0
2024-06-07,P0019,218,0,0,218,0
2024-06-07,P0020,172,0,0,172,0
2024-06-07,P0021,3,0,2,1,0
2024-06-07,P0022,0,0,1,0,0
2024-06-07,P0023,184,0,0,184,0
2024-06-07,P0024,132,0,0,132,0
2024-06-07,P0025,54,20,1,73,0
2024-06-07,P0026,267,0,0,267,0
2024-06-07,P0027,158,0,0,158,0
2024-06-07,P0028,29,0,0,29,0
2024-06-07,P0029,99,0,5,94,0
2024-06-07,P0030,22,0,1,21,0
2024-06-07,P0031,277,0,0,277,0
2024-06-07,P0032,0,0,0,0,0
2024-06-07,P0033,22,0,0,22,0
2024-06-07,P0034,126,12,0,138,0
2024-06-07,P0035,0,0,2,0,0
2024-06-07,P0036,0,0,0,0,0
2024-06-07,P0037,0,0,1,0,0
2024-06-07,P0038,21,0,0,21,0
2024-06-07,P0039,37,0,4,33,0
2024-06-07,P0040,88,0,0,88,0
2024-06-07,P0041,148,0,0,148,0
2024-06-07,P0042,121,0,2,117,2
2024-06-07,P0043,133,0,0,133,0
2024-06-07,P0044,73,0,5,68,0
2024-06-07,P0045,95,0,5,90,0
2024-06-07,P0046,12,0,2,10,0
2024-06-07,P0047,6,0,3,3,0
2024-06-07,P0048,9,0,4,5,0
2024-06-07,P0049,79,0,0,79,0
2024-06-07,P0050,111,0,8,103,0
2024-06-07,P0051,93,0,6,87,0
2024-06-07,P0052,139,0,0,139,0
2024-06-07,P0053,0,0,1,0,0
2024-06-07,P0054,77,0,3,74,0
2024-06-07,P0055,265,15,0,280,0
2024-06-07,P0056,23,0,0,23,0
2024-06-07,P0057,199,0,0,199,0
2024-06-07,P0058,0,0,8,0,0
2024-06-07,P0059,2,0,20,0,0
2024-06-07,P0060,24,0,4,20,0
2024-06-07,P0061,13,0,1,12,0
2024-06-07,P0062,157,0,0,157,0
2024-06-07,P0063,0,0,9,0,0
2024-06-07,P0064,90,0,1,89,0
2024-06-07,P0065,0,0,7,0,0
2024-06-07,P0066,125,0,11,114,0
2024-06-07,P0067,40,0,0,40,0
2024-06-07,P0068,168,0,0,168,0
2024-06-07,P0069,111,0,3,108,0
2024-06-07,P0070,0,0,1,0,0
2024-06-07,P0071,121,0,0,121,0
2024-06-07,P0072,215,0,0,215,0
2024-06-07,P0073,3,0,3,0,0
2024-06-07,P0074,0,0,7,0,0
2024-06-07,P0075,0,0,0,0,0
2024-06-07,P0076,85,0,0,85,0
2024-06-07,P0077,232,0,0,232,0
2024-06-07,P0078,65,0,0,65,0
2024-06-07,P0079,0,0,19,0,0
2024-06-07,P0080,194,0,0,194,0
2024-06-08,P0001,9,0,3,6,0
2024-06-08,P0002,283,0,2,281,0
2024-06-08,P0003,38,0,5,33,0
2024-06-08,P0004,74,0,2,72,0
2024-06-08,P0005,46,0,2,44,0
2024-06-08,P0006,70,0,0,70,0
2024-06-08,P0007,274,11,3,282,0
2024-06-08,P0008,211,0,0,211,0
2024-06-08,P0009,229,0,8,221,0
2024-06-08,P0010,74,0,6,68,0
2024-06-08,P0011,15,0,1,14,0
2024-06-08,P0012,149,0,0,149,0
2024-06-08,P0013,63,0,5,58,0
2024-06-08,P0014,44,0,8,36,0
2024-06-08,P0015,66,58,5,119,0
2024-06-08,P0016,0,0,2,0,0
2024-06-08,P0017,59,0,1,58,0
2024-06-08,P0018,22,0,6,16,0
2024-06-08,P0019,218,0,0,218,0
2024-06-08,P0020,172,0,0,172,0
2024-06-08,P0021,1,0,5,0,0
2024-06-08,P0022,0,0,1,0,0
2024-06-08,P0023,184,0,0,184,0
2024-06-08,P0024,132,0,0,132,0
2024-06-08,P0025,73,0,0,73,0
2024-06-08,P0026,267,0,0,267,0
2024-06-08,P0027,158,16,0,174,0
2024-06-08,P0028,29,0,0,29,0
2024-06-08,P0029,94,0,1,93,0
2024-06-08,P0030,21,0,5,16,0
2024-06-08,P0031,277,0,0,277,0
2024-06-08,P0032,0,0,2,0,0
2024-06-08,P0033,22,0,3,19,0
2024-06-08,P0034,138,11,0,149,0
2024-06-08,P0035,0,0,0,0,0
2024-06-08,P0036,0,0,1,0,0
2024-06-08,P0037,0,0,1,0,0
2024-06-08,P0038,21,0,1,20,0
2024-06-08,P0039,33,0,8,25,0
2024-06-08,P0040,88,0,0,88,0
2024-06-08,P0041,148,22,0,170,0
2024-06-08,P0042,117,0,0,117,0
2024-06-08,P0043,133,13,2,144,0
2024-06-08,P0044,68,0,20,46,2
2024-06-08,P0045,90,0,0,90,0
2024-06-08,P0046,10,0,13,0,0
2024-06-08,P0047,3,0,2,1,0
2024-06-08,P0048,5,0,2,3,0
2024-06-08,P0049,79,0,0,79,0
2024-06-08,P0050,103,0,0,103,0
2024-06-08,P0051,87,0,0,87,0
2024-06-08,P0052,139,0,0,139,0
2024-06-08,P0053,0,0,0,0,0
2024-06-08,P0054,74,0,0,74,0
2024-06-08,P0055,280,20,2,298,0
2024-06-08,P0056,23,0,0,23,0
2024-06-08,P0057,199,15,1,213,0
2024-06-08,P0058,0,0,8,0,1
2024-06-08,P0059,0,0,12,0,3
2024-06-08,P0060,20,0,6,14,0
2024-06-08,P0061,12,0,2,10,0
2024-06-08,P0062,157,0,0,157,0
2024-06-08,P0063,0,0,14,0,0
2024-06-08,P0064,89,0,0,89,0
2024-06-08,P0065,0,0,14,0,0
2024-06-08,P0066,114,0,12,102,0
2024-06-08,P0067,40,33,6,67,0
2024-06-08,P0068,168,0,0,168,0
2024-06-08,P0069,108,0,4,104,0
2024-06-08,P0070,0,0,5,0,0
2024-06-08,P0071,121,0,0,121,0
2024-06-08,P0072,215,0,0,215,0
2024-06-08,P0073,0,0,2,0,0
2024-06-08,P0074,0,0,11,0,0
2024-06-08,P0075,0,0,0,0,0
2024-06-08,P0076,85,0,3,82,0
2024-06-08,P0077,232,0,1,231,0
2024-06-08,P0078,65,0,0,65,0
2024-06-08,P0079,0,0,43,0,0
2024-06-08,P0080,194,0,2,192,0
2024-06-09,P0001,6,0,14,0,0
2024-06-09,P0002,281,0,1,280,0
2024-06-09,P0003,33,0,0,33,0
2024-06-09,P0004,72,0,1,71,0
2024-06-09,P0005,44,0,2,42,0
2024-06-09,P0006,70,0,5,65,0
2024-06-09,P0007,282,0,0,282,0
2024-06-09,P0008,211,0,0,211,0
2024-06-09,P0009,221,0,8,213,0
2024-06-09,P0010,68,0,5,63,0
2024-06-09,P0011,14,15,1,28,0
2024-06-09,P0012,149,0,0,149,0
2024-06-09,P0013,58,0,0,58,0
2024-06-09,P0014,36,0,0,36,0
2024-06-09,P0015,119,0,14,105,0
2024-06-09,P0016,0,0,3,0,0
2024-06-09,P0017,58,0,6,52,0
2024-06-09,P0018,16,0,0,16,0
2024-06-09,P0019,218,0,1,217,0
2024-06-09,P0020,172,0,0,172,0
2024-06-09,P0021,0,0,6,0,0
2024-06-09,P0022,0,0,4,0,0
2024-06-09,P0023,184,0,2,182,0
2024-06-09,P0024,132,0,0,132,0
2024-06-09,P0025,73,0,7,66,0
2024-06-09,P0026,267,0,0,267,0
2024-06-09,P0027,174,10,0,184,0
2024-06-09,P0028,29,0,1,28,0
2024-06-09,P0029,93,0,6,87,0
2024-06-09,P0030,16,16,2,30,0
2024-06-09,P0031,277,0,0,277,0
2024-06-09,P0032,0,0,0,0,0
2024-06-09,P0033,19,0,0,19,0
2024-06-09,P0034,149,0,0,149,0
2024-06-09,P0035,0,0,11,0,0
2024-06-09,P0036,0,0,0,0,0
2024-06-09,P0037,0,0,4,0,0
2024-06-09,P0038,20,0,7,13,0
2024-06-09,P0039,25,12,0,36,1
2024-06-09,P0040,88,0,0,88,0
2024-06-09,P0041,170,0,0,170,0
2024-06-09,P0042,117,0,0,117,0
2024-06-09,P0043,144,19,0,163,0
2024-06-09,P0044,46,0,8,38,0
2024-06-09,P0045,90,0,0,90,0
2024-06-09,P0046,0,0,4,0,0
2024-06-09,P0047,1,0,3,0,0
2024-06-09,P0048,3,0,8,0,0
2024-06-09,P0049,79,0,2,77,0
2024-06-09,P0050,103,26,3,126,0
2024-06-09,P0051,87,0,0,87,0
2024-06-09,P0052,139,0,4,135,0
2024-06-09,P0053,0,0,2,0,0
2024-06-09,P0054,74,0,0,74,0
2024-06-09,P0055,298,0,5,293,0
2024-06-09,P0056,23,0,1,22,0
2024-06-09,P0057,213,14,0,227,0
2024-06-09,P0058,0,0,9,0,0
2024-06-09,P0059,0,0,14,0,0
2024-06-09,P0060,14,0,10,4,0
2024-06-09,P0061,10,0,0,10,0
2024-06-09,P0062,157,0,0,157,0
2024-06-09,P0063,0,0,10,0,0
2024-06-09,P0064,89,0,2,87,0
2024-06-09,P0065,0,99,10,89,0
2024-06-09,P0066,102,0,18,84,0
2024-06-09,P0067,67,0,4,63,0
2024-06-09,P0068,168,0,2,166,0
2024-06-09,P0069,104,0,1,103,0
2024-06-09,P0070,0,0,11,0,0
2024-06-09,P0071,121,0,0,121,0
2024-06-09,P0072,215,0,0,215,0
2024-06-09,P0073,0,0,0,0,0
2024-06-09,P0074,0,0,12,0,0
2024-06-09,P0075,0,0,2,0,0
2024-06-09,P0076,82,0,1,81,0
2024-06-09,P0077,231,0,0,230,1
2024-06-09,P0078,65,0,1,64,0
2024-06-09,P0079,0,159,18,141,0
2024-06-09,P0080,192,0,0,192,0
2024-06-10,P0001,0,0,5,0,0
2024-06-10,P0002,280,0,0,280,0
2024-06-10,P0003,33,0,0,33,0
2024-06-10,P0004,71,0,1,70,0
2024-06-10,P0005,42,0,3,39,0
2024-06-10,P0006,65,21,1,85,0
2024-06-10,P0007,282,0,2,280,0
2024-06-10,P0008,211,0,0,211,0
2024-06-10,P0009,213,0,4,209,0
2024-06-10,P0010,63,0,9,54,0
2024-06-10,P0011,28,0,1,27,0
2024-06-10,P0012,149,0,1,148,0
2024-06-10,P0013,58,0,0,58,0
2024-06-10,P0014,36,23,8,51,0
2024-06-10,P0015,105,0,4,101,0
2024-06-10,P0016,0,0,1,0,0
2024-06-10,P0017,52,0,4,48,0
2024-06-10,P0018,16,0,1,15,0
2024-06-10,P0019,217,0,0,217,0
2024-06-10,P0020,172,0,0,172,0
2024-06-10,P0021,0,0,6,0,0
2024-06-10,P0022,0,0,6,0,0
2024-06-10,P0023,182,0,0,182,0
2024-06-10,P0024,132,0,0,132,0
2024-06-10,P0025,66,0,1,65,0
2024-06-10,P0026,267,0,0,267,0
2024-06-10,P0027,184,0,0,184,0
2024-06-10,P0028,28,0,1,27,0
2024-06-10,P0029,87,0,7,80,0
2024-06-10,P0030,30,0,3,27,0
2024-06-10,P0031,277,0,0,277,0
2024-06-10,P0032,0,0,5,0,0
2024-06-10,P0033,19,11,0,30,0
2024-06-10,P0034,149,0,0,149,0
2024-06-10,P0035,0,0,0,0,0
2024-06-10,P0036,0,0,0,0,0
2024-06-10,P0037,0,41,10,31,0
2024-06-10,P0038,13,0,4,9,0
2024-06-10,P0039,36,0,0,36,0
2024-06-10,P0040,88,0,0,88,0
2024-06-10,P0041,170,0,0,170,0
2024-06-10,P0042,117,0,0,117,0
2024-06-10,P0043,163,0,0,163,0
2024-06-10,P0044,38,0,14,24,0
2024-06-10,P0045,90,0,0,90,0
2024-06-10,P0046,0,0,4,0,0
2024-06-10,P0047,0,0,0,0,0
2024-06-10,P0048,0,0,3,0,0
2024-06-10,P0049,77,0,4,73,0
2024-06-10,P0050,126,0,0,126,0
2024-06-10,P0051,87,0,1,86,0
2024-06-10,P0052,135,0,1,134,0
2024-06-10,P0053,0,0,7,0,0
2024-06-10,P0054,74,0,0,74,0
2024-06-10,P0055,293,0,0,293,0
2024-06-10,P0056,22,0,0,22,0
2024-06-10,P0057,227,0,0,227,0
2024-06-10,P0058,0,0,7,0,0
2024-06-10,P0059,0,0,6,0,0
2024-06-10,P0060,4,0,5,0,0
2024-06-10,P0061,10,0,0,10,0
2024-06-10,P0062,157,0,0,157,0
2024-06-10,P0063,0,45,2,43,0
2024-06-10,P0064,87,0,0,87,0
2024-06-10,P0065,89,0,18,70,1
2024-06-10,P0066,84,0,7,77,0
2024-06-10,P0067,63,0,2,61,0
2024-06-10,P0068,166,0,0,166,0
2024-06-10,P0069,103,0,0,103,0
2024-06-10,P0070,0,0,10,0,0
2024-06-10,P0071,121,0,0,121,0
2024-06-10,P0072,215,0,0,215,0
2024-06-10,P0073,0,0,1,0,0
2024-06-10,P0074,0,0,11,0,0
2024-06-10,P0075,0,0,0,0,0
2024-06-10,P0076,81,0,1,80,0
2024-06-10,P0077,230,0,2,228,0
2024-06-10,P0078,64,0,0,64,0
2024-06-10,P0079,141,0,19,122,0
2024-06-10,P0080,192,0,0,192,0
2024-06-11,P0001,0,0,10,0,0
2024-06-11,P0002,280,0,0,280,0
2024-06-11,P0003,33,0,4,29,0
2024-06-11,P0004,70,0,3,65,2
2024-06-11,P0005,39,0,0,39,0
2024-06-11,P0006,85,0,0,85,0
2024-06-11,P0007,280,0,0,280,0
2024-06-11,P0008,211,0,0,211,0
2024-06-11,P0009,209,0,9,200,0
2024-06-11,P0010,54,0,1,53,0
2024-06-11,P0011,27,0,4,23,0
2024-06-11,P0012,148,0,3,145,0
2024-06-11,P0013,58,12,1,69,0
2024-06-11,P0014,51,0,1,50,0
2024-06-11,P0015,101,0,0,101,0
2024-06-11,P0016,0,0,3,0,0
2024-06-11,P0017,48,0,3,45,0
2024-06-11,P0018,15,0,2,13,0
2024-06-11,P0019,217,0,0,217,0
2024-06-11,P0020,172,0,0,172,0
2024-06-11,P0021,0,0,9,0,0
2024-06-11,P0022,0,0,2,0,0
2024-06-11,P0023,182,0,0,182,0
2024-06-11,P0024,132,0,3,129,0
2024-06-11,P0025,65,0,3,62,0
2024-06-11,P0026,267,0,0,267,0
2024-06-11,P0027,184,0,3,181,0
2024-06-11,P0028,27,0,0,27,0
2024-06-11,P0029,80,13,0,93,0
2024-06-11,P0030,27,16,1,42,0
2024-06-11,P0031,277,0,0,277,0
2024-06-11,P0032,0,0,3,0,0
2024-06-11,P0033,30,21,0,51,0
2024-06-11,P0034,149,0,0,149,0
2024-06-11,P0035,0,0,3,0,0
2024-06-11,P0036,0,0,3,0,0
2024-06-11,P0037,31,0,0,31,0
2024-06-11,P0038,9,0,2,7,0
2024-06-11,P0039,36,0,3,33,0
2024-06-11,P0040,88,0,0,88,0
2024-06-11,P0041,170,0,0,170,0
2024-06-11,P0042,117,0,1,116,0
2024-06-11,P0043,163,0,0,163,0
2024-06-11,P0044,24,0,13,11,0
2024-06-11,P0045,90,0,0,90,0
2024-06-11,P0046,0,0,10,0,0
2024-06-11,P0047,0,0,0,0,0
2024-06-11,P0048,0,0,4,0,0
2024-06-11,P0049,73,17,0,90,0
2024-06-11,P0050,126,0,0,126,0
2024-06-11,P0051,86,0,0,86,0
2024-06-11,P0052,134,0,0,134,0
2024-06-11,P0053,0,25,0,25,0
2024-06-11,P0054,74,0,2,72,0
2024-06-11,P0055,293,0,0,293,0
2024-06-11,P0056,22,18,0,40,0
2024-06-11,P0057,227,0,0,227,0
2024-06-11,P0058,0,0,17,0,0
2024-06-11,P0059,0,0,7,0,0
2024-06-11,P0060,0,0,7,0,0
2024-06-11,P0061,10,0,3,7,0
2024-06-11,P0062,157,0,0,157,0
2024-06-11,P0063,43,0,7,36,0
2024-06-11,P0064,87,0,0,84,3
2024-06-11,P0065,70,0,7,63,0
2024-06-11,P0066,77,0,19,58,0
2024-06-11,P0067,61,0,7,54,0
2024-06-11,P0068,166,0,0,166,0
2024-06-11,P0069,103,0,0,103,0
2024-06-11,P0070,0,0,0,0,0
2024-06-11,P0071,121,0,0,121,0
2024-06-11,P0072,215,0,0,215,0
2024-06-11,P0073,0,0,0,0,0
2024-06-11,P0074,0,0,6,0,0
2024-06-11,P0075,0,0,2,0,0
2024-06-11,P0076,80,16,3,93,0
2024-06-11,P0077,228,0,0,228,0
2024-06-11,P0078,64,0,5,59,0
2024-06-11,P0079,122,0,17,105,0
2024-06-11,P0080,192,20,0,212,0
2024-06-12,P0001,0,0,3,0,0
2024-06-12,P0002,280,0,0,280,0
2024-06-12,P0003,29,0,0,29,0
2024-06-12,P0004,65,0,0,65,0
2024-06-12,P0005,39,0,0,39,0
2024-06-12,P0006,85,0,0,85,0
2024-06-12,P0007,280,0,2,278,0
2024-06-12,P0008,211,0,0,211,0
2024-06-12,P0009,200,0,2,198,0
2024-06-12,P0010,53,0,6,46,1
2024-06-12,P0011,23,0,0,23,0
2024-06-12,P0012,145,0,7,138,0
2024-06-12,P0013,69,0,0,69,0
2024-06-12,P0014,50,0,4,46,0
2024-06-12,P0015,101,0,3,98,0
2024-06-12,P0016,0,0,11,0,0
2024-06-12,P0017,45,0,2,43,0
2024-06-12,P0018,13,0,2,11,0
2024-06-12,P0019,217,0,0,217,0
2024-06-12,P0020,172,0,0,172,0
2024-06-12,P0021,0,0,0,0,0
2024-06-12,P0022,0,0,3,0,0
2024-06-12,P0023,182,0,2,180,0
2024-06-12,P0024,129,0,0,129,0
2024-06-12,P0025,62,0,0,62,0
2024-06-12,P0026,267,0,0,267,0
2024-06-12,P0027,181,0,0,181,0
2024-06-12,P0028,27,0,6,21,0
2024-06-12,P0029,93,0,7,86,0
2024-06-12,P0030,42,0,1,41,0
2024-06-12,P0031,277,0,0,277,0
2024-06-12,P0032,0,0,0,0,0
2024-06-12,P0033,51,0,2,49,0
2024-06-12,P0034,149,0,0,149,0
2024-06-12,P0035,0,0,0,0,0
2024-06-12,P0036,0,0,1,0,0
2024-06-12,P0037,31,0,3,28,0
2024-06-12,P0038,7,0,0,7,0
2024-06-12,P0039,33,0,3,30,0
2024-06-12,P0040,88,0,0,88,0
2024-06-12,P0041,170,0,0,170,0
2024-06-12,P0042,116,0,0,116,0
2024-06-12,P0043,163,0,0,163,0
2024-06-12,P0044,11,0,20,0,0
2024-06-12,P0045,90,0,0,90,0
2024-06-12,P0046,0,0,7,0,0
2024-06-12,P0047,0,0,0,0,0
2024-06-12,P0048,0,0,4,0,0
2024-06-12,P0049,90,0,0,90,0
2024-06-12,P0050,126,0,3,123,0
2024-06-12,P0051,86,0,5,81,0
2024-06-12,P0052,134,0,0,134,0
2024-06-12,P0053,25,0,7,18,0
2024-06-12,P0054,72,0,0,72,0
2024-06-12,P0055,293,0,0,293,0
2024-06-12,P0056,40,0,0,40,0
2024-06-12,P0057,227,0,7,220,0
2024-06-12,P0058,0,0,5,0,0
2024-06-12,P0059,0,0,7,0,0
2024-06-12,P0060,0,0,8,0,0
2024-06-12,P0061,7,0,4,3,0
2024-06-12,P0062,157,0,0,157,0
2024-06-12,P0063,36,0,6,30,0
2024-06-12,P0064,84,11,0,95,0
2024-06-12,P0065,63,0,6,57,0
2024-06-12,P0066,58,0,7,51,0
2024-06-12,P0067,54,0,10,44,0
2024-06-12,P0068,166,0,0,166,0
2024-06-12,P0069,103,0,4,99,0
2024-06-12,P0070,0,0,8,0,0
2024-06-12,P0071,121,0,2,119,0
2024-06-12,P0072,215,0,0,215,0
2024-06-12,P0073,0,0,0,0,0
2024-06-12,P0074,0,0,3,0,0
2024-06-12,P0075,0,0,0,0,0
2024-06-12,P0076,93,0,0,93,0
2024-06-12,P0077,228,15,1,242,0
2024-06-12,P0078,59,27,4,82,0
2024-06-12,P0079,105,0,23,82,0
2024-06-12,P0080,212,0,0,212,0
2024-06-13,P0001,0,0,3,0,0
2024-06-13,P0002,280,0,0,280,0
2024-06-13,P0003,29,0,0,29,0
2024-06-13,P0004,65,0,4,61,0
2024-06-13,P0005,39,11,3,47,0
2024-06-13,P0006,85,0,1,84,0
2024-06-13,P0007,278,0,4,274,0
2024-06-13,P0008,211,0,0,211,0
2024-06-13,P0009,198,0,1,197,0
2024-06-13,P0010,46,0,3,43,0
2024-06-13,P0011,23,0,0,23,0
2024-06-13,P0012,138,0,1,137,0
2024-06-13,P0013,69,0,0,69,0
2024-06-13,P0014,46,0,1,45,0
2024-06-13,P0015,98,0,7,91,0
2024-06-13,P0016,0,0,4,0,0
2024-06-13,P0017,43,0,1,42,0
2024-06-13,P0018,11,0,0,11,0
2024-06-13,P0019,217,0,0,217,0
2024-06-13,P0020,172,0,0,172,0
2024-06-13,P0021,0,0,7,0,0
2024-06-13,P0022,0,0,4,0,0
2024-06-13,P0023,180,0,0,180,0
2024-06-13,P0024,129,0,0,129,0
2024-06-13,P0025,62,0,0,62,0
2024-06-13,P0026,267,0,0,267,0
2024-06-13,P0027,181,0,0,178,3
2024-06-13,P0028,21,0,0,21,0
2024-06-13,P0029,86,0,3,83,0
2024-06-13,P0030,41,0,3,38,0
2024-06-13,P0031,277,0,0,277,0
2024-06-13,P0032,0,0,4,0,0
2024-06-13,P0033,49,0,2,47,0
2024-06-13,P0034,149,0,1,148,0
2024-06-13,P0035,0,0,5,0,0
2024-06-13,P0036,0,0,0,0,0
2024-06-13,P0037,28,0,2,26,0
2024-06-13,P0038,7,0,1,6,0
2024-06-13,P0039,30,0,0,30,0
2024-06-13,P0040,88,0,0,88,0
2024-06-13,P0041,170,0,0,170,0
2024-06-13,P0042,116,0,0,116,0
2024-06-13,P0043,163,0,0,163,0
2024-06-13,P0044,0,86,15,71,0
2024-06-13,P0045,90,0,1,89,0
2024-06-13,P0046,0,0,2,0,0
2024-06-13,P0047,0,0,0,0,0
2024-06-13,P0048,0,0,13,0,0
2024-06-13,P0049,90,15,3,102,0
2024-06-13,P0050,123,0,0,123,0
2024-06-13,P0051,81,0,0,81,0
2024-06-13,P0052,134,0,0,134,0
2024-06-13,P0053,18,0,0,18,0
2024-06-13,P0054,72,0,0,72,0
2024-06-13,P0055,293,18,0,311,0
2024-06-13,P0056,40,0,2,38,0
2024-06-13,P0057,220,0,2,218,0
2024-06-13,P0058,0,0,5,0,0
2024-06-13,P0059,0,0,7,0,0
2024-06-13,P0060,0,0,1,0,0
2024-06-13,P0061,3,0,2,1,0
2024-06-13,P0062,157,0,0,157,0
2024-06-13,P0063,30,0,7,23,0
2024-06-13,P0064,95,0,1,94,0
2024-06-13,P0065,57,0,15,42,0
2024-06-13,P0066,51,0,7,44,0
2024-06-13,P0067,44,0,17,27,0
2024-06-13,P0068,166,0,0,166,0
2024-06-13,P0069,99,0,0,99,0
2024-06-13,P0070,0,0,8,0,0
2024-06-13,P0071,119,0,2,117,0
2024-06-13,P0072,215,0,0,215,0
2024-06-13,P0073,0,0,3,0,0
2024-06-13,P0074,0,0,0,0,0
2024-06-13,P0075,0,19,2,17,0
2024-06-13,P0076,93,0,0,93,0
2024-06-13,P0077,242,0,0,242,0
2024-06-13,P0078,82,0,4,78,0
2024-06-13,P0079,82,0,19,63,0
2024-06-13,P0080,212,0,0,212,0
2024-06-14,P0001,0,0,3,0,0
2024-06-14,P0002,280,0,0,280,0
2024-06-14,P0003,29,0,2,27,0
2024-06-14,P0004,61,0,1,60,0
2024-06-14,P0005,47,0,0,47,0
2024-06-14,P0006,84,0,0,84,0
2024-06-14,P0007,274,0,2,272,0
2024-06-14,P0008,211,0,2,209,0
2024-06-14,P0009,197,0,10,187,0
2024-06-14,P0010,43,0,5,36,2
2024-06-14,P0011,23,0,0,23,0
2024-06-14,P0012,137,0,0,137,0
2024-06-14,P0013,69,0,3,66,0
2024-06-14,P0014,45,0,2,43,0
2024-06-14,P0015,91,0,1,90,0
2024-06-14,P0016,0,0,0,0,0
2024-06-14,P0017,42,28,4,66,0
2024-06-14,P0018,11,0,0,11,0
2024-06-14,P0019,217,0,0,217,0
2024-06-14,P0020,172,0,0,172,0
2024-06-14,P0021,0,0,4,0,0
2024-06-14,P0022,0,21,0,21,0
2024-06-14,P0023,180,0,0,180,0
2024-06-14,P0024,129,0,0,129,0
2024-06-14,P0025,62,0,0,62,0
2024-06-14,P0026,267,0,0,267,0
2024-06-14,P0027,178,0,0,178,0
2024-06-14,P0028,21,23,0,44,0
2024-06-14,P0029,83,0,3,80,0
2024-06-14,P0030,38,0,0,38,0
2024-06-14,P0031,277,0,0,277,0
2024-06-14,P0032,0,0,3,0,0
2024-06-14,P0033,47,0,0,47,0
2024-06-14,P0034,148,0,0,148,0
2024-06-14,P0035,0,0,1,0,0
2024-06-14,P0036,0,0,0,0,0
2024-06-14,P0037,26,0,11,15,0
2024-06-14,P0038,6,0,0,6,0
2024-06-14,P0039,30,0,0,30,0
2024-06-14,P0040,88,0,0,88,0
2024-06-14,P0041,170,0,0,170,0
2024-06-14,P0042,116,0,0,115,1
2024-06-14,P0043,163,0,2,161,0
2024-06-14,P0044,71,0,7,64,0
2024-06-14,P0045,89,0,1,88,0
2024-06-14,P0046,0,0,8,0,0
2024-06-14,P0047,0,0,0,0,0
2024-06-14,P0048,0,0,3,0,0
2024-06-14,P0049,102,0,1,101,0
2024-06-14,P0050,123,0,6,117,0
2024-06-14,P0051,81,0,0,78,3
2024-06-14,P0052,134,15,0,149,0
2024-06-14,P0053,18,0,0,18,0
2024-06-14,P0054,72,13,0,85,0
2024-06-14,P0055,311,0,0,311,0
2024-06-14,P0056,38,0,0,37,1
2024-06-14,P0057,218,0,0,218,0
2024-06-14,P0058,0,0,6,0,0
2024-06-14,P0059,0,67,1,66,0
2024-06-14,P0060,0,0,2,0,0
2024-06-14,P0061,1,21,3,19,0
2024-06-14,P0062,157,0,0,157,0
2024-06-14,P0063,23,0,2,21,0
2024-06-14,P0064,94,0,0,94,0
2024-06-14,P0065,42,0,10,32,0
2024-06-14,P0066,44,0,14,30,0
2024-06-14,P0067,27,0,0,27,0
2024-06-14,P0068,166,0,0,166,0
2024-06-14,P0069,99,0,1,98,0
2024-06-14,P0070,0,0,3,0,0
2024-06-14,P0071,117,0,0,117,0
2024-06-14,P0072,215,0,0,215,0
2024-06-14,P0073,0,0,0,0,0
2024-06-14,P0074,0,55,10,45,0
2024-06-14,P0075,17,0,5,12,0
2024-06-14,P0076,93,0,4,89,0
2024-06-14,P0077,242,0,0,242,0
2024-06-14,P0078,78,0,0,78,0
2024-06-14,P0079,63,0,13,50,0
2024-06-14,P0080,212,0,0,212,0
2024-06-15,P0001,0,0,5,0,0
2024-06-15,P0002,280,0,0,280,0
2024-06-15,P0003,27,0,2,25,0
2024-06-15,P0004,60,0,7,53,0
2024-06-15,P0005,47,0,6,39,2
2024-06-15,P0006,84,0,2,82,0
2024-06-15,P0007,272,0,1,271,0
2024-06-15,P0008,209,0,1,208,0
2024-06-15,P0009,187,0,9,178,0
2024-06-15,P0010,36,0,8,28,0
2024-06-15,P0011,23,0,3,20,0
2024-06-15,P0012,137,0,0,137,0
2024-06-15,P0013,66,0,4,62,0
2024-06-15,P0014,43,0,7,36,0
2024-06-15,P0015,90,0,6,84,0
2024-06-15,P0016,0,0,2,0,0
2024-06-15,P0017,66,0,1,65,0
2024-06-15,P0018,11,0,1,10,0
2024-06-15,P0019,217,0,0,217,0
2024-06-15,P0020,172,0,0,172,0
2024-06-15,P0021,0,0,7,0,0
2024-06-15,P0022,21,0,2,19,0
2024-06-15,P0023,180,0,0,180,0
2024-06-15,P0024,129,0,0,129,0
2024-06-15,P0025,62,0,1,61,0
2024-06-15,P0026,267,0,0,267,0
2024-06-15,P0027,178,0,0,178,0
2024-06-15,P0028,44,0,0,44,0
2024-06-15,P0029,80,0,1,79,0
2024-06-15,P0030,38,0,2,36,0
2024-06-15,P0031,277,0,0,277,0
2024-06-15,P0032,0,0,0,0,0
2024-06-15,P0033,47,14,0,61,0
2024-06-15,P0034,148,0,0,148,0
2024-06-15,P0035,0,0,8,0,0
2024-06-15,P0036,0,0,3,0,0
2024-06-15,P0037,15,0,4,11,0
2024-06-15,P0038,6,0,1,5,0
2024-06-15,P0039,30,0,8,22,0
2024-06-15,P0040,88,0,0,88,0
2024-06-15,P0041,170,0,0,170,0
2024-06-15,P0042,115,0,0,115,0
2024-06-15,P0043,161,0,0,161,0
2024-06-15,P0044,64,0,26,38,0
2024-06-15,P0045,88,0,1,87,0
2024-06-15,P0046,0,0,5,0,2
2024-06-15,P0047,0,0,3,0,0
2024-06-15,P0048,0,0,8,0,0
2024-06-15,P0049,101,0,0,101,0
2024-06-15,P0050,117,0,0,117,0
2024-06-15,P0051,78,0,0,78,0
2024-06-15,P0052,149,0,1,148,0
2024-06-15,P0053,18,0,6,12,0
2024-06-15,P0054,85,0,0,85,0
2024-06-15,P0055,311,0,0,311,0
2024-06-15,P0056,37,0,1,36,0
2024-06-15,P0057,218,0,0,218,0
2024-06-15,P0058,0,0,15,0,0
2024-06-15,P0059,66,0,14,52,0
2024-06-15,P0060,0,0,3,0,0
2024-06-15,P0061,19,0,0,19,0
2024-06-15,P0062,157,0,1,156,0
2024-06-15,P0063,21,0,9,12,0
2024-06-15,P0064,94,22,0,116,0
2024-06-15,P0065,32,0,12,20,0
2024-06-15,P0066,30,0,23,7,0
2024-06-15,P0067,27,0,4,23,0
2024-06-15,P0068,166,12,0,178,0
2024-06-15,P0069,98,0,1,97,0
2024-06-15,P0070,0,0,5,0,0
2024-06-15,P0071,117,0,1,116,0
2024-06-15,P0072,215,0,0,215,0
2024-06-15,P0073,0,0,3,0,0
2024-06-15,P0074,45,0,6,39,0
2024-06-15,P0075,12,0,5,7,0
2024-06-15,P0076,89,0,8,81,0
2024-06-15,P0077,242,0,0,242,0
2024-06-15,P0078,78,0,0,78,0
2024-06-15,P0079,50,0,29,21,0
2024-06-15,P0080,212,0,0,212,0
2024-06-16,P0001,0,0,23,0,0
2024-06-16,P0002,280,0,0,280,0
2024-06-16,P0003,25,0,0,25,0
2024-06-16,P0004,53,0,0,53,0
2024-06-16,P0005,39,0,4,35,0
2024-06-16,P0006,82,0,3,79,0
2024-06-16,P0007,271,0,5,266,0
2024-06-16,P0008,208,0,0,208,0
2024-06-16,P0009,178,0,4,174,0
2024-06-16,P0010,28,0,8,20,0
2024-06-16,P0011,20,0,0,20,0
2024-06-16,P0012,137,0,0,137,0
2024-06-16,P0013,62,0,4,58,0
2024-06-16,P0014,36,13,12,37,0
2024-06-16,P0015,84,0,10,74,0
2024-06-16,P0016,0,0,11,0,0
2024-06-16,P0017,65,0,3,62,0
2024-06-16,P0018,10,0,7,3,0
2024-06-16,P0019,217,0,0,217,0
2024-06-16,P0020,172,0,0,172,0
2024-06-16,P0021,0,0,1,0,0
2024-06-16,P0022,19,0,0,19,0
2024-06-16,P0023,180,17,0,197,0
2024-06-16,P0024,129,0,0,129,0
2024-06-16,P0025,61,0,4,57,0
2024-06-16,P0026,267,0,0,267,0
2024-06-16,P0027,178,0,0,178,0
2024-06-16,P0028,44,0,0,44,0
2024-06-16,P0029,79,0,2,76,1
2024-06-16,P0030,36,0,1,35,0
2024-06-16,P0031,277,0,0,277,0
2024-06-16,P0032,0,0,10,0,0
2024-06-16,P0033,61,0,0,61,0
2024-06-16,P0034,148,0,2,146,0
2024-06-16,P0035,0,0,4,0,0
2024-06-16,P0036,0,0,5,0,0
2024-06-16,P0037,11,37,16,32,0
2024-06-16,P0038,5,25,4,26,0
2024-06-16,P0039,22,0,2,20,0
2024-06-16,P0040,88,0,0,88,0
2024-06-16,P0041,170,0,0,170,0
2024-06-16,P0042,115,16,0,131,0
2024-06-16,P0043,161,0,0,161,0
2024-06-16,P0044,38,0,25,13,0
2024-06-16,P0045,87,0,0,87,0
2024-06-16,P0046,0,0,3,0,0
2024-06-16,P0047,0,0,3,0,0
2024-06-16,P0048,0,0,1,0,0
2024-06-16,P0049,101,19,1,119,0
2024-06-16,P0050,117,0,4,113,0
2024-06-16,P0051,78,0,0,78,0
2024-06-16,P0052,148,0,0,148,0
2024-06-16,P0053,12,0,0,12,0
2024-06-16,P0054,85,0,0,85,0
2024-06-16,P0055,311,0,0,311,0
2024-06-16,P0056,36,0,6,30,0
2024-06-16,P0057,218,0,0,218,0
2024-06-16,P0058,0,0,21,0,0
2024-06-16,P0059,52,0,24,28,0
2024-06-16,P0060,0,0,2,0,0
2024-06-16,P0061,19,0,0,19,0
2024-06-16,P0062,156,0,0,156,0
2024-06-16,P0063,12,64,7,69,0
2024-06-16,P0064,116,0,3,113,0
2024-06-16,P0065,20,0,14,6,0
2024-06-16,P0066,7,0,10,0,0
2024-06-16,P0067,23,0,4,19,0
2024-06-16,P0068,178,0,0,178,0
2024-06-16,P0069,97,0,0,97,0
2024-06-16,P0070,0,0,5,0,0
2024-06-16,P0071,116,0,0,116,0
2024-06-16,P0072,215,0,0,215,0
2024-06-16,P0073,0,0,2,0,0
2024-06-16,P0074,39,0,14,25,0
2024-06-16,P0075,7,0,1,6,0
2024-06-16,P0076,81,0,0,81,0
2024-06-16,P0077,242,0,0,242,0
2024-06-16,P0078,78,0,0,78,0
2024-06-16,P0079,21,0,25,0,0
2024-06-16,P0080,212,0,0,212,0
2024-06-17,P0001,0,0,8,0,0
2024-06-17,P0002,280,0,2,278,0
2024-06-17,P0003,25,0,0,24,1
2024-06-17,P0004,53,0,5,48,0
2024-06-17,P0005,35,0,4,31,0
2024-06-17,P0006,79,0,0,79,0
2024-06-17,P0007,266,0,0,266,0
2024-06-17,P0008,208,0,0,208,0
2024-06-17,P0009,174,0,4,170,0
2024-06-17,P0010,20,0,13,7,0
2024-06-17,P0011,20,0,5,15,0
2024-06-17,P0012,137,0,0,137,0
2024-06-17,P0013,58,14,0,72,0
2024-06-17,P0014,37,0,3,34,0
2024-06-17,P0015,74,0,16,58,0
2024-06-17,P0016,0,0,3,0,0
2024-06-17,P0017,62,0,2,60,0
2024-06-17,P0018,3,0,0,3,0
2024-06-17,P0019,217,0,0,216,1
2024-06-17,P0020,172,0,1,171,0
2024-06-17,P0021,0,0,12,0,0
2024-06-17,P0022,19,0,0,19,0
2024-06-17,P0023,197,21,0,218,0
2024-06-17,P0024,129,0,0,129,0
2024-06-17,P0025,57,0,0,57,0
2024-06-17,P0026,267,0,0,267,0
2024-06-17,P0027,178,0,0,178,0
2024-06-17,P0028,44,0,1,43,0
2024-06-17,P0029,76,0,0,76,0
2024-06-17,P0030,35,0,0,35,0
2024-06-17,P0031,277,0,0,277,0
2024-06-17,P0032,0,0,1,0,0
2024-06-17,P0033,61,0,0,61,0
2024-06-17,P0034,146,0,0,146,0
2024-06-17,P0035,0,0,5,0,0
2024-06-17,P0036,0,0,1,0,0
2024-06-17,P0037,32,0,4,28,0
2024-06-17,P0038,26,0,4,22,0
2024-06-17,P0039,20,0,0,20,0
2024-06-17,P0040,88,20,0,108,0
2024-06-17,P0041,170,0,0,170,0
2024-06-17,P0042,131,0,0,131,0
2024-06-17,P0043,161,0,1,160,0
2024-06-17,P0044,13,74,11,76,0
2024-06-17,P0045,87,0,0,87,0
2024-06-17,P0046,0,0,4,0,0
2024-06-17,P0047,0,0,3,0,0
2024-06-17,P0048,0,0,2,0,0
2024-06-17,P0049,119,0,2,117,0
2024-06-17,P0050,113,0,2,111,0
2024-06-17,P0051,78,0,3,75,0
2024-06-17,P0052,148,0,1,147,0
2024-06-17,P0053,12,0,1,10,1
2024-06-17,P0054,85,0,0,85,0
2024-06-17,P0055,311,0,0,311,0
2024-06-17,P0056,30,0,0,30,0
2024-06-17,P0057,218,0,0,218,0
2024-06-17,P0058,0,0,25,0,0
2024-06-17,P0059,28,0,13,15,0
2024-06-17,P0060,0,0,0,0,0
2024-06-17,P0061,19,0,0,19,0
2024-06-17,P0062,156,0,0,156,0
2024-06-17,P0063,69,0,4,65,0
2024-06-17,P0064,113,0,0,113,0
2024-06-17,P0065,6,0,12,0,0
2024-06-17,P0066,0,0,5,0,0
2024-06-17,P0067,19,0,2,17,0
2024-06-17,P0068,178,0,0,178,0
2024-06-17,P0069,97,0,0,97,0
2024-06-17,P0070,0,35,6,29,0
2024-06-17,P0071,116,0,0,116,0
2024-06-17,P0072,215,0,3,212,0
2024-06-17,P0073,0,0,0,0,0
2024-06-17,P0074,25,0,2,23,0
2024-06-17,P0075,6,0,4,2,0
2024-06-17,P0076,81,0,1,80,0
2024-06-17,P0077,242,0,0,242,0
2024-06-17,P0078,78,0,3,75,0
2024-06-17,P0079,0,0,12,0,0
2024-06-17,P0080,212,0,0,212,0
2024-06-18,P0001,0,0,5,0,0
2024-06-18,P0002,278,13,0,291,0
2024-06-18,P0003,24,0,0,24,0
2024-06-18,P0004,48,31,1,78,0
2024-06-18,P0005,31,0,1,30,0
2024-06-18,P0006,79,0,0,79,0
2024-06-18,P0007,266,0,0,266,0
2024-06-18,P0008,208,0,0,208,0
2024-06-18,P0009,170,0,3,167,0
2024-06-18,P0010,7,0,2,5,0
2024-06-18,P0011,15,0,2,13,0
2024-06-18,P0012,137,21,0,158,0
2024-06-18,P0013,72,0,5,65,2
2024-06-18,P0014,34,0,3,31,0
2024-06-18,P0015,58,0,8,50,0
2024-06-18,P0016,0,0,3,0,1
2024-06-18,P0017,60,0,6,54,0
2024-06-18,P0018,3,0,1,2,0
2024-06-18,P0019,216,0,0,216,0
2024-06-18,P0020,171,0,0,171,0
2024-06-18,P0021,0,0,5,0,0
2024-06-18,P0022,19,0,0,19,0
2024-06-18,P0023,218,0,0,218,0
2024-06-18,P0024,129,0,0,129,0
2024-06-18,P0025,57,0,0,57,0
2024-06-18,P0026,267,0,0,267,0
2024-06-18,P0027,178,14,0,192,0
2024-06-18,P0028,43,0,1,42,0
2024-06-18,P0029,76,0,0,76,0
2024-06-18,P0030,35,0,0,35,0
2024-06-18,P0031,277,0,0,277,0
2024-06-18,P0032,0,0,0,0,0
2024-06-18,P0033,61,0,0,61,0
2024-06-18,P0034,146,0,0,146,0
2024-06-18,P0035,0,0,0,0,0
2024-06-18,P0036,0,0,4,0,0
2024-06-18,P0037,28,0,7,21,0
2024-06-18,P0038,22,0,4,18,0
2024-06-18,P0039,20,0,0,20,0
2024-06-18,P0040,108,0,0,108,0
2024-06-18,P0041,170,0,2,168,0
2024-06-18,P0042,131,0,4,127,0
2024-06-18,P0043,160,0,0,160,0
2024-06-18,P0044,76,0,26,50,0
2024-06-18,P0045,87,0,0,87,0
2024-06-18,P0046,0,0,3,0,0
2024-06-18,P0047,0,0,0,0,0
2024-06-18,P0048,0,0,0,0,0
2024-06-18,P0049,117,0,4,113,0
2024-06-18,P0050,111,0,3,108,0
2024-06-18,P0051,75,0,0,75,0
2024-06-18,P0052,147,0,0,147,0
2024-06-18,P0053,10,0,7,3,0
2024-06-18,P0054,85,17,0,102,0
2024-06-18,P0055,311,0,1,310,0
2024-06-18,P0056,30,0,0,30,0
2024-06-18,P0057,218,0,0,217,1
2024-06-18,P0058,0,0,8,0,0
2024-06-18,P0059,15,0,3,12,0
2024-06-18,P0060,0,0,4,0,0
2024-06-18,P0061,19,0,0,19,0
2024-06-18,P0062,156,0,1,155,0
2024-06-18,P0063,65,0,9,56,0
2024-06-18,P0064,113,0,0,113,0
2024-06-18,P0065,0,0,21,0,0
2024-06-18,P0066,0,111,5,106,0
2024-06-18,P0067,17,0,7,10,0
2024-06-18,P0068,178,0,0,178,0
2024-06-18,P0069,97,0,0,97,0
2024-06-18,P0070,29,27,5,51,0
2024-06-18,P0071,116,11,0,127,0
2024-06-18,P0072,212,0,1,211,0
2024-06-18,P0073,0,0,0,0,0
2024-06-18,P0074,23,0,4,19,0
2024-06-18,P0075,2,0,2,0,0
2024-06-18,P0076,80,0,1,79,0
2024-06-18,P0077,242,0,1,241,0
2024-06-18,P0078,75,0,0,75,0
2024-06-18,P0079,0,0,24,0,0
2024-06-18,P0080,212,0,0,212,0
2024-06-19,P0001,0,0,6,0,0
2024-06-19,P0002,291,0,2,289,0
2024-06-19,P0003,24,0,5,19,0
2024-06-19,P0004,78,0,0,78,0
2024-06-19,P0005,30,0,3,27,0
2024-06-19,P0006,79,0,0,79,0
2024-06-19,P0007,266,0,0,266,0
2024-06-19,P0008,208,0,0,208,0
2024-06-19,P0009,167,0,1,166,0
2024-06-19,P0010,5,0,9,0,0
2024-06-19,P0011,13,0,0,13,0
2024-06-19,P0012,158,0,0,158,0
2024-06-19,P0013,65,0,1,64,0
2024-06-19,P0014,31,28,4,55,0
2024-06-19,P0015,50,0,0,50,0
2024-06-19,P0016,0,0,5,0,0
2024-06-19,P0017,54,29,0,83,0
2024-06-19,P0018,2,0,1,1,0
2024-06-19,P0019,216,0,1,215,0
2024-06-19,P0020,171,0,0,171,0
2024-06-19,P0021,0,0,3,0,0
2024-06-19,P0022,19,0,0,19,0
2024-06-19,P0023,218,0,0,218,0
2024-06-19,P0024,129,0,0,129,0
2024-06-19,P0025,57,0,7,50,0
2024-06-19,P0026,267,0,0,264,3
2024-06-19,P0027,192,0,0,192,0
2024-06-19,P0028,42,0,3,39,0
2024-06-19,P0029,76,0,6,70,0
2024-06-19,P0030,35,0,0,35,0
2024-06-19,P0031,277,0,0,277,0
2024-06-19,P0032,0,0,0,0,0
2024-06-19,P0033,61,0,0,58,3
2024-06-19,P0034,146,0,0,146,0
2024-06-19,P0035,0,21,1,20,0
2024-06-19,P0036,0,0,2,0,0
2024-06-19,P0037,21,0,4,17,0
2024-06-19,P0038,18,15,2,31,0
2024-06-19,P0039,20,21,0,41,0
2024-06-19,P0040,108,0,0,108,0
2024-06-19,P0041,168,0,4,164,0
2024-06-19,P0042,127,0,0,127,0
2024-06-19,P0043,160,0,0,160,0
2024-06-19,P0044,50,0,10,40,0
2024-06-19,P0045,87,0,0,86,1
2024-06-19,P0046,0,0,4,0,0
2024-06-19,P0047,0,0,0,0,0
2024-06-19,P0048,0,0,0,0,0
2024-06-19,P0049,113,0,0,113,0
2024-06-19,P0050,108,0,0,108,0
2024-06-19,P0051,75,0,3,72,0
2024-06-19,P0052,147,0,0,147,0
2024-06-19,P0053,3,0,0,3,0
2024-06-19,P0054,102,0,0,102,0
2024-06-19,P0055,310,12,0,322,0
2024-06-19,P0056,30,0,0,30,0
2024-06-19,P0057,217,0,0,217,0
2024-06-19,P0058,0,0,5,0,0
2024-06-19,P0059,12,0,2,10,0
2024-06-19,P0060,0,55,3,52,0
2024-06-19,P0061,19,0,0,19,0
2024-06-19,P0062,155,0,0,155,0
2024-06-19,P0063,56,57,4,109,0
2024-06-19,P0064,113,11,0,124,0
2024-06-19,P0065,0,0,9,0,0
2024-06-19,P0066,106,0,13,93,0
2024-06-19,P0067,10,0,1,9,0
2024-06-19,P0068,178,0,0,178,0
2024-06-19,P0069,97,0,0,97,0
2024-06-19,P0070,51,0,2,49,0
2024-06-19,P0071,127,0,0,127,0
2024-06-19,P0072,211,0,6,205,0
2024-06-19,P0073,0,0,0,0,0
2024-06-19,P0074,19,0,7,12,0
2024-06-19,P0075,0,0,0,0,0
2024-06-19,P0076,79,0,4,75,0
2024-06-19,P0077,241,0,0,241,0
2024-06-19,P0078,75,0,1,74,0
2024-06-19,P0079,0,0,23,0,0
2024-06-19,P0080,212,0,0,212,0
2024-06-20,P0001,0,0,8,0,0
2024-06-20,P0002,289,0,0,289,0
2024-06-20,P0003,19,0,0,19,0
2024-06-20,P0004,78,0,0,78,0
2024-06-20,P0005,27,0,0,27,0
2024-06-20,P0006,79,0,2,77,0
2024-06-20,P0007,266,19,0,285,0
2024-06-20,P0008,208,0,0,208,0
2024-06-20,P0009,166,0,0,166,0
2024-06-20,P0010,0,0,1,0,0
2024-06-20,P0011,13,0,0,13,0
2024-06-20,P0012,158,0,0,158,0
2024-06-20,P0013,64,0,0,63,1
2024-06-20,P0014,55,0,0,55,0
2024-06-20,P0015,50,0,10,40,0
2024-06-20,P0016,0,0,6,0,0
2024-06-20,P0017,83,0,0,83,0
2024-06-20,P0018,1,0,0,1,0
2024-06-20,P0019,215,0,0,215,0
2024-06-20,P0020,171,19,0,190,0
2024-06-20,P0021,0,27,5,22,0
2024-06-20,P0022,19,0,2,17,0
2024-06-20,P0023,218,0,0,218,0
2024-06-20,P0024,129,0,0,129,0
2024-06-20,P0025,50,0,4,46,0
2024-06-20,P0026,264,0,0,264,0
2024-06-20,P0027,192,0,0,192,0
2024-06-20,P0028,39,23,0,59,3
2024-06-20,P0029,70,0,7,63,0
2024-06-20,P0030,35,0,0,35,0
2024-06-20,P0031,277,0,0,277,0
2024-06-20,P0032,0,0,4,0,0
2024-06-20,P0033,58,0,0,58,0
2024-06-20,P0034,146,0,0,146,0
2024-06-20,P0035,20,0,0,20,0
2024-06-20,P0036,0,0,0,0,0
2024-06-20,P0037,17,33,0,50,0
2024-06-20,P0038,31,0,1,30,0
2024-06-20,P0039,41,0,0,41,0
2024-06-20,P0040,108,0,0,108,0
2024-06-20,P0041,164,0,0,164,0
2024-06-20,P0042,127,0,0,127,0
2024-06-20,P0043,160,0,0,160,0
2024-06-20,P0044,40,0,19,21,0
2024-06-20,P0045,86,0,0,86,0
2024-06-20,P0046,0,0,2,0,0
2024-06-20,P0047,0,0,1,0,0
2024-06-20,P0048,0,0,3,0,0
2024-06-20,P0049,113,0,5,108,0
2024-06-20,P0050,108,0,1,107,0
2024-06-20,P0051,72,0,2,70,0
2024-06-20,P0052,147,0,0,147,0
2024-06-20,P0053,3,0,4,0,0
2024-06-20,P0054,102,0,0,102,0
2024-06-20,P0055,322,0,0,322,0
2024-06-20,P0056,30,18,1,47,0
2024-06-20,P0057,217,0,1,216,0
2024-06-20,P0058,0,0,6,0,0
2024-06-20,P0059,10,0,12,0,0
2024-06-20,P0060,52,0,1,51,0
2024-06-20,P0061,19,0,1,18,0
2024-06-20,P0062,155,21,0,176,0
2024-06-20,P0063,109,0,3,106,0
2024-06-20,P0064,124,0,4,120,0
2024-06-20,P0065,0,0,14,0,0
2024-06-20,P0066,93,0,14,79,0
2024-06-20,P0067,9,0,7,2,0
2024-06-20,P0068,178,16,3,191,0
2024-06-20,P0069,97,0,0,97,0
2024-06-20,P0070,49,0,7,42,0
2024-06-20,P0071,127,0,0,127,0
2024-06-20,P0072,205,0,0,205,0
2024-06-20,P0073,0,0,0,0,0
2024-06-20,P0074,12,0,15,0,0
2024-06-20,P0075,0,0,0,0,0
2024-06-20,P0076,75,0,0,75,0
2024-06-20,P0077,241,0,0,241,0
2024-06-20,P0078,74,0,0,74,0
2024-06-20,P0079,0,0,33,0,0
2024-06-20,P0080,212,0,0,212,0
2024-06-21,P0001,0,0,0,0,0
2024-06-21,P0002,289,0,0,289,0
2024-06-21,P0003,19,0,0,19,0
2024-06-21,P0004,78,0,0,78,0
2024-06-21,P0005,27,0,2,25,0
2024-06-21,P0006,77,0,0,77,0
2024-06-21,P0007,285,0,0,285,0
2024-06-21,P0008,208,0,0,208,0
2024-06-21,P0009,166,55,9,212,0
2024-06-21,P0010,0,0,3,0,0
2024-06-21,P0011,13,0,0,13,0
2024-06-21,P0012,158,0,3,155,0
2024-06-21,P0013,63,0,0,63,0
2024-06-21,P0014,55,0,1,54,0
2024-06-21,P0015,40,50,1,89,0
2024-06-21,P0016,0,0,0,0,0
2024-06-21,P0017,83,0,3,80,0
2024-06-21,P0018,1,0,1,0,0
2024-06-21,P0019,215,0,0,215,0
2024-06-21,P0020,190,0,1,189,0
2024-06-21,P0021,22,46,6,62,0
2024-06-21,P0022,17,0,12,5,0
2024-06-21,P0023,218,0,0,218,0
2024-06-21,P0024,129,0,0,129,0
2024-06-21,P0025,46,0,10,36,0
2024-06-21,P0026,264,0,1,263,0
2024-06-21,P0027,192,0,5,187,0
2024-06-21,P0028,59,0,3,56,0
2024-06-21,P0029,63,0,0,63,0
2024-06-21,P0030,35,0,0,35,0
2024-06-21,P0031,277,15,0,292,0
2024-06-21,P0032,0,0,1,0,0
2024-06-21,P0033,58,0,2,56,0
2024-06-21,P0034,146,22,0,168,0
2024-06-21,P0035,20,0,1,19,0
2024-06-21,P0036,0,0,4,0,0
2024-06-21,P0037,50,41,3,88,0
2024-06-21,P0038,30,0,5,25,0
2024-06-21,P0039,41,0,0,41,0
2024-06-21,P0040,108,0,0,108,0
2024-06-21,P0041,164,0,0,164,0
2024-06-21,P0042,127,0,0,127,0
2024-06-21,P0043,160,0,2,158,0
2024-06-21,P0044,21,0,24,0,0
2024-06-21,P0045,86,0,0,86,0
2024-06-21,P0046,0,0,6,0,0
2024-06-21,P0047,0,0,4,0,0
2024-06-21,P0048,0,0,5,0,0
2024-06-21,P0049,108,0,0,108,0
2024-06-21,P0050,107,20,1,126,0
2024-06-21,P0051,70,0,2,68,0
2024-06-21,P0052,147,0,0,147,0
2024-06-21,P0053,0,0,10,0,0
2024-06-21,P0054,102,0,1,101,0
2024-06-21,P0055,322,0,0,322,0
2024-06-21,P0056,47,0,0,47,0
2024-06-21,P0057,216,0,0,216,0
2024-06-21,P0058,0,0,10,0,0
2024-06-21,P0059,0,0,8,0,0
2024-06-21,P0060,51,0,7,44,0
2024-06-21,P0061,18,0,4,14,0
2024-06-21,P0062,176,0,4,172,0
2024-06-21,P0063,106,0,8,98,0
2024-06-21,P0064,120,0,2,118,0
2024-06-21,P0065,0,0,9,0,0
2024-06-21,P0066,79,0,14,65,0
2024-06-21,P0067,2,0,8,0,0
2024-06-21,P0068,191,0,7,184,0
2024-06-21,P0069,97,0,1,96,0
2024-06-21,P0070,42,0,0,42,0
2024-06-21,P0071,127,0,0,127,0
2024-06-21,P0072,205,0,0,205,0
2024-06-21,P0073,0,0,3,0,0
2024-06-21,P0074,0,0,5,0,0
2024-06-21,P0075,0,0,0,0,0
2024-06-21,P0076,75,0,0,75,0
2024-06-21,P0077,241,0,0,241,0
2024-06-21,P0078,74,0,0,74,0
2024-06-21,P0079,0,0,28,0,0
2024-06-21,P0080,212,0,0,212,0
2024-06-22,P0001,0,50,11,39,0
2024-06-22,P0002,289,0,2,287,0
2024-06-22,P0003,19,0,5,14,0
2024-06-22,P0004,78,32,5,105,0
2024-06-22,P0005,25,0,0,25,0
2024-06-22,P0006,77,0,3,74,0
2024-06-22,P0007,285,0,0,285,0
2024-06-22,P0008,208,0,0,208,0
2024-06-22,P0009,212,0,8,204,0
2024-06-22,P0010,0,0,0,0,0
2024-06-22,P0011,13,0,2,11,0
2024-06-22,P0012,155,0,4,151,0
2024-06-22,P0013,63,0,1,62,0
2024-06-22,P0014,54,0,6,48,0
2024-06-22,P0015,89,0,11,78,0
2024-06-22,P0016,0,0,3,0,0
2024-06-22,P0017,80,0,4,76,0
2024-06-22,P0018,0,0,2,0,0
2024-06-22,P0019,215,0,0,215,0
2024-06-22,P0020,189,0,0,189,0
2024-06-22,P0021,62,0,5,57,0
2024-06-22,P0022,5,0,4,1,0
2024-06-22,P0023,218,0,0,218,0
2024-06-22,P0024,129,18,1,146,0
2024-06-22,P0025,36,0,1,35,0
2024-06-22,P0026,263,0,0,263,0
2024-06-22,P0027,187,0,0,187,0
2024-06-22,P0028,56,0,6,50,0
2024-06-22,P0029,63,0,1,62,0
2024-06-22,P0030,35,0,3,32,0
2024-06-22,P0031,292,0,0,292,0
2024-06-22,P0032,0,0,3,0,0
2024-06-22,P0033,56,0,0,56,0
2024-06-22,P0034,168,0,0,168,0
2024-06-22,P0035,19,0,1,18,0
2024-06-22,P0036,0,0,2,0,0
2024-06-22,P0037,88,0,1,87,0
2024-06-22,P0038,25,0,0,25,0
2024-06-22,P0039,41,0,3,38,0
2024-06-22,P0040,108,0,0,108,0
2024-06-22,P0041,164,0,1,163,0
2024-06-22,P0042,127,0,0,127,0
2024-06-22,P0043,158,0,0,158,0
2024-06-22,P0044,0,0,5,0,0
2024-06-22,P0045,86,0,2,84,0
2024-06-22,P0046,0,0,5,0,0
2024-06-22,P0047,0,0,1,0,0
2024-06-22,P0048,0,0,1,0,0
2024-06-22,P0049,108,0,0,108,0
2024-06-22,P0050,126,0,0,126,0
2024-06-22,P0051,68,0,3,65,0
2024-06-22,P0052,147,0,0,147,0
2024-06-22,P0053,0,0,0,0,0
2024-06-22,P0054,101,0,1,100,0
2024-06-22,P0055,322,0,0,320,2
2024-06-22,P0056,47,0,1,46,0
2024-06-22,P0057,216,0,0,216,0
2024-06-22,P0058,0,0,15,0,0
2024-06-22,P0059,0,0,4,0,0
2024-06-22,P0060,44,0,8,36,0
2024-06-22,P0061,14,0,0,14,0
2024-06-22,P0062,172,0,0,172,0
2024-06-22,P0063,98,0,8,90,0
2024-06-22,P0064,118,0,2,116,0
2024-06-22,P0065,0,0,20,0,0
2024-06-22,P0066,65,0,10,55,0
2024-06-22,P0067,0,0,1,0,0
2024-06-22,P0068,184,0,0,184,0
2024-06-22,P0069,96,0,0,96,0
2024-06-22,P0070,42,0,4,38,0
2024-06-22,P0071,127,0,0,127,0
2024-06-22,P0072,205,0,0,205,0
2024-06-22,P0073,0,0,2,0,0
2024-06-22,P0074,0,0,10,0,0
2024-06-22,P0075,0,0,0,0,0
2024-06-22,P0076,75,0,0,75,0
2024-06-22,P0077,241,0,0,241,0
2024-06-22,P0078,74,0,6,68,0
2024-06-22,P0079,0,0,18,0,0
2024-06-22,P0080,212,0,0,212,0
2024-06-23,P0001,39,0,6,33,0
2024-06-23,P0002,287,0,0,287,0
2024-06-23,P0003,14,0,0,14,0
2024-06-23,P0004,105,0,8,97,0
2024-06-23,P0005,25,0,0,25,0
2024-06-23,P0006,74,0,0,74,0
2024-06-23,P0007,285,0,1,284,0
2024-06-23,P0008,208,0,5,203,0
2024-06-23,P0009,204,0,6,198,0
2024-06-23,P0010,0,0,7,0,0
2024-06-23,P0011,11,0,13,0,0
2024-06-23,P0012,151,21,2,170,0
2024-06-23,P0013,62,17,1,78,0
2024-06-23,P0014,48,0,0,48,0
2024-06-23,P0015,78,57,6,129,0
2024-06-23,P0016,0,0,6,0,0
2024-06-23,P0017,76,31,5,102,0
2024-06-23,P0018,0,0,4,0,0
2024-06-23,P0019,215,0,0,215,0
2024-06-23,P0020,189,0,0,189,0
2024-06-23,P0021,57,0,6,51,0
2024-06-23,P0022,1,0,2,0,0
2024-06-23,P0023,218,0,3,215,0
2024-06-23,P0024,146,0,0,146,0
2024-06-23,P0025,35,0,0,35,0
2024-06-23,P0026,263,0,0,263,0
2024-06-23,P0027,187,0,4,183,0
2024-06-23,P0028,50,0,4,46,0
2024-06-23,P0029,62,0,0,62,0
2024-06-23,P0030,32,0,2,30,0
2024-06-23,P0031,292,0,0,292,0
2024-06-23,P0032,0,0,0,0,0
2024-06-23,P0033,56,0,0,56,0
2024-06-23,P0034,168,0,0,168,0
2024-06-23,P0035,18,0,5,13,0
2024-06-23,P0036,0,0,3,0,0
2024-06-23,P0037,87,0,4,83,0
2024-06-23,P0038,25,23,0,48,0
2024-06-23,P0039,38,0,1,37,0
2024-06-23,P0040,108,0,0,108,0
2024-06-23,P0041,163,0,3,160,0
2024-06-23,P0042,127,0,0,127,0
2024-06-23,P0043,158,0,0,158,0
2024-06-23,P0044,0,0,12,0,0
2024-06-23,P0045,84,18,0,102,0
2024-06-23,P0046,0,0,8,0,0
2024-06-23,P0047,0,0,0,0,0
2024-06-23,P0048,0,0,6,0,0
2024-06-23,P0049,108,0,0,108,0
2024-06-23,P0050,126,0,4,122,0
2024-06-23,P0051,65,0,0,65,0
2024-06-23,P0052,147,0,2,145,0
2024-06-23,P0053,0,0,11,0,0
2024-06-23,P0054,100,0,0,100,0
2024-06-23,P0055,320,0,2,318,0
2024-06-23,P0056,46,0,0,46,0
2024-06-23,P0057,216,0,0,216,0
2024-06-23,P0058,0,62,6,56,0
2024-06-23,P0059,0,0,19,0,0
2024-06-23,P0060,36,0,9,25,2
2024-06-23,P0061,14,0,0,14,0
2024-06-23,P0062,172,0,0,172,0
2024-06-23,P0063,90,0,4,86,0
2024-06-23,P0064,116,0,1,115,0
2024-06-23,P0065,0,0,13,0,0
2024-06-23,P0066,55,0,9,46,0
2024-06-23,P0067,0,0,5,0,0
2024-06-23,P0068,184,0,0,184,0
2024-06-23,P0069,96,0,0,96,0
2024-06-23,P0070,38,0,12,26,0
2024-06-23,P0071,127,0,1,126,0
2024-06-23,P0072,205,0,2,203,0
2024-06-23,P0073,0,0,0,0,0
2024-06-23,P0074,0,0,11,0,0
2024-06-23,P0075,0,0,1,0,0
2024-06-23,P0076,75,0,0,75,0
2024-06-23,P0077,241,16,3,254,0
2024-06-23,P0078,68,0,0,68,0
2024-06-23,P0079,0,0,31,0,0
2024-06-23,P0080,212,22,0,234,0
2024-06-24,P0001,33,0,9,24,0
2024-06-24,P0002,287,0,0,287,0
2024-06-24,P0003,14,0,1,13,0
2024-06-24,P0004,97,0,7,90,0
2024-06-24,P0005,25,0,0,25,0
2024-06-24,P0006,74,0,3,71,0
2024-06-24,P0007,284,0,2,282,0
2024-06-24,P0008,203,0,0,203,0
2024-06-24,P0009,198,0,5,193,0
2024-06-24,P0010,0,0,6,0,0
2024-06-24,P0011,0,0,3,0,0
2024-06-24,P0012,170,0,0,170,0
2024-06-24,P0013,78,0,1,77,0
2024-06-24,P0014,48,0,4,44,0
2024-06-24,P0015,129,0,1,128,0
2024-06-24,P0016,0,0,1,0,0
2024-06-24,P0017,102,0,5,97,0
2024-06-24,P0018,0,0,0,0,0
2024-06-24,P0019,215,11,0,226,0
2024-06-24,P0020,189,0,2,187,0
2024-06-24,P0021,51,0,3,48,0
2024-06-24,P0022,0,0,0,0,0
2024-06-24,P0023,215,0,0,215,0
2024-06-24,P0024,146,0,0,146,0
2024-06-24,P0025,35,0,0,35,0
2024-06-24,P0026,263,0,0,263,0
2024-06-24,P0027,183,0,0,183,0
2024-06-24,P0028,46,0,0,46,0
2024-06-24,P0029,62,0,6,56,0
2024-06-24,P0030,30,0,6,24,0
2024-06-24,P0031,292,0,0,292,0
2024-06-24,P0032,0,0,1,0,0
2024-06-24,P0033,56,0,0,56,0
2024-06-24,P0034,168,0,0,168,0
2024-06-24,P0035,13,0,3,10,0
2024-06-24,P0036,0,0,5,0,0
2024-06-24,P0037,83,34,0,117,0
2024-06-24,P0038,48,0,6,42,0
2024-06-24,P0039,37,0,5,32,0
2024-06-24,P0040,108,0,0,108,0
2024-06-24,P0041,160,0,4,156,0
2024-06-24,P0042,127,0,0,127,0
2024-06-24,P0043,158,0,0,158,0
2024-06-24,P0044,0,0,18,0,3
2024-06-24,P0045,102,0,0,102,0
2024-06-24,P0046,0,0,6,0,0
2024-06-24,P0047,0,0,0,0,0
2024-06-24,P0048,0,0,1,0,0
2024-06-24,P0049,108,0,0,108,0
2024-06-24,P0050,122,0,0,122,0
2024-06-24,P0051,65,0,0,65,0
2024-06-24,P0052,145,0,1,144,0
2024-06-24,P0053,0,0,0,0,0
2024-06-24,P0054,100,0,0,100,0
2024-06-24,P0055,318,0,1,317,0
2024-06-24,P0056,46,0,2,44,0
2024-06-24,P0057,216,0,5,211,0
2024-06-24,P0058,56,0,9,47,0
2024-06-24,P0059,0,0,5,0,0
2024-06-24,P0060,25,0,6,19,0
2024-06-24,P0061,14,0,1,13,0
2024-06-24,P0062,172,0,0,172,0
2024-06-24,P0063,86,0,11,74,1
2024-06-24,P0064,115,0,0,115,0
2024-06-24,P0065,0,0,16,0,0
2024-06-24,P0066,46,0,15,31,0
2024-06-24,P0067,0,0,2,0,0
2024-06-24,P0068,184,0,0,184,0
2024-06-24,P0069,96,0,0,96,0
2024-06-24,P0070,26,34,1,59,0
2024-06-24,P0071,126,0,0,126,0
2024-06-24,P0072,203,0,1,202,0
2024-06-24,P0073,0,0,0,0,0
2024-06-24,P0074,0,0,15,0,0
2024-06-24,P0075,0,0,1,0,0
2024-06-24,P0076,75,0,1,74,0
2024-06-24,P0077,254,0,0,254,0
2024-06-24,P0078,68,0,0,68,0
2024-06-24,P0079,0,0,22,0,0
2024-06-24,P0080,234,0,0,234,0
2024-06-25,P0001,24,0,7,17,0
2024-06-25,P0002,287,0,2,285,0
2024-06-25,P0003,13,0,6,7,0
2024-06-25,P0004,90,0,1,89,0
2024-06-25,P0005,25,0,0,25,0
2024-06-25,P0006,71,0,5,66,0
2024-06-25,P0007,282,0,0,282,0
2024-06-25,P0008,203,0,4,199,0
2024-06-25,P0009,193,0,4,189,0
2024-06-25,P0010,0,0,5,0,0
2024-06-25,P0011,0,0,1,0,0
2024-06-25,P0012,170,0,0,170,0
2024-06-25,P0013,77,0,2,75,0
2024-06-25,P0014,44,0,2,42,0
2024-06-25,P0015,128,0,0,128,0
2024-06-25,P0016,0,0,8,0,0
2024-06-25,P0017,97,0,0,97,0
2024-06-25,P0018,0,0,5,0,0
2024-06-25,P0019,226,0,0,226,0
2024-06-25,P0020,187,0,0,187,0
2024-06-25,P0021,48,0,3,45,0
2024-06-25,P0022,0,0,4,0,0
2024-06-25,P0023,215,0,0,215,0
2024-06-25,P0024,146,0,0,146,0
2024-06-25,P0025,35,0,5,30,0
2024-06-25,P0026,263,0,0,263,0
2024-06-25,P0027,183,0,0,183,0
2024-06-25,P0028,46,0,1,45,0
2024-06-25,P0029,56,0,0,56,0
2024-06-25,P0030,24,16,5,35,0
2024-06-25,P0031,292,0,0,292,0
2024-06-25,P0032,0,0,1,0,0
2024-06-25,P0033,56,0,0,56,0
2024-06-25,P0034,168,0,0,168,0
2024-06-25,P0035,10,0,5,5,0
2024-06-25,P0036,0,0,3,0,0
2024-06-25,P0037,117,0,0,117,0
2024-06-25,P0038,42,0,1,41,0
2024-06-25,P0039,32,0,1,31,0
2024-06-25,P0040,108,0,0,108,0
2024-06-25,P0041,156,0,0,156,0
2024-06-25,P0042,127,0,0,127,0
2024-06-25,P0043,158,14,0,172,0
2024-06-25,P0044,0,0,3,0,0
2024-06-25,P0045,102,0,1,101,0
2024-06-25,P0046,0,0,3,0,0
2024-06-25,P0047,0,18,0,18,0
2024-06-25,P0048,0,0,3,0,0
2024-06-25,P0049,108,0,1,107,0
2024-06-25,P0050,122,0,6,116,0
2024-06-25,P0051,65,0,0,65,0
2024-06-25,P0052,144,0,4,140,0
2024-06-25,P0053,0,0,3,0,0
2024-06-25,P0054,100,0,0,100,0
2024-06-25,P0055,317,0,0,317,0
2024-06-25,P0056,44,0,0,44,0
2024-06-25,P0057,211,0,0,211,0
2024-06-25,P0058,47,0,1,46,0
2024-06-25,P0059,0,0,13,0,0
2024-06-25,P0060,19,61,7,73,0
2024-06-25,P0061,13,0,1,12,0
2024-06-25,P0062,172,0,0,172,0
2024-06-25,P0063,74,0,2,72,0
2024-06-25,P0064,115,0,0,115,0
2024-06-25,P0065,0,0,23,0,0
2024-06-25,P0066,31,0,6,25,0
2024-06-25,P0067,0,0,1,0,0
2024-06-25,P0068,184,0,0,184,0
2024-06-25,P0069,96,0,0,96,0
2024-06-25,P0070,59,0,0,59,0
2024-06-25,P0071,126,0,1,125,0
2024-06-25,P0072,202,0,3,199,0
2024-06-25,P0073,0,0,0,0,0
2024-06-25,P0074,0,0,5,0,0
2024-06-25,P0075,0,0,2,0,0
2024-06-25,P0076,74,0,0,74,0
2024-06-25,P0077,254,0,0,254,0
2024-06-25,P0078,68,0,0,68,0
2024-06-25,P0079,0,0,34,0,0
2024-06-25,P0080,234,0,2,232,0
2024-06-26,P0001,17,0,3,14,0
2024-06-26,P0002,285,0,1,284,0
2024-06-26,P0003,7,0,0,7,0
2024-06-26,P0004,89,0,9,80,0
2024-06-26,P0005,25,0,0,25,0
2024-06-26,P0006,66,0,0,66,0
2024-06-26,P0007,282,0,0,282,0
2024-06-26,P0008,199,0,0,199,0
2024-06-26,P0009,189,0,9,180,0
2024-06-26,P0010,0,0,2,0,0
2024-06-26,P0011,0,0,0,0,0
2024-06-26,P0012,170,0,0,170,0
2024-06-26,P0013,75,0,0,75,0
2024-06-26,P0014,42,0,3,39,0
2024-06-26,P0015,128,0,2,126,0
2024-06-26,P0016,0,0,1,0,0
2024-06-26,P0017,97,0,4,93,0
2024-06-26,P0018,0,0,0,0,0
2024-06-26,P0019,226,0,0,226,0
2024-06-26,P0020,187,0,0,187,0
2024-06-26,P0021,45,0,1,44,0
2024-06-26,P0022,0,0,5,0,0
2024-06-26,P0023,215,0,1,211,3
2024-06-26,P0024,146,10,0,156,0
2024-06-26,P0025,30,0,2,28,0
2024-06-26,P0026,263,0,2,261,0
2024-06-26,P0027,183,0,0,183,0
2024-06-26,P0028,45,0,0,45,0
2024-06-26,P0029,56,0,3,53,0
2024-06-26,P0030,35,0,1,34,0
2024-06-26,P0031,292,0,2,290,0
2024-06-26,P0032,0,0,2,0,0
2024-06-26,P0033,56,13,0,69,0
2024-06-26,P0034,168,0,0,168,0
2024-06-26,P0035,5,0,5,0,0
2024-06-26,P0036,0,19,4,15,0
2024-06-26,P0037,117,0,4,113,0
2024-06-26,P0038,41,0,3,38,0
2024-06-26,P0039,31,0,0,31,0
2024-06-26,P0040,108,0,5,103,0
2024-06-26,P0041,156,0,0,156,0
2024-06-26,P0042,127,0,0,127,0
2024-06-26,P0043,172,0,0,172,0
2024-06-26,P0044,0,0,10,0,0
2024-06-26,P0045,101,0,0,101,0
2024-06-26,P0046,0,50,1,49,0
2024-06-26,P0047,18,19,0,37,0
2024-06-26,P0048,0,0,0,0,0
2024-06-26,P0049,107,0,0,107,0
2024-06-26,P0050,116,0,1,115,0
2024-06-26,P0051,65,0,0,65,0
2024-06-26,P0052,140,0,1,139,0
2024-06-26,P0053,0,0,2,0,0
2024-06-26,P0054,100,0,0,100,0
2024-06-26,P0055,317,0,0,317,0
2024-06-26,P0056,44,18,8,54,0
2024-06-26,P0057,211,0,0,211,0
2024-06-26,P0058,46,0,11,35,0
2024-06-26,P0059,0,0,8,0,0
2024-06-26,P0060,73,0,3,70,0
2024-06-26,P0061,12,0,0,12,0
2024-06-26,P0062,172,0,0,172,0
2024-06-26,P0063,72,0,3,69,0
2024-06-26,P0064,115,0,3,112,0
2024-06-26,P0065,0,0,2,0,0
2024-06-26,P0066,25,0,10,15,0
2024-06-26,P0067,0,0,4,0,0
2024-06-26,P0068,184,0,0,184,0
2024-06-26,P0069,96,0,1,95,0
2024-06-26,P0070,59,0,3,56,0
2024-06-26,P0071,125,0,0,125,0
2024-06-26,P0072,199,0,1,198,0
2024-06-26,P0073,0,0,6,0,0
2024-06-26,P0074,0,0,15,0,0
2024-06-26,P0075,0,0,0,0,0
2024-06-26,P0076,74,0,0,74,0
2024-06-26,P0077,254,0,0,254,0
2024-06-26,P0078,68,0,0,68,0
2024-06-26,P0079,0,0,22,0,0
2024-06-26,P0080,232,0,0,232,0
2024-06-27,P0001,14,0,6,8,0
2024-06-27,P0002,284,0,0,284,0
2024-06-27,P0003,7,0,8,0,0
2024-06-27,P0004,80,0,9,71,0
2024-06-27,P0005,25,0,4,21,0
2024-06-27,P0006,66,0,0,66,0
2024-06-27,P0007,282,0,1,281,0
2024-06-27,P0008,199,0,0,199,0
2024-06-27,P0009,180,0,0,180,0
2024-06-27,P0010,0,0,6,0,0
2024-06-27,P0011,0,0,0,0,0
2024-06-27,P0012,170,0,1,169,0
2024-06-27,P0013,75,0,0,75,0
2024-06-27,P0014,39,0,0,39,0
2024-06-27,P0015,126,0,4,122,0
2024-06-27,P0016,0,30,10,20,0
2024-06-27,P0017,93,0,0,93,0
2024-06-27,P0018,0,0,0,0,0
2024-06-27,P0019,226,0,0,226,0
2024-06-27,P0020,187,0,0,187,0
2024-06-27,P0021,44,0,9,35,0
2024-06-27,P0022,0,0,1,0,0
2024-06-27,P0023,211,0,0,211,0
2024-06-27,P0024,156,0,2,154,0
2024-06-27,P0025,28,0,2,26,0
2024-06-27,P0026,261,12,0,273,0
2024-06-27,P0027,183,0,0,180,3
2024-06-27,P0028,45,0,0,45,0
2024-06-27,P0029,53,0,0,53,0
2024-06-27,P0030,34,0,2,32,0
2024-06-27,P0031,290,0,0,290,0
2024-06-27,P0032,0,0,0,0,0
2024-06-27,P0033,69,12,0,81,0
2024-06-27,P0034,168,0,0,168,0
2024-06-27,P0035,0,0,0,0,0
2024-06-27,P0036,15,0,0,15,0
2024-06-27,P0037,113,0,5,108,0
2024-06-27,P0038,38,17,1,54,0
2024-06-27,P0039,31,0,0,31,0
2024-06-27,P0040,103,0,0,103,0
2024-06-27,P0041,156,0,0,156,0
2024-06-27,P0042,127,0,1,126,0
2024-06-27,P0043,172,0,1,171,0
2024-06-27,P0044,0,137,16,121,0
2024-06-27,P0045,101,0,3,98,0
2024-06-27,P0046,49,0,1,48,0
2024-06-27,P0047,37,0,4,33,0
2024-06-27,P0048,0,0,5,0,0
2024-06-27,P0049,107,0,3,104,0
2024-06-27,P0050,115,15,2,128,0
2024-06-27,P0051,65,0,5,60,0
2024-06-27,P0052,139,0,0,139,0
2024-06-27,P0053,0,0,4,0,0
2024-06-27,P0054,100,0,3,97,0
2024-06-27,P0055,317,0,0,317,0
2024-06-27,P0056,54,0,0,54,0
2024-06-27,P0057,211,0,0,211,0
2024-06-27,P0058,35,0,3,32,0
2024-06-27,P0059,0,0,9,0,0
2024-06-27,P0060,70,42,14,98,0
2024-06-27,P0061,12,0,4,8,0
2024-06-27,P0062,172,0,0,172,0
2024-06-27,P0063,69,0,12,57,0
2024-06-27,P0064,112,0,0,112,0
2024-06-27,P0065,0,0,13,0,0
2024-06-27,P0066,15,0,6,9,0
2024-06-27,P0067,0,0,1,0,0
2024-06-27,P0068,184,0,0,184,0
2024-06-27,P0069,95,0,0,95,0
2024-06-27,P0070,56,44,2,98,0
2024-06-27,P0071,125,0,0,125,0
2024-06-27,P0072,198,0,0,198,0
2024-06-27,P0073,0,0,0,0,0
2024-06-27,P0074,0,0,12,0,0
2024-06-27,P0075,0,0,1,0,0
2024-06-27,P0076,74,0,0,74,0
2024-06-27,P0077,254,0,0,254,0
2024-06-27,P0078,68,0,5,63,0
2024-06-27,P0079,0,0,29,0,0
2024-06-27,P0080,232,0,0,232,0
2024-06-28,P0001,8,0,3,5,0
2024-06-28,P0002,284,0,0,284,0
2024-06-28,P0003,0,0,4,0,0
2024-06-28,P0004,71,0,2,69,0
2024-06-28,P0005,21,17,0,38,0
2024-06-28,P0006,66,16,0,82,0
2024-06-28,P0007,281,0,0,281,0
2024-06-28,P0008,199,0,0,199,0
2024-06-28,P0009,180,0,11,169,0
2024-06-28,P0010,0,0,11,0,0
2024-06-28,P0011,0,0,0,0,0
2024-06-28,P0012,169,0,1,168,0
2024-06-28,P0013,75,0,0,75,0
2024-06-28,P0014,39,0,1,38,0
2024-06-28,P0015,122,0,3,119,0
2024-06-28,P0016,20,0,8,12,0
2024-06-28,P0017,93,0,4,89,0
2024-06-28,P0018,0,0,2,0,0
2024-06-28,P0019,226,0,0,226,0
2024-06-28,P0020,187,0,0,187,0
2024-06-28,P0021,35,0,13,19,3
2024-06-28,P0022,0,0,0,0,0
2024-06-28,P0023,211,0,1,210,0
2024-06-28,P0024,154,0,0,154,0
2024-06-28,P0025,26,0,0,26,0
2024-06-28,P0026,273,0,0,273,0
2024-06-28,P0027,180,0,0,180,0
2024-06-28,P0028,45,0,6,39,0
2024-06-28,P0029,53,0,0,53,0
2024-06-28,P0030,32,0,1,31,0
2024-06-28,P0031,290,0,0,290,0
2024-06-28,P0032,0,0,7,0,0
2024-06-28,P0033,81,21,3,99,0
2024-06-28,P0034,168,0,0,168,0
2024-06-28,P0035,0,0,4,0,0
2024-06-28,P0036,15,0,3,12,0
2024-06-28,P0037,108,0,2,106,0
2024-06-28,P0038,54,0,3,51,0
2024-06-28,P0039,31,0,1,30,0
2024-06-28,P0040,103,0,1,102,0
2024-06-28,P0041,156,0,2,154,0
2024-06-28,P0042,126,0,0,126,0
2024-06-28,P0043,171,0,0,171,0
2024-06-28,P0044,121,0,13,108,0
2024-06-28,P0045,98,0,0,98,0
2024-06-28,P0046,48,0,1,47,0
2024-06-28,P0047,33,0,3,29,1
2024-06-28,P0048,0,0,2,0,0
2024-06-28,P0049,104,0,3,101,0
2024-06-28,P0050,128,0,5,123,0
2024-06-28,P0051,60,0,0,60,0
2024-06-28,P0052,139,16,0,155,0
2024-06-28,P0053,0,0,7,0,0
2024-06-28,P0054,97,18,0,115,0
2024-06-28,P0055,317,0,0,317,0
2024-06-28,P0056,54,0,2,52,0
2024-06-28,P0057,211,0,0,211,0
2024-06-28,P0058,32,0,8,24,0
2024-06-28,P0059,0,0,13,0,0
2024-06-28,P0060,98,44,2,140,0
2024-06-28,P0061,8,0,0,8,0
2024-06-28,P0062,172,0,0,172,0
2024-06-28,P0063,57,0,4,53,0
2024-06-28,P0064,112,0,0,112,0
2024-06-28,P0065,0,0,10,0,0
2024-06-28,P0066,9,0,7,2,0
2024-06-28,P0067,0,0,3,0,0
2024-06-28,P0068,184,0,0,184,0
2024-06-28,P0069,95,0,0,95,0
2024-06-28,P0070,98,0,0,98,0
2024-06-28,P0071,125,0,1,124,0
2024-06-28,P0072,198,0,0,198,0
2024-06-28,P0073,0,0,0,0,0
2024-06-28,P0074,0,0,0,0,0
2024-06-28,P0075,0,0,4,0,0
2024-06-28,P0076,74,0,0,74,0
2024-06-28,P0077,254,0,0,254,0
2024-06-28,P0078,63,0,2,61,0
2024-06-28,P0079,0,0,22,0,0
2024-06-28,P0080,232,0,0,232,0
2024-06-29,P0001,5,0,8,0,0
2024-06-29,P0002,284,0,0,284,0
2024-06-29,P0003,0,0,5,0,0
2024-06-29,P0004,69,0,0,69,0
2024-06-29,P0005,38,15,2,51,0
2024-06-29,P0006,82,0,4,78,0
2024-06-29,P0007,281,0,0,281,0
2024-06-29,P0008,199,0,0,199,0
2024-06-29,P0009,169,0,20,149,0
2024-06-29,P0010,0,0,4,0,0
2024-06-29,P0011,0,0,1,0,0
2024-06-29,P0012,168,0,0,168,0
2024-06-29,P0013,75,0,0,75,0
2024-06-29,P0014,38,0,2,36,0
2024-06-29,P0015,119,0,3,116,0
2024-06-29,P0016,12,0,4,8,0
2024-06-29,P0017,89,0,3,86,0
2024-06-29,P0018,0,0,7,0,0
2024-06-29,P0019,226,0,0,226,0
2024-06-29,P0020,187,0,1,186,0
2024-06-29,P0021,19,0,0,19,0
2024-06-29,P0022,0,0,6,0,0
2024-06-29,P0023,210,0,0,210,0
2024-06-29,P0024,154,0,0,154,0
2024-06-29,P0025,26,16,1,41,0
2024-06-29,P0026,273,0,0,273,0
2024-06-29,P0027,180,20,1,199,0
2024-06-29,P0028,39,0,1,38,0
2024-06-29,P0029,53,13,2,64,0
2024-06-29,P0030,31,0,6,25,0
2024-06-29,P0031,290,16,0,306,0
2024-06-29,P0032,0,0,7,0,0
2024-06-29,P0033,99,0,0,99,0
2024-06-29,P0034,168,0,2,166,0
2024-06-29,P0035,0,0,6,0,0
2024-06-29,P0036,12,0,0,12,0
2024-06-29,P0037,106,0,1,105,0
2024-06-29,P0038,51,0,2,49,0
2024-06-29,P0039,30,0,4,26,0
2024-06-29,P0040,102,0,0,102,0
2024-06-29,P0041,154,0,0,154,0
2024-06-29,P0042,126,21,0,147,0
2024-06-29,P0043,171,0,0,171,0
2024-06-29,P0044,108,0,39,69,0
2024-06-29,P0045,98,0,1,97,0
2024-06-29,P0046,47,0,5,42,0
2024-06-29,P0047,29,0,4,25,0
2024-06-29,P0048,0,0,1,0,0
2024-06-29,P0049,101,19,3,117,0
2024-06-29,P0050,123,0,4,119,0
2024-06-29,P0051,60,0,0,60,0
2024-06-29,P0052,155,0,0,155,0
2024-06-29,P0053,0,0,4,0,0
2024-06-29,P0054,115,0,0,115,0
2024-06-29,P0055,317,0,0,317,0
2024-06-29,P0056,52,0,7,45,0
2024-06-29,P0057,211,0,1,210,0
2024-06-29,P0058,24,0,4,20,0
2024-06-29,P0059,0,0,10,0,0
2024-06-29,P0060,140,0,6,134,0
2024-06-29,P0061,8,0,0,8,0
2024-06-29,P0062,172,0,0,172,0
2024-06-29,P0063,53,0,3,50,0
2024-06-29,P0064,112,0,0,112,0
2024-06-29,P0065,0,0,18,0,0
2024-06-29,P0066,2,0,14,0,0
2024-06-29,P0067,0,0,7,0,0
2024-06-29,P0068,184,0,0,184,0
2024-06-29,P0069,95,20,0,115,0
2024-06-29,P0070,98,0,1,97,0
2024-06-29,P0071,124,0,1,123,0
2024-06-29,P0072,198,14,0,212,0
2024-06-29,P0073,0,0,3,0,0
2024-06-29,P0074,0,0,7,0,0
2024-06-29,P0075,0,0,0,0,0
2024-06-29,P0076,74,0,0,74,0
2024-06-29,P0077,254,0,0,254,0
2024-06-29,P0078,61,17,1,77,0
2024-06-29,P0079,0,0,21,0,0
2024-06-29,P0080,232,0,0,232,0
2024-06-30,P0001,0,33,1,32,0
2024-06-30,P0002,284,0,0,284,0
2024-06-30,P0003,0,0,2,0,3
2024-06-30,P0004,69,0,3,66,0
2024-06-30,P0005,51,0,0,51,0
2024-06-30,P0006,78,22,1,99,0
2024-06-30,P0007,281,0,0,281,0
2024-06-30,P0008,199,0,0,199,0
2024-06-30,P0009,149,0,13,136,0
2024-06-30,P0010,0,0,2,0,0
2024-06-30,P0011,0,0,0,0,0
2024-06-30,P0012,168,14,0,182,0
2024-06-30,P0013,75,0,0,75,0
2024-06-30,P0014,36,0,1,35,0
2024-06-30,P0015,116,0,4,112,0
2024-06-30,P0016,8,0,4,4,0
2024-06-30,P0017,86,0,2,84,0
2024-06-30,P0018,0,0,5,0,0
2024-06-30,P0019,226,0,0,226,0
2024-06-30,P0020,186,0,0,186,0
2024-06-30,P0021,19,0,4,15,0
2024-06-30,P0022,0,0,2,0,0
2024-06-30,P0023,210,0,0,210,0
2024-06-30,P0024,154,0,0,154,0
2024-06-30,P0025,41,0,2,39,0
2024-06-30,P0026,273,0,0,273,0
2024-06-30,P0027,199,0,0,199,0
2024-06-30,P0028,38,0,2,36,0
2024-06-30,P0029,64,0,5,59,0
2024-06-30,P0030,25,0,0,25,0
2024-06-30,P0031,306,0,0,306,0
2024-06-30,P0032,0,0,1,0,0
2024-06-30,P0033,99,0,3,96,0
2024-06-30,P0034,166,0,0,166,0
2024-06-30,P0035,0,0,3,0,0
2024-06-30,P0036,12,0,0,12,0
2024-06-30,P0037,105,0,11,94,0
2024-06-30,P0038,49,0,0,49,0
2024-06-30,P0039,26,0,0,26,0
2024-06-30,P0040,102,0,0,102,0
2024-06-30,P0041,154,0,2,152,0
2024-06-30,P0042,147,0,2,145,0
2024-06-30,P0043,171,0,2,169,0
2024-06-30,P0044,69,0,23,46,0
2024-06-30,P0045,97,0,0,97,0
2024-06-30,P0046,42,29,1,70,0
2024-06-30,P0047,25,24,4,45,0
2024-06-30,P0048,0,38,3,35,0
2024-06-30,P0049,117,20,6,131,0
2024-06-30,P0050,119,0,1,118,0
2024-06-30,P0051,60,0,0,60,0
2024-06-30,P0052,155,0,4,151,0
2024-06-30,P0053,0,0,4,0,0
2024-06-30,P0054,115,0,3,112,0
2024-06-30,P0055,317,0,0,317,0
2024-06-30,P0056,45,0,1,44,0
2024-06-30,P0057,210,0,0,210,0
2024-06-30,P0058,20,0,15,5,0
2024-06-30,P0059,0,0,19,0,0
2024-06-30,P0060,134,0,9,125,0
2024-06-30,P0061,8,0,0,8,0
2024-06-30,P0062,172,0,0,172,0
2024-06-30,P0063,50,0,14,36,0
2024-06-30,P0064,112,0,0,112,0
2024-06-30,P0065,0,0,16,0,0
2024-06-30,P0066,0,115,3,112,0
2024-06-30,P0067,0,0,1,0,0
2024-06-30,P0068,184,0,0,184,0
2024-06-30,P0069,115,0,3,112,0
2024-06-30,P0070,97,0,3,94,0
2024-06-30,P0071,123,0,0,123,0
2024-06-30,P0072,212,0,1,211,0
2024-06-30,P0073,0,0,0,0,0
2024-06-30,P0074,0,0,6,0,0
2024-06-30,P0075,0,0,0,0,0
2024-06-30,P0076,74,0,1,73,0
2024-06-30,P0077,254,0,0,251,3
2024-06-30,P0078,77,0,3,74,0
2024-06-30,P0079,0,0,50,0,0
2024-06-30,P0080,232,0,0,232,0
2024-07-01,P0001,32,0,4,28,0
2024-07-01,P0002,284,11,5,290,0
2024-07-01,P0003,0,0,0,0,0
2024-07-01,P0004,66,0,9,57,0
2024-07-01,P0005,51,0,0,51,0
2024-07-01,P0006,99,22,4,117,0
2024-07-01,P0007,281,0,2,279,0
2024-07-01,P0008,199,0,0,199,0
2024-07-01,P0009,136,0,6,130,0
2024-07-01,P0010,0,0,2,0,0
2024-07-01,P0011,0,0,1,0,0
2024-07-01,P0012,182,0,0,182,0
2024-07-01,P0013,75,0,0,75,0
2024-07-01,P0014,35,0,2,33,0
2024-07-01,P0015,112,0,4,108,0
2024-07-01,P0016,4,0,13,0,0
2024-07-01,P0017,84,0,1,80,3
2024-07-01,P0018,0,0,0,0,0
2024-07-01,P0019,226,15,0,241,0
2024-07-01,P0020,186,0,0,186,0
2024-07-01,P0021,15,0,3,12,0
2024-07-01,P0022,0,0,1,0,0
2024-07-01,P0023,210,0,0,210,0
2024-07-01,P0024,154,0,0,154,0
2024-07-01,P0025,39,0,0,39,0
2024-07-01,P0026,273,0,0,273,0
2024-07-01,P0027,199,0,2,197,0
2024-07-01,P0028,36,0,2,34,0
2024-07-01,P0029,59,0,10,49,0
2024-07-01,P0030,25,0,0,25,0
2024-07-01,P0031,306,22,0,328,0
2024-07-01,P0032,0,0,3,0,0
2024-07-01,P0033,96,0,0,96,0
2024-07-01,P0034,166,0,1,165,0
2024-07-01,P0035,0,0,1,0,0
2024-07-01,P0036,12,0,10,2,0
2024-07-01,P0037,94,0,0,94,0
2024-07-01,P0038,49,0,0,49,0
2024-07-01,P0039,26,0,0,26,0
2024-07-01,P0040,102,0,0,102,0
2024-07-01,P0041,152,0,0,152,0
2024-07-01,P0042,145,0,0,145,0
2024-07-01,P0043,169,0,3,166,0
2024-07-01,P0044,46,0,27,19,0
2024-07-01,P0045,97,19,1,115,0
2024-07-01,P0046,70,0,12,58,0
2024-07-01,P0047,45,11,4,52,0
2024-07-01,P0048,35,0,2,33,0
2024-07-01,P0049,131,0,0,131,0
2024-07-01,P0050,118,0,1,117,0
2024-07-01,P0051,60,0,2,58,0
2024-07-01,P0052,151,0,3,148,0
2024-07-01,P0053,0,0,3,0,0
2024-07-01,P0054,112,0,0,112,0
2024-07-01,P0055,317,0,1,316,0
2024-07-01,P0056,44,0,0,44,0
2024-07-01,P0057,210,0,0,210,0
2024-07-01,P0058,5,0,5,0,0
2024-07-01,P0059,0,0,2,0,0
2024-07-01,P0060,125,0,6,119,0
2024-07-01,P0061,8,10,0,18,0
2024-07-01,P0062,172,0,0,172,0
2024-07-01,P0063,36,0,5,31,0
2024-07-01,P0064,112,16,1,127,0
2024-07-01,P0065,0,87,12,75,0
2024-07-01,P0066,112,0,18,94,0
2024-07-01,P0067,0,0,2,0,0
2024-07-01,P0068,184,0,0,184,0
2024-07-01,P0069,112,0,0,112,0
2024-07-01,P0070,94,0,5,89,0
2024-07-01,P0071,123,0,3,120,0
2024-07-01,P0072,211,0,0,211,0
2024-07-01,P0073,0,0,1,0,0
2024-07-01,P0074,0,0,6,0,0
2024-07-01,P0075,0,0,4,0,0
2024-07-01,P0076,73,0,3,70,0
2024-07-01,P0077,251,0,0,251,0
2024-07-01,P0078,74,0,5,69,0
2024-07-01,P0079,0,0,36,0,0
2024-07-01,P0080,232,0,0,232,0
2024-07-02,P0001,28,0,11,17,0
2024-07-02,P0002,290,20,1,309,0
2024-07-02,P0003,0,0,3,0,0
2024-07-02,P0004,57,0,11,44,2
2024-07-02,P0005,51,16,0,67,0
2024-07-02,P0006,117,0,1,116,0
2024-07-02,P0007,279,0,0,279,0
2024-07-02,P0008,199,0,0,199,0
2024-07-02,P0009,130,0,13,117,0
2024-07-02,P0010,0,0,0,0,0
2024-07-02,P0011,0,0,0,0,0
2024-07-02,P0012,182,0,1,181,0
2024-07-02,P0013,75,0,1,74,0
2024-07-02,P0014,33,0,7,26,0
2024-07-02,P0015,108,0,16,92,0
2024-07-02,P0016,0,0,9,0,0
2024-07-02,P0017,80,0,4,76,0
2024-07-02,P0018,0,0,5,0,0
2024-07-02,P0019,241,0,0,241,0
2024-07-02,P0020,186,0,0,186,0
2024-07-02,P0021,12,0,6,6,0
2024-07-02,P0022,0,0,1,0,0
2024-07-02,P0023,210,0,0,210,0
2024-07-02,P0024,154,0,0,154,0
2024-07-02,P0025,39,26,3,62,0
2024-07-02,P0026,273,0,0,273,0
2024-07-02,P0027,197,0,0,197,0
2024-07-02,P0028,34,0,0,34,0
2024-07-02,P0029,49,0,1,48,0
2024-07-02,P0030,25,13,6,32,0
2024-07-02,P0031,328,0,0,328,0
2024-07-02,P0032,0,0,2,0,0
2024-07-02,P0033,96,0,0,96,0
2024-07-02,P0034,165,0,0,165,0
2024-07-02,P0035,0,0,4,0,0
2024-07-02,P0036,2,0,2,0,0
2024-07-02,P0037,94,0,3,91,0
2024-07-02,P0038,49,0,5,44,0
2024-07-02,P0039,26,0,3,23,0
2024-07-02,P0040,102,0,2,100,0
2024-07-02,P0041,152,0,1,151,0
2024-07-02,P0042,145,0,2,143,0
2024-07-02,P0043,166,0,0,166,0
2024-07-02,P0044,19,0,18,1,0
2024-07-02,P0045,115,0,1,114,0
2024-07-02,P0046,58,0,1,57,0
2024-07-02,P0047,52,22,4,70,0
2024-07-02,P0048,33,21,7,47,0
2024-07-02,P0049,131,0,5,126,0
2024-07-02,P0050,117,0,2,115,0
2024-07-02,P0051,58,0,0,58,0
2024-07-02,P0052,148,0,0,148,0
2024-07-02,P0053,0,0,1,0,0
2024-07-02,P0054,112,0,3,109,0
2024-07-02,P0055,316,0,0,316,0
2024-07-02,P0056,44,0,5,39,0
2024-07-02,P0057,210,0,0,210,0
2024-07-02,P0058,0,0,12,0,0
2024-07-02,P0059,0,0,21,0,0
2024-07-02,P0060,119,0,10,109,0
2024-07-02,P0061,18,18,4,32,0
2024-07-02,P0062,172,0,0,172,0
2024-07-02,P0063,31,0,5,26,0
2024-07-02,P0064,127,0,2,125,0
2024-07-02,P0065,75,0,16,59,0
2024-07-02,P0066,94,0,14,80,0
2024-07-02,P0067,0,42,2,40,0
2024-07-02,P0068,184,0,0,184,0
2024-07-02,P0069,112,0,1,111,0
2024-07-02,P0070,89,0,2,87,0
2024-07-02,P0071,120,0,9,111,0
2024-07-02,P0072,211,0,0,211,0
2024-07-02,P0073,0,0,7,0,0
2024-07-02,P0074,0,0,9,0,0
2024-07-02,P0075,0,17,2,15,0
2024-07-02,P0076,70,0,0,70,0
2024-07-02,P0077,251,0,0,251,0
2024-07-02,P0078,69,0,0,69,0
2024-07-02,P0079,0,0,45,0,0
2024-07-02,P0080,232,0,0,231,1
2024-07-03,P0001,17,47,2,62,0
2024-07-03,P0002,309,0,0,309,0
2024-07-03,P0003,0,0,4,0,0
2024-07-03,P0004,44,0,1,43,0
2024-07-03,P0005,67,0,1,66,0
2024-07-03,P0006,116,0,0,116,0
2024-07-03,P0007,279,0,0,279,0
2024-07-03,P0008,199,0,3,196,0
2024-07-03,P0009,117,0,11,106,0
2024-07-03,P0010,0,46,0,46,0
2024-07-03,P0011,0,0,0,0,0
2024-07-03,P0012,181,0,2,179,0
2024-07-03,P0013,74,0,0,74,0
2024-07-03,P0014,26,0,1,25,0
2024-07-03,P0015,92,0,3,89,0
2024-07-03,P0016,0,0,5,0,0
2024-07-03,P0017,76,0,3,73,0
2024-07-03,P0018,0,0,0,0,0
2024-07-03,P0019,241,0,0,241,0
2024-07-03,P0020,186,0,0,186,0
2024-07-03,P0021,6,0,3,3,0
2024-07-03,P0022,0,0,4,0,0
2024-07-03,P0023,210,17,0,227,0
2024-07-03,P0024,154,21,0,175,0
2024-07-03,P0025,62,0,2,60,0
2024-07-03,P0026,273,0,0,273,0
2024-07-03,P0027,197,0,0,197,0
2024-07-03,P0028,34,18,4,48,0
2024-07-03,P0029,48,0,0,48,0
2024-07-03,P0030,32,0,5,27,0
2024-07-03,P0031,328,0,0,328,0
2024-07-03,P0032,0,19,7,12,0
2024-07-03,P0033,96,0,0,96,0
2024-07-03,P0034,165,0,0,165,0
2024-07-03,P0035,0,0,7,0,0
2024-07-03,P0036,0,0,3,0,0
2024-07-03,P0037,91,20,2,109,0
2024-07-03,P0038,44,24,4,64,0
2024-07-03,P0039,23,0,0,23,0
2024-07-03,P0040,100,0,0,100,0
2024-07-03,P0041,151,0,0,151,0
2024-07-03,P0042,143,0,1,142,0
2024-07-03,P0043,166,0,0,166,0
2024-07-03,P0044,1,0,2,0,0
2024-07-03,P0045,114,0,1,113,0
2024-07-03,P0046,57,0,0,57,0
2024-07-03,P0047,70,0,0,70,0
2024-07-03,P0048,47,28,4,71,0
2024-07-03,P0049,126,0,2,124,0
2024-07-03,P0050,115,0,3,112,0
2024-07-03,P0051,58,0,0,58,0
2024-07-03,P0052,148,0,2,146,0
2024-07-03,P0053,0,0,0,0,0
2024-07-03,P0054,109,0,0,109,0
2024-07-03,P0055,316,0,0,316,0
2024-07-03,P0056,39,0,2,37,0
2024-07-03,P0057,210,0,0,210,0
2024-07-03,P0058,0,0,15,0,0
2024-07-03,P0059,0,0,5,0,0
2024-07-03,P0060,109,0,12,97,0
2024-07-03,P0061,32,0,0,32,0
2024-07-03,P0062,172,0,0,172,0
2024-07-03,P0063,26,0,4,22,0
2024-07-03,P0064,125,0,0,125,0
2024-07-03,P0065,59,82,5,136,0
2024-07-03,P0066,80,0,4,76,0
2024-07-03,P0067,40,0,2,38,0
2024-07-03,P0068,184,0,0,184,0
2024-07-03,P0069,111,0,0,111,0
2024-07-03,P0070,87,0,10,77,0
2024-07-03,P0071,111,0,0,111,0
2024-07-03,P0072,211,0,0,211,0
2024-07-03,P0073,0,0,0,0,0
2024-07-03,P0074,0,0,18,0,0
2024-07-03,P0075,15,0,6,9,0
2024-07-03,P0076,70,14,0,84,0
2024-07-03,P0077,251,0,4,247,0
2024-07-03,P0078,69,0,9,60,0
2024-07-03,P0079,0,0,32,0,0
2024-07-03,P0080,231,0,0,231,0
2024-07-04,P0001,62,0,10,52,0
2024-07-04,P0002,309,0,0,309,0
2024-07-04,P0003,0,0,3,0,0
2024-07-04,P0004,43,0,7,36,0
2024-07-04,P0005,66,0,3,63,0
2024-07-04,P0006,116,0,0,116,0
2024-07-04,P0007,279,0,0,279,0
2024-07-04,P0008,196,0,0,196,0
2024-07-04,P0009,106,0,4,102,0
2024-07-04,P0010,46,0,9,37,0
2024-07-04,P0011,0,0,0,0,1
2024-07-04,P0012,179,0,5,174,0
2024-07-04,P0013,74,0,4,70,0
2024-07-04,P0014,25,0,1,24,0
2024-07-04,P0015,89,0,7,82,0
2024-07-04,P0016,0,0,8,0,0
2024-07-04,P0017,73,0,5,68,0
2024-07-04,P0018,0,0,2,0,0
2024-07-04,P0019,241,0,0,241,0
2024-07-04,P0020,186,0,3,183,0
2024-07-04,P0021,3,0,12,0,0
2024-07-04,P0022,0,0,4,0,0
2024-07-04,P0023,227,0,0,227,0
2024-07-04,P0024,175,0,0,175,0
2024-07-04,P0025,60,0,0,60,0
2024-07-04,P0026,273,0,0,273,0
2024-07-04,P0027,197,0,0,197,0
2024-07-04,P0028,48,0,0,48,0
2024-07-04,P0029,48,0,0,48,0
2024-07-04,P0030,27,0,2,25,0
2024-07-04,P0031,328,0,0,328,0
2024-07-04,P0032,12,0,4,8,0
2024-07-04,P0033,96,0,0,96,0
2024-07-04,P0034,165,0,0,165,0
2024-07-04,P0035,0,0,6,0,0
2024-07-04,P0036,0,21,1,20,0
2024-07-04,P0037,109,0,3,106,0
2024-07-04,P0038,64,0,5,59,0
2024-07-04,P0039,23,0,5,18,0
2024-07-04,P0040,100,0,0,100,0
2024-07-04,P0041,151,0,2,149,0
2024-07-04,P0042,142,0,1,141,0
2024-07-04,P0043,166,17,3,180,0
2024-07-04,P0044,0,0,10,0,0
2024-07-04,P0045,113,0,0,113,0
2024-07-04,P0046,57,0,4,53,0
2024-07-04,P0047,70,0,4,66,0
2024-07-04,P0048,71,0,3,68,0
2024-07-04,P0049,124,0,0,124,0
2024-07-04,P0050,112,0,4,108,0
2024-07-04,P0051,58,0,0,58,0
2024-07-04,P0052,146,0,0,146,0
2024-07-04,P0053,0,0,0,0,0
2024-07-04,P0054,109,0,0,109,0
2024-07-04,P0055,316,19,0,335,0
2024-07-04,P0056,37,0,2,35,0
2024-07-04,P0057,210,0,0,210,0
2024-07-04,P0058,0,54,4,50,0
2024-07-04,P0059,0,58,10,48,0
2024-07-04,P0060,97,0,3,94,0
2024-07-04,P0061,32,15,0,47,0
2024-07-04,P0062,172,0,1,171,0
2024-07-04,P0063,22,68,10,80,0
2024-07-04,P0064,125,0,0,125,0
2024-07-04,P0065,136,0,10,126,0
2024-07-04,P0066,76,0,9,67,0
2024-07-04,P0067,38,0,14,24,0
2024-07-04,P0068,184,16,1,199,0
2024-07-04,P0069,111,0,0,111,0
2024-07-04,P0070,77,45,5,117,0
2024-07-04,P0071,111,0,0,111,0
2024-07-04,P0072,211,0,2,209,0
2024-07-04,P0073,0,0,0,0,0
2024-07-04,P0074,0,0,8,0,0
2024-07-04,P0075,9,0,0,9,0
2024-07-04,P0076,84,18,0,102,0
2024-07-04,P0077,247,0,0,247,0
2024-07-04,P0078,60,0,0,60,0
2024-07-04,P0079,0,0,27,0,0
2024-07-04,P0080,231,0,0,231,0
2024-07-05,P0001,52,54,4,102,0
2024-07-05,P0002,309,0,0,309,0
2024-07-05,P0003,0,0,2,0,0
2024-07-05,P0004,36,0,4,32,0
2024-07-05,P0005,63,0,3,60,0
2024-07-05,P0006,116,0,1,115,0
2024-07-05,P0007,279,0,0,279,0
2024-07-05,P0008,196,0,0,193,3
2024-07-05,P0009,102,0,6,96,0
2024-07-05,P0010,37,0,5,32,0
2024-07-05,P0011,0,0,4,0,0
2024-07-05,P0012,174,0,0,174,0
2024-07-05,P0013,70,13,0,83,0
2024-07-05,P0014,24,0,5,19,0
2024-07-05,P0015,82,0,1,81,0
2024-07-05,P0016,0,0,4,0,0
2024-07-05,P0017,68,0,0,68,0
2024-07-05,P0018,0,0,0,0,0
2024-07-05,P0019,241,0,1,240,0
2024-07-05,P0020,183,0,0,183,0
2024-07-05,P0021,0,0,5,0,0
2024-07-05,P0022,0,0,3,0,0
2024-07-05,P0023,227,0,0,227,0
2024-07-05,P0024,175,0,0,175,0
2024-07-05,P0025,60,0,6,54,0
2024-07-05,P0026,273,0,0,273,0
2024-07-05,P0027,197,0,0,197,0
2024-07-05,P0028,48,0,3,45,0
2024-07-05,P0029,48,0,0,48,0
2024-07-05,P0030,25,0,8,17,0
2024-07-05,P0031,328,0,0,328,0
2024-07-05,P0032,8,0,0,8,0
2024-07-05,P0033,96,0,0,96,0
2024-07-05,P0034,165,0,2,163,0
2024-07-05,P0035,0,0,0,0,0
2024-07-05,P0036,20,0,0,20,0
2024-07-05,P0037,106,0,0,106,0
2024-07-05,P0038,59,0,7,52,0
2024-07-05,P0039,18,0,0,18,0
2024-07-05,P0040,100,0,0,100,0
2024-07-05,P0041,149,0,0,149,0
2024-07-05,P0042,141,0,0,141,0
2024-07-05,P0043,180,0,0,180,0
2024-07-05,P0044,0,0,6,0,0
2024-07-05,P0045,113,0,0,113,0
2024-07-05,P0046,53,0,7,46,0
2024-07-05,P0047,66,0,7,59,0
2024-07-05,P0048,68,0,0,68,0
2024-07-05,P0049,124,0,0,124,0
2024-07-05,P0050,108,0,0,108,0
2024-07-05,P0051,58,14,2,70,0
2024-07-05,P0052,146,0,1,145,0
2024-07-05,P0053,0,0,4,0,0
2024-07-05,P0054,109,0,0,109,0
2024-07-05,P0055,335,0,5,330,0
2024-07-05,P0056,35,0,8,27,0
2024-07-05,P0057,210,0,0,210,0
2024-07-05,P0058,50,0,8,42,0
2024-07-05,P0059,48,0,23,25,0
2024-07-05,P0060,94,0,1,93,0
2024-07-05,P0061,47,0,0,47,0
2024-07-05,P0062,171,0,1,170,0
2024-07-05,P0063,80,0,10,70,0
2024-07-05,P0064,125,12,4,133,0
2024-07-05,P0065,126,0,16,110,0
2024-07-05,P0066,67,0,7,60,0
2024-07-05,P0067,24,0,3,21,0
2024-07-05,P0068,199,0,0,199,0
2024-07-05,P0069,111,0,0,111,0
2024-07-05,P0070,117,0,4,113,0
2024-07-05,P0071,111,0,1,110,0
2024-07-05,P0072,209,0,2,207,0
2024-07-05,P0073,0,0,4,0,0
2024-07-05,P0074,0,0,3,0,0
2024-07-05,P0075,9,0,3,6,0
2024-07-05,P0076,102,0,0,102,0
2024-07-05,P0077,247,0,0,244,3
2024-07-05,P0078,60,0,0,60,0
2024-07-05,P0079,0,0,29,0,0
2024-07-05,P0080,231,0,1,230,0
2024-07-06,P0001,102,0,8,94,0
2024-07-06,P0002,309,0,1,308,0
2024-07-06,P0003,0,0,4,0,0
2024-07-06,P0004,32,40,8,64,0
2024-07-06,P0005,60,0,9,51,0
2024-07-06,P0006,115,0,0,115,0
2024-07-06,P0007,279,0,1,278,0
2024-07-06,P0008,193,22,0,215,0
2024-07-06,P0009,96,0,0,96,0
2024-07-06,P0010,32,0,14,18,0
2024-07-06,P0011,0,22,0,22,0
2024-07-06,P0012,174,0,1,173,0
2024-07-06,P0013,83,0,0,83,0
2024-07-06,P0014,19,0,3,16,0
2024-07-06,P0015,81,0,5,76,0
2024-07-06,P0016,0,0,4,0,0
2024-07-06,P0017,68,0,7,61,0
2024-07-06,P0018,0,0,6,0,0
2024-07-06,P0019,240,0,0,240,0
2024-07-06,P0020,183,0,3,180,0
2024-07-06,P0021,0,48,9,39,0
2024-07-06,P0022,0,0,3,0,0
2024-07-06,P0023,227,0,0,227,0
2024-07-06,P0024,175,0,0,175,0
2024-07-06,P0025,54,0,0,54,0
2024-07-06,P0026,273,0,0,273,0
2024-07-06,P0027,197,0,0,197,0
2024-07-06,P0028,45,0,0,45,0
2024-07-06,P0029,48,0,2,46,0
2024-07-06,P0030,17,0,10,7,0
2024-07-06,P0031,328,0,0,328,0
2024-07-06,P0032,8,0,0,8,0
2024-07-06,P0033,96,0,0,96,0
2024-07-06,P0034,163,0,0,163,0
2024-07-06,P0035,0,0,7,0,0
2024-07-06,P0036,20,0,2,18,0
2024-07-06,P0037,106,0,9,97,0
2024-07-06,P0038,52,0,0,52,0
2024-07-06,P0039,18,0,0,18,0
2024-07-06,P0040,100,0,0,100,0
2024-07-06,P0041,149,0,0,149,0
2024-07-06,P0042,141,0,0,141,0
2024-07-06,P0043,180,0,0,180,0
2024-07-06,P0044,0,0,5,0,0
2024-07-06,P0045,113,0,0,113,0
2024-07-06,P0046,46,0,9,37,0
2024-07-06,P0047,59,12,1,70,0
2024-07-06,P0048,68,0,9,59,0
2024-07-06,P0049,124,0,1,123,0
2024-07-06,P0050,108,0,1,106,1
2024-07-06,P0051,70,21,0,91,0
2024-07-06,P0052,145,0,0,145,0
2024-07-06,P0053,0,0,6,0,0
2024-07-06,P0054,109,0,0,109,0
2024-07-06,P0055,330,0,0,330,0
2024-07-06,P0056,27,0,3,24,0
2024-07-06,P0057,210,0,3,207,0
2024-07-06,P0058,42,0,5,37,0
2024-07-06,P0059,25,0,17,8,0
2024-07-06,P0060,93,0,14,79,0
2024-07-06,P0061,47,0,2,43,2
2024-07-06,P0062,170,17,0,187,0
2024-07-06,P0063,70,0,18,52,0
2024-07-06,P0064,133,13,0,146,0
2024-07-06,P0065,110,0,12,98,0
2024-07-06,P0066,60,0,29,31,0
2024-07-06,P0067,21,0,1,20,0
2024-07-06,P0068,199,0,0,199,0
2024-07-06,P0069,111,0,1,110,0
2024-07-06,P0070,113,0,11,102,0
2024-07-06,P0071,110,0,0,107,3
2024-07-06,P0072,207,11,0,218,0
2024-07-06,P0073,0,0,4,0,0
2024-07-06,P0074,0,0,8,0,0
2024-07-06,P0075,6,0,0,6,0
2024-07-06,P0076,102,0,6,96,0
2024-07-06,P0077,244,0,0,244,0
2024-07-06,P0078,60,0,0,60,0
2024-07-06,P0079,0,0,32,0,0
2024-07-06,P0080,230,0,0,230,0
2024-07-07,P0001,94,0,6,88,0
2024-07-07,P0002,308,0,0,308,0
2024-07-07,P0003,0,0,3,0,0
2024-07-07,P0004,64,0,5,59,0
2024-07-07,P0005,51,24,9,66,0
2024-07-07,P0006,115,0,2,113,0
2024-07-07,P0007,278,0,0,278,0
2024-07-07,P0008,215,0,1,214,0
2024-07-07,P0009,96,0,10,86,0
2024-07-07,P0010,18,0,8,10,0
2024-07-07,P0011,22,0,7,15,0
2024-07-07,P0012,173,0,3,170,0
2024-07-07,P0013,83,0,0,83,0
2024-07-07,P0014,16,0,1,15,0
2024-07-07,P0015,76,0,9,67,0
2024-07-07,P0016,0,35,3,32,0
2024-07-07,P0017,61,0,6,55,0
2024-07-07,P0018,0,0,3,0,0
2024-07-07,P0019,240,0,5,235,0
2024-07-07,P0020,180,0,0,180,0
2024-07-07,P0021,39,0,12,27,0
2024-07-07,P0022,0,0,0,0,0
2024-07-07,P0023,227,0,0,227,0
2024-07-07,P0024,175,0,0,175,0
2024-07-07,P0025,54,0,0,54,0
2024-07-07,P0026,273,0,1,272,0
2024-07-07,P0027,197,0,0,197,0
2024-07-07,P0028,45,0,4,41,0
2024-07-07,P0029,46,0,7,39,0
2024-07-07,P0030,7,0,6,1,0
2024-07-07,P0031,328,0,0,328,0
2024-07-07,P0032,8,28,3,33,0
2024-07-07,P0033,96,0,1,95,0
2024-07-07,P0034,163,0,3,160,0
2024-07-07,P0035,0,0,0,0,0
2024-07-07,P0036,18,0,7,11,0
2024-07-07,P0037,97,0,6,91,0
2024-07-07,P0038,52,20,4,68,0
2024-07-07,P0039,18,23,0,41,0
2024-07-07,P0040,100,0,0,100,0
2024-07-07,P0041,149,0,1,148,0
2024-07-07,P0042,141,0,1,140,0
2024-07-07,P0043,180,0,3,177,0
2024-07-07,P0044,0,0,22,0,0
2024-07-07,P0045,113,0,0,113,0
2024-07-07,P0046,37,0,12,25,0
2024-07-07,P0047,70,0,0,70,0
2024-07-07,P0048,59,28,3,84,0
2024-07-07,P0049,123,10,4,129,0
2024-07-07,P0050,106,0,1,105,0
2024-07-07,P0051,91,0,0,91,0
2024-07-07,P0052,145,14,0,159,0
2024-07-07,P0053,0,0,0,0,0
2024-07-07,P0054,109,0,0,109,0
2024-07-07,P0055,330,0,0,330,0
2024-07-07,P0056,24,0,2,22,0
2024-07-07,P0057,207,0,0,207,0
2024-07-07,P0058,37,0,19,18,0
2024-07-07,P0059,8,0,25,0,0
2024-07-07,P0060,79,0,16,63,0
2024-07-07,P0061,43,0,0,43,0
2024-07-07,P0062,187,0,0,187,0
2024-07-07,P0063,52,0,13,39,0
2024-07-07,P0064,146,0,6,140,0
2024-07-07,P0065,98,0,13,85,0
2024-07-07,P0066,31,0,8,23,0
2024-07-07,P0067,20,0,1,19,0
2024-07-07,P0068,199,0,0,199,0
2024-07-07,P0069,110,18,0,128,0
2024-07-07,P0070,102,0,1,101,0
2024-07-07,P0071,107,0,0,107,0
2024-07-07,P0072,218,0,0,218,0
2024-07-07,P0073,0,0,4,0,0
2024-07-07,P0074,0,0,8,0,0
2024-07-07,P0075,6,14,1,19,0
2024-07-07,P0076,96,0,4,92,0
2024-07-07,P0077,244,0,0,244,0
2024-07-07,P0078,60,0,0,60,0
2024-07-07,P0079,0,0,48,0,0
2024-07-07,P0080,230,0,0,230,0
2024-07-08,P0001,88,0,1,87,0
2024-07-08,P0002,308,0,2,305,1
2024-07-08,P0003,0,0,0,0,0
2024-07-08,P0004,59,0,4,55,0
2024-07-08,P0005,66,18,0,84,0
2024-07-08,P0006,113,0,1,112,0
2024-07-08,P0007,278,0,2,276,0
2024-07-08,P0008,214,15,0,229,0
2024-07-08,P0009,86,0,12,74,0
2024-07-08,P0010,10,0,7,3,0
2024-07-08,P0011,15,0,10,5,0
2024-07-08,P0012,170,19,0,189,0
2024-07-08,P0013,83,0,0,83,0
2024-07-08,P0014,15,0,1,14,0
2024-07-08,P0015,67,0,6,61,0
2024-07-08,P0016,32,0,6,26,0
2024-07-08,P0017,55,0,1,54,0
2024-07-08,P0018,0,0,2,0,0
2024-07-08,P0019,235,0,0,235,0
2024-07-08,P0020,180,0,0,180,0
2024-07-08,P0021,27,0,1,26,0
2024-07-08,P0022,0,0,0,0,0
2024-07-08,P0023,227,0,0,227,0
2024-07-08,P0024,175,0,0,175,0
2024-07-08,P0025,54,0,5,49,0
2024-07-08,P0026,272,0,0,272,0
2024-07-08,P0027,197,0,0,197,0
2024-07-08,P0028,41,0,0,41,0
2024-07-08,P0029,39,0,0,39,0
2024-07-08,P0030,1,0,2,0,0
2024-07-08,P0031,328,0,4,324,0
2024-07-08,P0032,33,0,3,30,0
2024-07-08,P0033,95,0,0,95,0
2024-07-08,P0034,160,0,0,157,3
2024-07-08,P0035,0,16,4,12,0
2024-07-08,P0036,11,0,4,5,2
2024-07-08,P0037,91,0,10,81,0
2024-07-08,P0038,68,0,4,64,0
2024-07-08,P0039,41,0,3,38,0
2024-07-08,P0040,100,0,1,99,0
2024-07-08,P0041,148,0,5,143,0
2024-07-08,P0042,140,0,0,140,0
2024-07-08,P0043,177,0,0,177,0
2024-07-08,P0044,0,0,23,0,0
2024-07-08,P0045,113,0,0,113,0
2024-07-08,P0046,25,0,6,18,1
2024-07-08,P0047,70,0,0,70,0
2024-07-08,P0048,84,0,6,78,0
2024-07-08,P0049,129,0,0,129,0
2024-07-08,P0050,105,0,3,102,0
2024-07-08,P0051,91,0,0,91,0
2024-07-08,P0052,159,0,0,159,0
2024-07-08,P0053,0,32,5,27,0
2024-07-08,P0054,109,0,0,109,0
2024-07-08,P0055,330,0,0,330,0
2024-07-08,P0056,22,0,3,19,0
2024-07-08,P0057,207,0,0,207,0
2024-07-08,P0058,18,0,14,4,0
2024-07-08,P0059,0,0,4,0,0
2024-07-08,P0060,63,0,15,48,0
2024-07-08,P0061,43,0,0,43,0
2024-07-08,P0062,187,0,0,187,0
2024-07-08,P0063,39,0,17,22,0
2024-07-08,P0064,140,0,3,137,0
2024-07-08,P0065,85,0,14,68,3
2024-07-08,P0066,23,0,13,10,0
2024-07-08,P0067,19,33,0,52,0
2024-07-08,P0068,199,0,1,198,0
2024-07-08,P0069,128,0,0,128,0
2024-07-08,P0070,101,39,3,137,0
2024-07-08,P0071,107,0,0,107,0
2024-07-08,P0072,218,0,5,213,0
2024-07-08,P0073,0,0,0,0,0
2024-07-08,P0074,0,0,2,0,0
2024-07-08,P0075,19,0,0,19,0
2024-07-08,P0076,92,0,1,91,0
2024-07-08,P0077,244,0,0,244,0
2024-07-08,P0078,60,0,0,60,0
2024-07-08,P0079,0,0,18,0,0
2024-07-08,P0080,230,0,0,230,0
2024-07-09,P0001,87,0,6,81,0
2024-07-09,P0002,305,0,0,305,0
2024-07-09,P0003,0,0,0,0,0
2024-07-09,P0004,55,31,2,84,0
2024-07-09,P0005,84,0,0,84,0
2024-07-09,P0006,112,0,2,110,0
2024-07-09,P0007,276,0,1,275,0
2024-07-09,P0008,229,0,2,227,0
2024-07-09,P0009,74,0,6,68,0
2024-07-09,P0010,3,33,2,34,0
2024-07-09,P0011,5,0,1,4,0
2024-07-09,P0012,189,0,0,189,0
2024-07-09,P0013,83,0,0,83,0
2024-07-09,P0014,14,0,1,13,0
2024-07-09,P0015,61,0,18,43,0
2024-07-09,P0016,26,0,6,20,0
2024-07-09,P0017,54,0,4,50,0
2024-07-09,P0018,0,0,0,0,0
2024-07-09,P0019,235,13,0,248,0
2024-07-09,P0020,180,0,2,178,0
2024-07-09,P0021,26,0,10,16,0
2024-07-09,P0022,0,20,2,18,0
2024-07-09,P0023,227,0,0,227,0
2024-07-09,P0024,175,0,0,175,0
2024-07-09,P0025,49,0,2,47,0
2024-07-09,P0026,272,0,0,272,0
2024-07-09,P0027,197,0,0,197,0
2024-07-09,P0028,41,0,1,40,0
2024-07-09,P0029,39,21,2,58,0
2024-07-09,P0030,0,0,2,0,0
2024-07-09,P0031,324,11,0,335,0
2024-07-09,P0032,30,0,3,27,0
2024-07-09,P0033,95,0,2,93,0
2024-07-09,P0034,157,0,0,157,0
2024-07-09,P0035,12,0,4,8,0
2024-07-09,P0036,5,0,2,3,0
2024-07-09,P0037,81,0,6,75,0
2024-07-09,P0038,64,0,5,59,0
2024-07-09,P0039,38,0,1,37,0
2024-07-09,P0040,99,0,0,99,0
2024-07-09,P0041,143,0,0,143,0
2024-07-09,P0042,140,0,5,135,0
2024-07-09,P0043,177,11,2,186,0
2024-07-09,P0044,0,0,15,0,0
2024-07-09,P0045,113,0,0,113,0
2024-07-09,P0046,18,0,4,14,0
2024-07-09,P0047,70,0,0,70,0
2024-07-09,P0048,78,0,9,69,0
2024-07-09,P0049,129,0,0,129,0
2024-07-09,P0050,102,0,4,98,0
2024-07-09,P0051,91,0,3,88,0
2024-07-09,P0052,159,0,0,159,0
2024-07-09,P0053,27,0,2,25,0
2024-07-09,P0054,109,0,4,105,0
2024-07-09,P0055,330,0,0,330,0
2024-07-09,P0056,19,0,0,19,0
2024-07-09,P0057,207,0,0,207,0
2024-07-09,P0058,4,0,4,0,0
2024-07-09,P0059,0,0,9,0,0
2024-07-09,P0060,48,0,16,32,0
2024-07-09,P0061,43,0,0,43,0
2024-07-09,P0062,187,0,1,186,0
2024-07-09,P0063,22,0,2,20,0
2024-07-09,P0064,137,0,0,137,0
2024-07-09,P0065,68,68,12,124,0
2024-07-09,P0066,10,0,2,8,0
2024-07-09,P0067,52,47,1,98,0
2024-07-09,P0068,198,0,3,195,0
2024-07-09,P0069,128,0,1,127,0
2024-07-09,P0070,137,0,0,137,0
2024-07-09,P0071,107,0,0,107,0
2024-07-09,P0072,213,0,0,213,0
2024-07-09,P0073,0,11,1,10,0
2024-07-09,P0074,0,0,15,0,0
2024-07-09,P0075,19,0,1,18,0
2024-07-09,P0076,91,0,0,91,0
2024-07-09,P0077,244,16,0,260,0
2024-07-09,P0078,60,0,3,57,0
2024-07-09,P0079,0,143,29,114,0
2024-07-09,P0080,230,0,0,230,0
2024-07-10,P0001,81,36,18,99,0
2024-07-10,P0002,305,17,0,322,0
2024-07-10,P0003,0,0,1,0,0
2024-07-10,P0004,84,37,0,121,0
2024-07-10,P0005,84,0,1,83,0
2024-07-10,P0006,110,0,0,110,0
2024-07-10,P0007,275,12,0,287,0
2024-07-10,P0008,227,0,2,225,0
2024-07-10,P0009,68,0,10,58,0
2024-07-10,P0010,34,0,10,24,0
2024-07-10,P0011,4,0,0,4,0
2024-07-10,P0012,189,0,0,189,0
2024-07-10,P0013,83,0,0,83,0
2024-07-10,P0014,13,0,3,10,0
2024-07-10,P0015,43,0,2,41,0
2024-07-10,P0016,20,0,2,18,0
2024-07-10,P0017,50,0,4,46,0
2024-07-10,P0018,0,0,3,0,0
2024-07-10,P0019,248,0,0,248,0
2024-07-10,P0020,178,14,0,192,0
2024-07-10,P0021,16,0,13,3,0
2024-07-10,P0022,18,13,0,31,0
2024-07-10,P0023,227,0,0,227,0
2024-07-10,P0024,175,0,1,174,0
2024-07-10,P0025,47,0,1,46,0
2024-07-10,P0026,272,0,0,272,0
2024-07-10,P0027,197,0,0,197,0
2024-07-10,P0028,40,0,1,39,0
2024-07-10,P0029,58,0,0,58,0
2024-07-10,P0030,0,0,5,0,0
2024-07-10,P0031,335,0,0,335,0
2024-07-10,P0032,27,0,0,27,0
2024-07-10,P0033,93,11,0,104,0
2024-07-10,P0034,157,0,0,157,0
2024-07-10,P0035,8,0,5,3,0
2024-07-10,P0036,3,0,0,3,0
2024-07-10,P0037,75,0,11,64,0
2024-07-10,P0038,59,0,0,59,0
2024-07-10,P0039,37,0,0,37,0
2024-07-10,P0040,99,0,0,99,0
2024-07-10,P0041,143,0,0,143,0
2024-07-10,P0042,135,0,0,135,0
2024-07-10,P0043,186,0,0,186,0
2024-07-10,P0044,0,0,24,0,0
2024-07-10,P0045,113,0,0,113,0
2024-07-10,P0046,14,0,3,11,0
2024-07-10,P0047,70,0,0,70,0
2024-07-10,P0048,69,0,10,59,0
2024-07-10,P0049,129,0,0,129,0
2024-07-10,P0050,98,0,12,86,0
2024-07-10,P0051,88,0,0,88,0
2024-07-10,P0052,159,0,0,159,0
2024-07-10,P0053,25,0,1,24,0
2024-07-10,P0054,105,0,0,105,0
2024-07-10,P0055,330,16,0,346,0
2024-07-10,P0056,19,0,0,19,0
2024-07-10,P0057,207,0,0,207,0
2024-07-10,P0058,0,0,11,0,0
2024-07-10,P0059,0,0,14,0,0
2024-07-10,P0060,32,0,4,28,0
2024-07-10,P0061,43,0,0,43,0
2024-07-10,P0062,186,0,1,182,3
2024-07-10,P0063,20,0,14,6,0
2024-07-10,P0064,137,0,4,133,0
2024-07-10,P0065,124,0,22,102,0
2024-07-10,P0066,8,0,9,0,0
2024-07-10,P0067,98,0,4,94,0
2024-07-10,P0068,195,0,0,195,0
2024-07-10,P0069,127,0,2,125,0
2024-07-10,P0070,137,0,10,127,0
2024-07-10,P0071,107,0,0,107,0
2024-07-10,P0072,213,15,0,228,0
2024-07-10,P0073,10,0,0,10,0
2024-07-10,P0074,0,77,13,64,0
2024-07-10,P0075,18,0,0,18,0
2024-07-10,P0076,91,0,1,90,0
2024-07-10,P0077,260,0,0,260,0
2024-07-10,P0078,57,0,3,54,0
2024-07-10,P0079,114,175,23,266,0
2024-07-10,P0080,230,0,0,230,0
2024-07-11,P0001,99,0,9,90,0
2024-07-11,P0002,322,0,1,321,0
2024-07-11,P0003,0,28,0,28,0
2024-07-11,P0004,121,0,10,111,0
2024-07-11,P0005,83,0,0,83,0
2024-07-11,P0006,110,0,1,109,0
2024-07-11,P0007,287,0,0,287,0
2024-07-11,P0008,225,0,0,225,0
2024-07-11,P0009,58,0,3,55,0
2024-07-11,P0010,24,54,6,72,0
2024-07-11,P0011,4,0,0,4,0
2024-07-11,P0012,189,0,0,189,0
2024-07-11,P0013,83,0,1,82,0
2024-07-11,P0014,10,0,1,9,0
2024-07-11,P0015,41,58,13,86,0
2024-07-11,P0016,18,41,3,56,0
2024-07-11,P0017,46,0,0,46,0
2024-07-11,P0018,0,0,0,0,0
2024-07-11,P0019,248,0,0,248,0
2024-07-11,P0020,192,0,0,192,0
2024-07-11,P0021,3,0,13,0,0
2024-07-11,P0022,31,0,6,25,0
2024-07-11,P0023,227,0,0,227,0
2024-07-11,P0024,174,0,1,173,0
2024-07-11,P0025,46,25,2,69,0
2024-07-11,P0026,272,0,0,269,3
2024-07-11,P0027,197,0,3,194,0
2024-07-11,P0028,39,0,0,39,0
2024-07-11,P0029,58,0,3,55,0
2024-07-11,P0030,0,0,3,0,0
2024-07-11,P0031,335,0,0,335,0
2024-07-11,P0032,27,19,2,44,0
2024-07-11,P0033,104,0,0,104,0
2024-07-11,P0034,157,0,2,155,0
2024-07-11,P0035,3,0,1,2,0
2024-07-11,P0036,3,0,2,1,0
2024-07-11,P0037,64,0,0,64,0
2024-07-11,P0038,59,20,6,73,0
2024-07-11,P0039,37,15,0,52,0
2024-07-11,P0040,99,0,0,99,0
2024-07-11,P0041,143,0,0,143,0
2024-07-11,P0042,135,0,0,135,0
2024-07-11,P0043,186,0,2,184,0
2024-07-11,P0044,0,0,13,0,0
2024-07-11,P0045,113,12,0,125,0
2024-07-11,P0046,11,0,5,6,0
2024-07-11,P0047,70,0,1,69,0
2024-07-11,P0048,59,0,0,59,0
2024-07-11,P0049,129,0,0,129,0
2024-07-11,P0050,86,0,5,81,0
2024-07-11,P0051,88,0,2,86,0
2024-07-11,P0052,159,0,0,159,0
2024-07-11,P0053,24,0,0,24,0
2024-07-11,P0054,105,0,0,105,0
2024-07-11,P0055,346,0,0,346,0
2024-07-11,P0056,19,0,4,15,0
2024-07-11,P0057,207,0,1,206,0
2024-07-11,P0058,0,0,10,0,0
2024-07-11,P0059,0,0,9,0,0
2024-07-11,P0060,28,0,11,17,0
2024-07-11,P0061,43,0,0,43,0
2024-07-11,P0062,182,15,1,196,0
2024-07-11,P0063,6,0,6,0,0
2024-07-11,P0064,133,0,0,133,0
2024-07-11,P0065,102,126,14,214,0
2024-07-11,P0066,0,0,17,0,0
2024-07-11,P0067,94,0,3,91,0
2024-07-11,P0068,195,0,1,194,0
2024-07-11,P0069,125,0,0,125,0
2024-07-11,P0070,127,0,1,126,0
2024-07-11,P0071,107,0,0,107,0
2024-07-11,P0072,228,0,0,228,0
2024-07-11,P0073,10,0,3,7,0
2024-07-11,P0074,64,0,1,63,0
2024-07-11,P0075,18,0,4,14,0
2024-07-11,P0076,90,0,5,85,0
2024-07-11,P0077,260,0,0,260,0
2024-07-11,P0078,54,0,2,52,0
2024-07-11,P0079,266,0,28,238,0
2024-07-11,P0080,230,12,0,242,0
2024-07-12,P0001,90,0,6,84,0
2024-07-12,P0002,321,0,0,321,0
2024-07-12,P0003,28,0,0,28,0
2024-07-12,P0004,111,0,2,109,0
2024-07-12,P0005,83,24,0,107,0
2024-07-12,P0006,109,0,2,107,0
2024-07-12,P0007,287,0,4,283,0
2024-07-12,P0008,225,0,0,225,0
2024-07-12,P0009,55,0,3,52,0
2024-07-12,P0010,72,0,4,68,0
2024-07-12,P0011,4,15,2,17,0
2024-07-12,P0012,189,0,0,189,0
2024-07-12,P0013,82,0,0,82,0
2024-07-12,P0014,9,0,4,5,0
2024-07-12,P0015,86,0,7,79,0
2024-07-12,P0016,56,0,4,52,0
2024-07-12,P0017,46,0,2,44,0
2024-07-12,P0018,0,0,4,0,0
2024-07-12,P0019,248,0,0,248,0
2024-07-12,P0020,192,0,3,189,0
2024-07-12,P0021,0,0,4,0,0
2024-07-12,P0022,25,0,0,25,0
2024-07-12,P0023,227,0,0,227,0
2024-07-12,P0024,173,0,0,173,0
2024-07-12,P0025,69,0,2,67,0
2024-07-12,P0026,269,0,1,268,0
2024-07-12,P0027,194,12,0,206,0
2024-07-12,P0028,39,0,0,39,0
2024-07-12,P0029,55,0,4,51,0
2024-07-12,P0030,0,0,7,0,0
2024-07-12,P0031,335,0,0,335,0
2024-07-12,P0032,44,0,4,40,0
2024-07-12,P0033,104,0,2,102,0
2024-07-12,P0034,155,10,0,165,0
2024-07-12,P0035,2,0,0,2,0
2024-07-12,P0036,1,0,0,1,0
2024-07-12,P0037,64,0,5,59,0
2024-07-12,P0038,73,0,0,73,0
2024-07-12,P0039,52,0,0,52,0
2024-07-12,P0040,99,13,0,112,0
2024-07-12,P0041,143,0,0,143,0
2024-07-12,P0042,135,0,0,135,0
2024-07-12,P0043,184,0,0,184,0
2024-07-12,P0044,0,0,13,0,0
2024-07-12,P0045,125,0,0,122,3
2024-07-12,P0046,6,0,7,0,0
2024-07-12,P0047,69,0,0,69,0
2024-07-12,P0048,59,0,5,54,0
2024-07-12,P0049,129,0,0,129,0
2024-07-12,P0050,81,0,0,81,0
2024-07-12,P0051,86,0,0,86,0
2024-07-12,P0052,159,0,0,159,0
2024-07-12,P0053,24,0,0,24,0
2024-07-12,P0054,105,0,0,105,0
2024-07-12,P0055,346,0,0,346,0
2024-07-12,P0056,15,0,0,15,0
2024-07-12,P0057,206,16,0,222,0
2024-07-12,P0058,0,41,8,33,0
2024-07-12,P0059,0,0,11,0,0
2024-07-12,P0060,17,57,9,65,0
2024-07-12,P0061,43,0,0,43,0
2024-07-12,P0062,196,0,3,193,0
2024-07-12,P0063,0,0,3,0,0
2024-07-12,P0064,133,0,0,130,3
2024-07-12,P0065,214,0,17,197,0
2024-07-12,P0066,0,0,21,0,0
2024-07-12,P0067,91,0,14,77,0
2024-07-12,P0068,194,0,4,190,0
2024-07-12,P0069,125,0,1,122,2
2024-07-12,P0070,126,0,8,118,0
2024-07-12,P0071,107,0,0,107,0
2024-07-12,P0072,228,0,0,228,0
2024-07-12,P0073,7,0,1,6,0
2024-07-12,P0074,63,0,6,57,0
2024-07-12,P0075,14,0,2,12,0
2024-07-12,P0076,85,0,5,80,0
2024-07-12,P0077,260,0,0,260,0
2024-07-12,P0078,52,0,0,52,0
2024-07-12,P0079,238,0,26,212,0
2024-07-12,P0080,242,0,0,242,0
2024-07-13,P0001,84,0,16,68,0
2024-07-13,P0002,321,0,5,316,0
2024-07-13,P0003,28,0,5,23,0
2024-07-13,P0004,109,0,0,109,0
2024-07-13,P0005,107,0,3,104,0
2024-07-13,P0006,107,0,0,107,0
2024-07-13,P0007,283,0,3,280,0
2024-07-13,P0008,225,0,0,225,0
2024-07-13,P0009,52,0,12,40,0
2024-07-13,P0010,68,0,14,54,0
2024-07-13,P0011,17,0,7,10,0
2024-07-13,P0012,189,0,0,189,0
2024-07-13,P0013,82,0,1,81,0
2024-07-13,P0014,5,0,3,2,0
2024-07-13,P0015,79,0,9,70,0
2024-07-13,P0016,52,0,4,48,0
2024-07-13,P0017,44,25,0,69,0
2024-07-13,P0018,0,0,0,0,0
2024-07-13,P0019,248,0,0,248,0
2024-07-13,P0020,189,0,0,189,0
2024-07-13,P0021,0,0,6,0,0
2024-07-13,P0022,25,0,5,20,0
2024-07-13,P0023,227,0,1,226,0
2024-07-13,P0024,173,0,0,173,0
2024-07-13,P0025,67,0,2,65,0
2024-07-13,P0026,268,0,0,268,0
2024-07-13,P0027,206,0,0,206,0
2024-07-13,P0028,39,0,0,39,0
2024-07-13,P0029,51,23,6,68,0
2024-07-13,P0030,0,0,3,0,0
2024-07-13,P0031,335,0,1,334,0
2024-07-13,P0032,40,0,0,40,0
2024-07-13,P0033,102,0,0,102,0
2024-07-13,P0034,165,0,4,161,0
2024-07-13,P0035,2,0,0,2,0
2024-07-13,P0036,1,0,4,0,0
2024-07-13,P0037,59,35,3,91,0
2024-07-13,P0038,73,0,1,72,0
2024-07-13,P0039,52,0,2,50,0
2024-07-13,P0040,112,0,0,112,0
2024-07-13,P0041,143,0,0,143,0
2024-07-13,P0042,135,20,5,147,3
2024-07-13,P0043,184,0,1,183,0
2024-07-13,P0044,0,0,20,0,0
2024-07-13,P0045,122,0,3,119,0
2024-07-13,P0046,0,0,9,0,0
2024-07-13,P0047,69,0,5,64,0
2024-07-13,P0048,54,0,0,54,0
2024-07-13,P0049,129,0,1,128,0
2024-07-13,P0050,81,0,3,78,0
2024-07-13,P0051,86,0,3,83,0
2024-07-13,P0052,159,0,0,159,0
2024-07-13,P0053,24,0,2,22,0
2024-07-13,P0054,105,0,0,102,3
2024-07-13,P0055,346,0,0,346,0
2024-07-13,P0056,15,13,1,27,0
2024-07-13,P0057,222,0,0,222,0
2024-07-13,P0058,33,0,10,23,0
2024-07-13,P0059,0,0,20,0,3
2024-07-13,P0060,65,0,17,48,0
2024-07-13,P0061,43,0,0,43,0
2024-07-13,P0062,193,0,0,193,0
2024-07-13,P0063,0,0,7,0,0
2024-07-13,P0064,130,0,5,125,0
2024-07-13,P0065,197,0,18,179,0
2024-07-13,P0066,0,0,33,0,0
2024-07-13,P0067,77,0,3,74,0
2024-07-13,P0068,190,0,0,190,0
2024-07-13,P0069,122,0,0,122,0
2024-07-13,P0070,118,0,9,109,0
2024-07-13,P0071,107,0,3,103,1
2024-07-13,P0072,228,0,0,228,0
2024-07-13,P0073,6,0,4,2,0
2024-07-13,P0074,57,0,5,52,0
2024-07-13,P0075,12,0,1,11,0
2024-07-13,P0076,80,0,3,77,0
2024-07-13,P0077,260,0,0,260,0
2024-07-13,P0078,52,0,0,52,0
2024-07-13,P0079,212,0,30,182,0
2024-07-13,P0080,242,0,0,242,0
2024-07-14,P0001,68,0,13,55,0
2024-07-14,P0002,316,0,3,313,0
2024-07-14,P0003,23,0,10,13,0
2024-07-14,P0004,109,0,8,101,0
2024-07-14,P0005,104,24,10,118,0
2024-07-14,P0006,107,0,0,107,0
2024-07-14,P0007,280,0,0,280,0
2024-07-14,P0008,225,0,0,222,3
2024-07-14,P0009,40,49,11,78,0
2024-07-14,P0010,54,0,10,44,0
2024-07-14,P0011,10,0,0,10,0
2024-07-14,P0012,189,0,0,189,0
2024-07-14,P0013,81,0,0,81,0
2024-07-14,P0014,2,0,10,0,0
2024-07-14,P0015,70,0,1,67,2
2024-07-14,P0016,48,0,4,44,0
2024-07-14,P0017,69,0,3,66,0
2024-07-14,P0018,0,0,0,0,0
2024-07-14,P0019,248,0,0,248,0
2024-07-14,P0020,189,0,1,188,0
2024-07-14,P0021,0,0,10,0,0
2024-07-14,P0022,20,0,1,19,0
2024-07-14,P0023,226,0,0,226,0
2024-07-14,P0024,173,0,0,173,0
2024-07-14,P0025,65,0,0,65,0
2024-07-14,P0026,268,0,0,268,0
2024-07-14,P0027,206,0,0,206,0
2024-07-14,P0028,39,0,1,38,0
2024-07-14,P0029,68,0,6,62,0
2024-07-14,P0030,0,0,6,0,0
2024-07-14,P0031,334,0,0,334,0
2024-07-14,P0032,40,0,0,40,0
2024-07-14,P0033,102,0,2,100,0
2024-07-14,P0034,161,0,0,161,0
2024-07-14,P0035,2,0,0,2,0
2024-07-14,P0036,0,0,0,0,0
2024-07-14,P0037,91,0,1,88,2
2024-07-14,P0038,72,0,4,68,0
2024-07-14,P0039,50,0,0,50,0
2024-07-14,P0040,112,0,0,112,0
2024-07-14,P0041,143,0,1,142,0
2024-07-14,P0042,147,0,0,147,0
2024-07-14,P0043,183,0,0,183,0
2024-07-14,P0044,0,0,35,0,0
2024-07-14,P0045,119,0,0,119,0
2024-07-14,P0046,0,0,12,0,0
2024-07-14,P0047,64,0,0,64,0
2024-07-14,P0048,54,0,2,52,0
2024-07-14,P0049,128,0,1,127,0
2024-07-14,P0050,78,0,5,73,0
2024-07-14,P0051,83,0,3,80,0
2024-07-14,P0052,159,0,1,158,0
2024-07-14,P0053,22,0,1,21,0
2024-07-14,P0054,102,0,0,102,0
2024-07-14,P0055,346,0,2,344,0
2024-07-14,P0056,27,0,1,26,0
2024-07-14,P0057,222,0,0,222,0
2024-07-14,P0058,23,0,14,9,0
2024-07-14,P0059,0,0,18,0,0
2024-07-14,P0060,48,0,3,45,0
2024-07-14,P0061,43,0,0,43,0
2024-07-14,P0062,193,0,1,192,0
2024-07-14,P0063,0,0,17,0,0
2024-07-14,P0064,125,0,0,125,0
2024-07-14,P0065,179,0,17,162,0
2024-07-14,P0066,0,0,18,0,0
2024-07-14,P0067,74,0,9,65,0
2024-07-14,P0068,190,0,2,188,0
2024-07-14,P0069,122,11,0,133,0
2024-07-14,P0070,109,43,9,143,0
2024-07-14,P0071,103,0,0,103,0
2024-07-14,P0072,228,0,0,228,0
2024-07-14,P0073,2,0,2,0,0
2024-07-14,P0074,52,0,9,41,2
2024-07-14,P0075,11,0,13,0,1
2024-07-14,P0076,77,0,2,75,0
2024-07-14,P0077,260,0,3,257,0
2024-07-14,P0078,52,0,1,51,0
2024-07-14,P0079,182,0,27,155,0
2024-07-14,P0080,242,14,0,256,0
2024-07-15,P0001,55,26,7,74,0
2024-07-15,P0002,313,0,0,313,0
2024-07-15,P0003,13,0,0,11,2
2024-07-15,P0004,101,0,4,97,0
2024-07-15,P0005,118,0,1,117,0
2024-07-15,P0006,107,10,3,114,0
2024-07-15,P0007,280,0,1,279,0
2024-07-15,P0008,222,0,0,222,0
2024-07-15,P0009,78,57,9,126,0
2024-07-15,P0010,44,0,2,42,0
2024-07-15,P0011,10,0,1,9,0
2024-07-15,P0012,189,0,0,189,0
2024-07-15,P0013,81,0,0,81,0
2024-07-15,P0014,0,0,0,0,0
2024-07-15,P0015,67,0,11,56,0
2024-07-15,P0016,44,0,8,36,0
2024-07-15,P0017,66,0,1,65,0
2024-07-15,P0018,0,0,0,0,0
2024-07-15,P0019,248,0,0,248,0
2024-07-15,P0020,188,0,0,188,0
2024-07-15,P0021,0,0,15,0,0
2024-07-15,P0022,19,0,0,19,0
2024-07-15,P0023,226,0,0,226,0
2024-07-15,P0024,173,0,0,173,0
2024-07-15,P0025,65,0,3,62,0
2024-07-15,P0026,268,0,1,267,0
2024-07-15,P0027,206,0,0,206,0
2024-07-15,P0028,38,0,4,34,0
2024-07-15,P0029,62,0,0,62,0
2024-07-15,P0030,0,0,2,0,0
2024-07-15,P0031,334,0,1,333,0
2024-07-15,P0032,40,0,4,36,0
2024-07-15,P0033,100,0,0,100,0
2024-07-15,P0034,161,0,0,161,0
2024-07-15,P0035,2,0,6,0,0
2024-07-15,P0036,0,0,1,0,0
2024-07-15,P0037,88,0,4,84,0
2024-07-15,P0038,68,0,0,68,0
2024-07-15,P0039,50,0,5,45,0
2024-07-15,P0040,112,0,0,112,0
2024-07-15,P0041,142,0,0,142,0
2024-07-15,P0042,147,0,1,146,0
2024-07-15,P0043,183,21,0,204,0
2024-07-15,P0044,0,114,18,96,0
2024-07-15,P0045,119,0,0,119,0
2024-07-15,P0046,0,0,12,0,0
2024-07-15,P0047,64,0,1,63,0
2024-07-15,P0048,52,0,5,47,0
2024-07-15,P0049,127,0,0,127,0
2024-07-15,P0050,73,0,0,73,0
2024-07-15,P0051,80,0,5,75,0
2024-07-15,P0052,158,0,0,158,0
2024-07-15,P0053,21,0,0,21,0
2024-07-15,P0054,102,0,0,99,3
2024-07-15,P0055,344,0,0,344,0
2024-07-15,P0056,26,14,6,34,0
2024-07-15,P0057,222,0,0,222,0
2024-07-15,P0058,9,0,15,0,2
2024-07-15,P0059,0,0,8,0,0
2024-07-15,P0060,45,0,10,35,0
2024-07-15,P0061,43,0,0,43,0
2024-07-15,P0062,192,0,0,192,0
2024-07-15,P0063,0,67,5,62,0
2024-07-15,P0064,125,0,1,124,0
2024-07-15,P0065,162,0,13,149,0
2024-07-15,P0066,0,0,2,0,0
2024-07-15,P0067,65,0,3,62,0
2024-07-15,P0068,188,0,1,187,0
2024-07-15,P0069,133,15,0,148,0
2024-07-15,P0070,143,0,6,137,0
2024-07-15,P0071,103,16,0,119,0
2024-07-15,P0072,228,0,4,224,0
2024-07-15,P0073,0,0,0,0,0
2024-07-15,P0074,41,39,21,56,3
2024-07-15,P0075,0,0,0,0,0
2024-07-15,P0076,75,0,2,72,1
2024-07-15,P0077,257,0,0,257,0
2024-07-15,P0078,51,0,1,50,0
2024-07-15,P0079,155,0,35,120,0
2024-07-15,P0080,256,0,0,256,0
2024-07-16,P0001,74,0,1,73,0
2024-07-16,P0002,313,0,0,310,3
2024-07-16,P0003,11,0,5,6,0
2024-07-16,P0004,97,0,9,88,0
2024-07-16,P0005,117,0,0,117,0
2024-07-16,P0006,114,0,3,111,0
2024-07-16,P0007,279,0,0,279,0
2024-07-16,P0008,222,0,0,222,0
2024-07-16,P0009,126,0,5,121,0
2024-07-16,P0010,42,0,3,39,0
2024-07-16,P0011,9,0,7,2,0
2024-07-16,P0012,189,0,3,186,0
2024-07-16,P0013,81,18,2,97,0
2024-07-16,P0014,0,15,2,13,0
2024-07-16,P0015,56,0,9,47,0
2024-07-16,P0016,36,0,0,36,0
2024-07-16,P0017,65,0,1,64,0
2024-07-16,P0018,0,19,3,16,0
2024-07-16,P0019,248,0,0,248,0
2024-07-16,P0020,188,17,1,204,0
2024-07-16,P0021,0,0,9,0,0
2024-07-16,P0022,19,0,0,19,0
2024-07-16,P0023,226,0,0,226,0
2024-07-16,P0024,173,0,0,173,0
2024-07-16,P0025,62,0,6,56,0
2024-07-16,P0026,267,0,0,267,0
2024-07-16,P0027,206,0,0,206,0
2024-07-16,P0028,34,0,2,32,0
2024-07-16,P0029,62,0,6,56,0
2024-07-16,P0030,0,0,1,0,0
2024-07-16,P0031,333,0,0,333,0
2024-07-16,P0032,36,0,6,27,3
2024-07-16,P0033,100,0,0,100,0
2024-07-16,P0034,161,0,2,156,3
2024-07-16,P0035,0,0,4,0,0
2024-07-16,P0036,0,0,1,0,0
2024-07-16,P0037,84,40,1,123,0
2024-07-16,P0038,68,0,0,68,0
2024-07-16,P0039,45,0,5,39,1
2024-07-16,P0040,112,0,0,112,0
2024-07-16,P0041,142,0,0,142,0
2024-07-16,P0042,146,0,0,146,0
2024-07-16,P0043,204,0,2,202,0
2024-07-16,P0044,96,0,16,80,0
2024-07-16,P0045,119,0,1,118,0
2024-07-16,P0046,0,49,17,32,0
2024-07-16,P0047,63,0,7,56,0
2024-07-16,P0048,47,0,8,39,0
2024-07-16,P0049,127,16,6,137,0
2024-07-16,P0050,73,12,0,85,0
2024-07-16,P0051,75,0,1,74,0
2024-07-16,P0052,158,0,0,158,0
2024-07-16,P0053,21,0,0,21,0
2024-07-16,P0054,99,0,0,99,0
2024-07-16,P0055,344,0,0,344,0
2024-07-16,P0056,34,0,7,27,0
2024-07-16,P0057,222,20,1,241,0
2024-07-16,P0058,0,0,6,0,0
2024-07-16,P0059,0,0,15,0,0
2024-07-16,P0060,35,0,5,30,0
2024-07-16,P0061,43,0,4,39,0
2024-07-16,P0062,192,0,0,192,0
2024-07-16,P0063,62,0,7,55,0
2024-07-16,P0064,124,0,2,122,0
2024-07-16,P0065,149,0,10,139,0
2024-07-16,P0066,0,0,14,0,0
2024-07-16,P0067,62,0,1,61,0
2024-07-16,P0068,187,0,5,182,0
2024-07-16,P0069,148,13,0,161,0
2024-07-16,P0070,137,0,4,133,0
2024-07-16,P0071,119,12,0,131,0
2024-07-16,P0072,224,0,0,224,0
2024-07-16,P0073,0,0,2,0,0
2024-07-16,P0074,56,0,9,47,0
2024-07-16,P0075,0,0,1,0,0
2024-07-16,P0076,72,0,0,72,0
2024-07-16,P0077,257,0,0,257,0
2024-07-16,P0078,50,23,4,67,2
2024-07-16,P0079,120,0,41,79,0
2024-07-16,P0080,256,0,0,256,0
2024-07-17,P0001,73,0,9,64,0
2024-07-17,P0002,310,0,0,310,0
2024-07-17,P0003,6,0,0,6,0
2024-07-17,P0004,88,0,3,85,0
2024-07-17,P0005,117,0,1,116,0
2024-07-17,P0006,111,0,1,109,1
2024-07-17,P0007,279,0,2,277,0
2024-07-17,P0008,222,0,0,222,0
2024-07-17,P0009,121,0,5,116,0
2024-07-17,P0010,39,0,3,36,0
2024-07-17,P0011,2,0,0,2,0
2024-07-17,P0012,186,0,0,186,0
2024-07-17,P0013,97,0,0,97,0
2024-07-17,P0014,13,0,5,8,0
2024-07-17,P0015,47,0,9,38,0
2024-07-17,P0016,36,0,9,27,0
2024-07-17,P0017,64,0,4,60,0
2024-07-17,P0018,16,0,0,16,0
2024-07-17,P0019,248,0,0,248,0
2024-07-17,P0020,204,0,0,204,0
2024-07-17,P0021,0,0,0,0,0
2024-07-17,P0022,19,0,0,17,2
2024-07-17,P0023,226,0,0,226,0
2024-07-17,P0024,173,0,1,172,0
2024-07-17,P0025,56,0,0,56,0
2024-07-17,P0026,267,0,0,267,0
2024-07-17,P0027,206,0,2,204,0
2024-07-17,P0028,32,0,1,31,0
2024-07-17,P0029,56,0,0,56,0
2024-07-17,P0030,0,0,3,0,0
2024-07-17,P0031,333,0,0,333,0
2024-07-17,P0032,27,0,2,25,0
2024-07-17,P0033,100,0,0,99,1
2024-07-17,P0034,156,0,2,154,0
2024-07-17,P0035,0,0,1,0,0
2024-07-17,P0036,0,0,1,0,0
2024-07-17,P0037,123,0,7,116,0
2024-07-17,P0038,68,0,0,68,0
2024-07-17,P0039,39,0,5,34,0
2024-07-17,P0040,112,0,0,112,0
2024-07-17,P0041,142,0,0,142,0
2024-07-17,P0042,146,0,1,145,0
2024-07-17,P0043,202,0,0,202,0
2024-07-17,P0044,80,0,13,67,0
2024-07-17,P0045,118,0,0,118,0
2024-07-17,P0046,32,0,8,24,0
2024-07-17,P0047,56,0,0,56,0
2024-07-17,P0048,39,0,2,37,0
2024-07-17,P0049,137,0,3,134,0
2024-07-17,P0050,85,0,0,85,0
2024-07-17,P0051,74,0,0,74,0
2024-07-17,P0052,158,0,0,158,0
2024-07-17,P0053,21,0,5,16,0
2024-07-17,P0054,99,0,2,97,0
2024-07-17,P0055,344,0,0,344,0
2024-07-17,P0056,27,0,0,27,0
2024-07-17,P0057,241,0,1,240,0
2024-07-17,P0058,0,76,3,73,0
2024-07-17,P0059,0,0,8,0,0
2024-07-17,P0060,30,0,4,26,0
2024-07-17,P0061,39,0,0,39,0
2024-07-17,P0062,192,13,0,205,0
2024-07-17,P0063,55,0,10,45,0
2024-07-17,P0064,122,0,0,122,0
2024-07-17,P0065,139,0,11,128,0
2024-07-17,P0066,0,0,6,0,0
2024-07-17,P0067,61,0,5,56,0
2024-07-17,P0068,182,0,0,182,0
2024-07-17,P0069,161,0,0,161,0
2024-07-17,P0070,133,0,3,130,0
2024-07-17,P0071,131,0,5,126,0
2024-07-17,P0072,224,0,0,224,0
2024-07-17,P0073,0,0,0,0,0
2024-07-17,P0074,47,0,12,34,1
2024-07-17,P0075,0,0,2,0,0
2024-07-17,P0076,72,0,0,72,0
2024-07-17,P0077,257,0,0,257,0
2024-07-17,P0078,67,0,3,64,0
2024-07-17,P0079,79,0,31,48,0
2024-07-17,P0080,256,17,0,273,0
2024-07-18,P0001,64,0,4,60,0
2024-07-18,P0002,310,0,0,310,0
2024-07-18,P0003,6,0,0,6,0
2024-07-18,P0004,85,0,0,85,0
2024-07-18,P0005,116,0,3,113,0
2024-07-18,P0006,109,0,12,97,0
2024-07-18,P0007,277,0,0,277,0
2024-07-18,P0008,222,0,0,222,0
2024-07-18,P0009,116,0,11,105,0
2024-07-18,P0010,36,0,10,26,0
2024-07-18,P0011,2,0,0,2,0
2024-07-18,P0012,186,0,0,186,0
2024-07-18,P0013,97,0,0,97,0
2024-07-18,P0014,8,0,3,5,0
2024-07-18,P0015,38,0,7,31,0
2024-07-18,P0016,27,0,5,22,0
2024-07-18,P0017,60,0,5,55,0
2024-07-18,P0018,16,0,3,13,0
2024-07-18,P0019,248,0,0,248,0
2024-07-18,P0020,204,0,0,204,0
2024-07-18,P0021,0,0,6,0,0
2024-07-18,P0022,17,23,1,39,0
2024-07-18,P0023,226,13,0,237,2
2024-07-18,P0024,172,0,0,172,0
2024-07-18,P0025,56,0,6,50,0
2024-07-18,P0026,267,0,0,267,0
2024-07-18,P0027,204,0,0,204,0
2024-07-18,P0028,31,0,5,26,0
2024-07-18,P0029,56,0,2,54,0
2024-07-18,P0030,0,12,4,8,0
2024-07-18,P0031,333,0,0,333,0
2024-07-18,P0032,25,0,0,25,0
2024-07-18,P0033,99,0,0,99,0
2024-07-18,P0034,154,0,5,149,0
2024-07-18,P0035,0,0,4,0,0
2024-07-18,P0036,0,0,0,0,0
2024-07-18,P0037,116,0,8,108,0
2024-07-18,P0038,68,0,0,68,0
2024-07-18,P0039,34,0,0,34,0
2024-07-18,P0040,112,0,4,108,0
2024-07-18,P0041,142,0,0,142,0
2024-07-18,P0042,145,0,0,145,0
2024-07-18,P0043,202,0,1,201,0
2024-07-18,P0044,67,0,7,60,0
2024-07-18,P0045,118,0,0,118,0
2024-07-18,P0046,24,0,2,22,0
2024-07-18,P0047,56,0,0,56,0
2024-07-18,P0048,37,0,3,34,0
2024-07-18,P0049,134,0,1,133,0
2024-07-18,P0050,85,0,0,85,0
2024-07-18,P0051,74,0,2,72,0
2024-07-18,P0052,158,0,0,158,0
2024-07-18,P0053,16,0,6,10,0
2024-07-18,P0054,97,0,0,97,0
2024-07-18,P0055,344,0,0,344,0
2024-07-18,P0056,27,0,0,24,3
2024-07-18,P0057,240,0,0,240,0
2024-07-18,P0058,73,0,14,59,0
2024-07-18,P0059,0,0,14,0,0
2024-07-18,P0060,26,0,1,25,0
2024-07-18,P0061,39,0,0,39,0
2024-07-18,P0062,205,0,0,205,0
2024-07-18,P0063,45,40,9,74,2
2024-07-18,P0064,122,13,0,135,0
2024-07-18,P0065,128,0,13,115,0
2024-07-18,P0066,0,0,16,0,0
2024-07-18,P0067,56,0,9,47,0
2024-07-18,P0068,182,0,1,181,0
2024-07-18,P0069,161,0,3,158,0
2024-07-18,P0070,130,0,5,125,0
2024-07-18,P0071,126,14,0,140,0
2024-07-18,P0072,224,0,0,224,0
2024-07-18,P0073,0,0,0,0,0
2024-07-18,P0074,34,77,15,96,0
2024-07-18,P0075,0,0,3,0,0
2024-07-18,P0076,72,0,4,68,0
2024-07-18,P0077,257,0,0,257,0
2024-07-18,P0078,64,0,1,63,0
2024-07-18,P0079,48,0,19,29,0
2024-07-18,P0080,273,0,0,273,0
2024-07-19,P0001,60,0,3,55,2
2024-07-19,P0002,310,0,0,310,0
2024-07-19,P0003,6,0,4,2,0
2024-07-19,P0004,85,0,2,83,0
2024-07-19,P0005,113,0,0,113,0
2024-07-19,P0006,97,0,0,97,0
2024-07-19,P0007,277,0,0,277,0
2024-07-19,P0008,222,0,0,222,0
2024-07-19,P0009,105,0,9,96,0
2024-07-19,P0010,26,0,10,16,0
2024-07-19,P0011,2,0,1,1,0
2024-07-19,P0012,186,0,0,186,0
2024-07-19,P0013,97,0,2,95,0
2024-07-19,P0014,5,0,0,5,0
2024-07-19,P0015,31,0,4,27,0
2024-07-19,P0016,22,0,2,20,0
2024-07-19,P0017,55,0,4,51,0
2024-07-19,P0018,13,0,5,8,0
2024-07-19,P0019,248,0,0,248,0
2024-07-19,P0020,204,0,0,204,0
2024-07-19,P0021,0,0,1,0,0
2024-07-19,P0022,39,0,1,38,0
2024-07-19,P0023,237,0,0,237,0
2024-07-19,P0024,172,0,2,170,0
2024-07-19,P0025,50,0,4,46,0
2024-07-19,P0026,267,0,0,267,0
2024-07-19,P0027,204,0,0,202,2
2024-07-19,P0028,26,0,3,23,0
2024-07-19,P0029,54,0,0,54,0
2024-07-19,P0030,8,0,2,6,0
2024-07-19,P0031,333,0,5,328,0
2024-07-19,P0032,25,0,0,25,0
2024-07-19,P0033,99,0,1,98,0
2024-07-19,P0034,149,0,2,147,0
2024-07-19,P0035,0,0,4,0,0
2024-07-19,P0036,0,0,2,0,0
2024-07-19,P0037,108,0,4,104,0
2024-07-19,P0038,68,0,1,67,0
2024-07-19,P0039,34,25,3,56,0
2024-07-19,P0040,108,0,0,108,0
2024-07-19,P0041,142,0,3,139,0
2024-07-19,P0042,145,0,0,145,0
2024-07-19,P0043,201,0,1,200,0
2024-07-19,P0044,60,74,11,123,0
2024-07-19,P0045,118,0,0,118,0
2024-07-19,P0046,22,0,1,21,0
2024-07-19,P0047,56,0,1,55,0
2024-07-19,P0048,34,0,6,28,0
2024-07-19,P0049,133,0,0,133,0
2024-07-19,P0050,85,0,4,81,0
2024-07-19,P0051,72,0,0,72,0
2024-07-19,P0052,158,16,1,173,0
2024-07-19,P0053,10,0,3,7,0
2024-07-19,P0054,97,0,0,97,0
2024-07-19,P0055,344,0,0,344,0
2024-07-19,P0056,24,0,10,14,0
2024-07-19,P0057,240,0,0,240,0
2024-07-19,P0058,59,0,4,55,0
2024-07-19,P0059,0,0,9,0,0
2024-07-19,P0060,25,0,4,21,0
2024-07-19,P0061,39,0,1,38,0
2024-07-19,P0062,205,0,0,205,0
2024-07-19,P0063,74,0,2,72,0
2024-07-19,P0064,135,0,0,135,0
2024-07-19,P0065,115,0,12,103,0
2024-07-19,P0066,0,0,10,0,0
2024-07-19,P0067,47,0,7,40,0
2024-07-19,P0068,181,0,0,181,0
2024-07-19,P0069,158,0,0,158,0
2024-07-19,P0070,125,0,5,120,0
2024-07-19,P0071,140,0,0,140,0
2024-07-19,P0072,224,0,0,224,0
2024-07-19,P0073,0,21,0,21,0
2024-07-19,P0074,96,0,12,84,0
2024-07-19,P0075,0,0,5,0,0
2024-07-19,P0076,68,0,4,64,0
2024-07-19,P0077,257,0,0,257,0
2024-07-19,P0078,63,0,2,61,0
2024-07-19,P0079,29,0,42,0,0
2024-07-19,P0080,273,0,0,273,0
2024-07-20,P0001,55,0,4,51,0
2024-07-20,P0002,310,0,0,310,0
2024-07-20,P0003,2,0,2,0,0
2024-07-20,P0004,83,0,9,74,0
2024-07-20,P0005,113,0,7,106,0
2024-07-20,P0006,97,0,1,96,0
2024-07-20,P0007,277,0,3,274,0
2024-07-20,P0008,222,0,0,222,0
2024-07-20,P0009,96,0,1,95,0
2024-07-20,P0010,16,0,14,2,0
2024-07-20,P0011,1,0,9,0,0
2024-07-20,P0012,186,0,0,186,0
2024-07-20,P0013,95,0,0,95,0
2024-07-20,P0014,5,0,3,2,0
2024-07-20,P0015,27,32,6,53,0
2024-07-20,P0016,20,0,10,10,0
2024-07-20,P0017,51,0,22,29,0
2024-07-20,P0018,8,22,0,30,0
2024-07-20,P0019,248,0,0,248,0
2024-07-20,P0020,204,0,7,197,0
2024-07-20,P0021,0,0,6,0,0
2024-07-20,P0022,38,0,1,37,0
2024-07-20,P0023,237,0,0,237,0
2024-07-20,P0024,170,0,3,167,0
2024-07-20,P0025,46,0,0,46,0
2024-07-20,P0026,267,0,0,267,0
2024-07-20,P0027,202,0,1,201,0
2024-07-20,P0028,23,0,6,17,0
2024-07-20,P0029,54,0,8,46,0
2024-07-20,P0030,6,0,2,4,0
2024-07-20,P0031,328,0,0,328,0
2024-07-20,P0032,25,0,2,23,0
2024-07-20,P0033,98,0,4,94,0
2024-07-20,P0034,147,0,0,147,0
2024-07-20,P0035,0,0,6,0,0
2024-07-20,P0036,0,0,0,0,0
2024-07-20,P0037,104,0,2,102,0
2024-07-20,P0038,67,17,3,81,0
2024-07-20,P0039,56,0,2,54,0
2024-07-20,P0040,108,0,0,108,0
2024-07-20,P0041,139,0,0,139,0
2024-07-20,P0042,145,0,8,137,0
2024-07-20,P0043,200,0,0,200,0
2024-07-20,P0044,123,0,46,77,0
2024-07-20,P0045,118,0,0,118,0
2024-07-20,P0046,21,0,8,13,0
2024-07-20,P0047,55,0,2,53,0
2024-07-20,P0048,28,0,4,24,0
2024-07-20,P0049,133,0,0,133,0
2024-07-20,P0050,81,0,2,79,0
2024-07-20,P0051,72,0,7,62,3
2024-07-20,P0052,173,0,0,173,0
2024-07-20,P0053,7,0,0,7,0
2024-07-20,P0054,97,0,2,95,0
2024-07-20,P0055,344,0,0,344,0
2024-07-20,P0056,14,22,7,29,0
2024-07-20,P0057,240,0,0,240,0
2024-07-20,P0058,55,0,18,35,2
2024-07-20,P0059,0,0,9,0,0
2024-07-20,P0060,21,0,17,4,0
2024-07-20,P0061,38,12,6,44,0
2024-07-20,P0062,205,0,0,205,0
2024-07-20,P0063,72,0,8,64,0
2024-07-20,P0064,135,0,0,135,0
2024-07-20,P0065,103,0,19,84,0
2024-07-20,P0066,0,0,21,0,0
2024-07-20,P0067,40,0,11,29,0
2024-07-20,P0068,181,0,0,181,0
2024-07-20,P0069,158,0,8,150,0
2024-07-20,P0070,120,0,14,106,0
2024-07-20,P0071,140,0,0,140,0
2024-07-20,P0072,224,0,0,224,0
2024-07-20,P0073,21,0,2,19,0
2024-07-20,P0074,84,0,14,70,0
2024-07-20,P0075,0,0,7,0,0
2024-07-20,P0076,64,0,5,59,0
2024-07-20,P0077,257,0,0,257,0
2024-07-20,P0078,61,0,1,60,0
2024-07-20,P0079,0,243,39,204,0
2024-07-20,P0080,273,0,2,271,0
2024-07-21,P0001,51,0,6,45,0
2024-07-21,P0002,310,0,0,310,0
2024-07-21,P0003,0,0,2,0,0
2024-07-21,P0004,74,0,8,66,0
2024-07-21,P0005,106,0,2,104,0
2024-07-21,P0006,96,0,3,93,0
2024-07-21,P0007,274,0,0,274,0
2024-07-21,P0008,222,0,1,221,0
2024-07-21,P0009,95,60,7,148,0
2024-07-21,P0010,2,0,14,0,0
2024-07-21,P0011,0,0,1,0,0
2024-07-21,P0012,186,0,0,186,0
2024-07-21,P0013,95,0,0,95,0
2024-07-21,P0014,2,0,5,0,0
2024-07-21,P0015,53,0,19,34,0
2024-07-21,P0016,10,0,2,8,0
2024-07-21,P0017,29,0,3,26,0
2024-07-21,P0018,30,14,0,44,0
2024-07-21,P0019,248,0,0,248,0
2024-07-21,P0020,197,0,0,197,0
2024-07-21,P0021,0,0,9,0,0
2024-07-21,P0022,37,0,1,36,0
2024-07-21,P0023,237,0,0,237,0
2024-07-21,P0024,167,0,2,165,0
2024-07-21,P0025,46,0,4,42,0
2024-07-21,P0026,267,0,0,267,0
2024-07-21,P0027,201,0,0,201,0
2024-07-21,P0028,17,0,5,12,0
2024-07-21,P0029,46,0,3,43,0
2024-07-21,P0030,4,24,0,28,0
2024-07-21,P0031,328,12,0,340,0
2024-07-21,P0032,23,0,3,17,3
2024-07-21,P0033,94,0,0,94,0
2024-07-21,P0034,147,0,1,146,0
2024-07-21,P0035,0,0,8,0,0
2024-07-21,P0036,0,0,5,0,0
2024-07-21,P0037,102,0,5,97,0
2024-07-21,P0038,81,0,0,81,0
2024-07-21,P0039,54,0,8,46,0
2024-07-21,P0040,108,0,0,108,0
2024-07-21,P0041,139,0,0,139,0
2024-07-21,P0042,137,0,0,137,0
2024-07-21,P0043,200,0,0,200,0
2024-07-21,P0044,77,102,15,164,0
2024-07-21,P0045,118,0,0,118,0
2024-07-21,P0046,13,0,17,0,0
2024-07-21,P0047,53,0,3,50,0
2024-07-21,P0048,24,0,6,18,0
2024-07-21,P0049,133,0,4,129,0
2024-07-21,P0050,79,0,3,76,0
2024-07-21,P0051,62,0,8,54,0
2024-07-21,P0052,173,0,0,173,0
2024-07-21,P0053,7,0,10,0,0
2024-07-21,P0054,95,0,0,95,0
2024-07-21,P0055,344,0,0,344,0
2024-07-21,P0056,29,17,4,42,0
2024-07-21,P0057,240,0,3,237,0
2024-07-21,P0058,35,0,6,29,0
2024-07-21,P0059,0,0,14,0,0
2024-07-21,P0060,4,0,12,0,0
2024-07-21,P0061,44,0,0,44,0
2024-07-21,P0062,205,0,0,205,0
2024-07-21,P0063,64,0,15,49,0
2024-07-21,P0064,135,16,2,149,0
2024-07-21,P0065,84,0,15,69,0
2024-07-21,P0066,0,0,16,0,0
2024-07-21,P0067,29,0,5,24,0
2024-07-21,P0068,181,0,0,181,0
2024-07-21,P0069,150,0,0,150,0
2024-07-21,P0070,106,0,6,100,0
2024-07-21,P0071,140,0,3,137,0
2024-07-21,P0072,224,0,1,223,0
2024-07-21,P0073,19,0,2,17,0
2024-07-21,P0074,70,0,9,60,1
2024-07-21,P0075,0,0,4,0,0
2024-07-21,P0076,59,0,2,57,0
2024-07-21,P0077,257,0,0,257,0
2024-07-21,P0078,60,0,5,55,0
2024-07-21,P0079,204,0,21,183,0
2024-07-21,P0080,271,13,0,284,0
2024-07-22,P0001,45,0,7,38,0
2024-07-22,P0002,310,0,0,310,0
2024-07-22,P0003,0,0,8,0,0
2024-07-22,P0004,66,0,0,66,0
2024-07-22,P0005,104,14,1,117,0
2024-07-22,P0006,93,0,0,93,0
2024-07-22,P0007,274,0,0,274,0
2024-07-22,P0008,221,0,0,221,0
2024-07-22,P0009,148,0,11,137,0
2024-07-22,P0010,0,0,5,0,3
2024-07-22,P0011,0,0,4,0,0
2024-07-22,P0012,186,0,1,185,0
2024-07-22,P0013,95,0,1,94,0
2024-07-22,P0014,0,0,7,0,0
2024-07-22,P0015,34,0,9,25,0
2024-07-22,P0016,8,0,5,3,0
2024-07-22,P0017,26,0,3,23,0
2024-07-22,P0018,44,0,0,44,0
2024-07-22,P0019,248,0,0,248,0
2024-07-22,P0020,197,0,0,197,0
2024-07-22,P0021,0,0,4,0,0
2024-07-22,P0022,36,0,1,35,0
2024-07-22,P0023,237,0,0,237,0
2024-07-22,P0024,165,0,0,165,0
2024-07-22,P0025,42,0,0,42,0
2024-07-22,P0026,267,0,0,267,0
2024-07-22,P0027,201,0,0,201,0
2024-07-22,P0028,12,0,5,7,0
2024-07-22,P0029,43,0,0,40,3
2024-07-22,P0030,28,0,8,20,0
2024-07-22,P0031,340,0,3,337,0
2024-07-22,P0032,17,0,0,17,0
2024-07-22,P0033,94,0,1,93,0
2024-07-22,P0034,146,0,0,146,0
2024-07-22,P0035,0,0,0,0,0
2024-07-22,P0036,0,0,0,0,0
2024-07-22,P0037,97,0,1,96,0
2024-07-22,P0038,81,0,3,78,0
2024-07-22,P0039,46,0,2,44,0
2024-07-22,P0040,108,0,3,105,0
2024-07-22,P0041,139,0,0,139,0
2024-07-22,P0042,137,0,1,136,0
2024-07-22,P0043,200,0,0,200,0
2024-07-22,P0044,164,0,13,151,0
2024-07-22,P0045,118,0,0,118,0
2024-07-22,P0046,0,0,7,0,0
2024-07-22,P0047,50,0,0,50,0
2024-07-22,P0048,18,0,3,15,0
2024-07-22,P0049,129,0,2,125,2
2024-07-22,P0050,76,22,1,97,0
2024-07-22,P0051,54,22,1,75,0
2024-07-22,P0052,173,0,1,172,0
2024-07-22,P0053,0,0,2,0,0
2024-07-22,P0054,95,0,0,95,0
2024-07-22,P0055,344,0,0,344,0
2024-07-22,P0056,42,0,2,40,0
2024-07-22,P0057,237,0,0,234,3
2024-07-22,P0058,29,0,5,24,0
2024-07-22,P0059,0,0,9,0,0
2024-07-22,P0060,0,0,2,0,0
2024-07-22,P0061,44,0,0,44,0
2024-07-22,P0062,205,20,0,225,0
2024-07-22,P0063,49,0,8,41,0
2024-07-22,P0064,149,20,0,169,0
2024-07-22,P0065,69,61,34,96,0
2024-07-22,P0066,0,0,15,0,0
2024-07-22,P0067,24,0,21,3,0
2024-07-22,P0068,181,0,1,180,0
2024-07-22,P0069,150,0,3,147,0
2024-07-22,P0070,100,0,6,94,0
2024-07-22,P0071,137,0,0,137,0
2024-07-22,P0072,223,0,2,221,0
2024-07-22,P0073,17,0,3,14,0
2024-07-22,P0074,60,0,2,58,0
2024-07-22,P0075,0,0,0,0,0
2024-07-22,P0076,57,0,0,57,0
2024-07-22,P0077,257,17,0,274,0
2024-07-22,P0078,55,0,4,51,0
2024-07-22,P0079,183,0,22,161,0
2024-07-22,P0080,284,0,2,282,0
2024-07-23,P0001,38,0,8,30,0
2024-07-23,P0002,310,0,0,310,0
2024-07-23,P0003,0,18,5,13,0
2024-07-23,P0004,66,0,1,65,0
2024-07-23,P0005,117,13,0,130,0
2024-07-23,P0006,93,0,0,93,0
2024-07-23,P0007,274,0,0,274,0
2024-07-23,P0008,221,0,0,221,0
2024-07-23,P0009,137,0,9,128,0
2024-07-23,P0010,0,0,9,0,0
2024-07-23,P0011,0,0,2,0,0
2024-07-23,P0012,185,0,0,185,0
2024-07-23,P0013,94,0,0,94,0
2024-07-23,P0014,0,23,3,20,0
2024-07-23,P0015,25,0,13,12,0
2024-07-23,P0016,3,0,3,0,0
2024-07-23,P0017,23,0,4,19,0
2024-07-23,P0018,44,24,3,65,0
2024-07-23,P0019,248,21,0,269,0
2024-07-23,P0020,197,0,0,197,0
2024-07-23,P0021,0,0,1,0,0
2024-07-23,P0022,35,0,0,35,0
2024-07-23,P0023,237,0,0,237,0
2024-07-23,P0024,165,0,4,161,0
2024-07-23,P0025,42,0,2,40,0
2024-07-23,P0026,267,0,0,267,0
2024-07-23,P0027,201,0,0,201,0
2024-07-23,P0028,7,0,1,6,0
2024-07-23,P0029,40,0,0,40,0
2024-07-23,P0030,20,0,2,18,0
2024-07-23,P0031,337,0,0,337,0
2024-07-23,P0032,17,0,0,17,0
2024-07-23,P0033,93,0,0,93,0
2024-07-23,P0034,146,0,2,144,0
2024-07-23,P0035,0,0,5,0,0
2024-07-23,P0036,0,15,1,14,0
2024-07-23,P0037,96,0,1,93,2
2024-07-23,P0038,78,27,0,105,0
2024-07-23,P0039,44,0,5,39,0
2024-07-23,P0040,105,0,3,102,0
2024-07-23,P0041,139,0,3,136,0
2024-07-23,P0042,136,0,0,136,0
2024-07-23,P0043,200,0,0,200,0
2024-07-23,P0044,151,133,14,270,0
2024-07-23,P0045,118,0,2,116,0
2024-07-23,P0046,0,37,2,35,0
2024-07-23,P0047,50,0,2,48,0
2024-07-23,P0048,15,26,1,40,0
2024-07-23,P0049,125,0,5,120,0
2024-07-23,P0050,97,0,3,94,0
2024-07-23,P0051,75,11,0,86,0
2024-07-23,P0052,172,19,0,191,0
2024-07-23,P0053,0,0,8,0,0
2024-07-23,P0054,95,0,0,95,0
2024-07-23,P0055,344,11,0,355,0
2024-07-23,P0056,40,0,3,37,0
2024-07-23,P0057,234,0,0,234,0
2024-07-23,P0058,24,0,7,17,0
2024-07-23,P0059,0,0,2,0,0
2024-07-23,P0060,0,0,13,0,0
2024-07-23,P0061,44,18,2,60,0
2024-07-23,P0062,225,0,1,224,0
2024-07-23,P0063,41,0,9,32,0
2024-07-23,P0064,169,0,0,169,0
2024-07-23,P0065,96,0,11,85,0
2024-07-23,P0066,0,0,9,0,0
2024-07-23,P0067,3,0,6,0,0
2024-07-23,P0068,180,0,3,177,0
2024-07-23,P0069,147,0,0,147,0
2024-07-23,P0070,94,0,3,91,0
2024-07-23,P0071,137,11,0,148,0
2024-07-23,P0072,221,18,0,239,0
2024-07-23,P0073,14,0,2,12,0
2024-07-23,P0074,58,0,13,45,0
2024-07-23,P0075,0,0,9,0,0
2024-07-23,P0076,57,0,8,49,0
2024-07-23,P0077,274,0,0,274,0
2024-07-23,P0078,51,0,6,45,0
2024-07-23,P0079,161,0,30,131,0
2024-07-23,P0080,282,0,0,282,0
2024-07-24,P0001,30,0,4,26,0
2024-07-24,P0002,310,0,2,308,0
2024-07-24,P0003,13,24,2,35,0
2024-07-24,P0004,65,0,6,59,0
2024-07-24,P0005,130,0,1,129,0
2024-07-24,P0006,93,0,1,92,0
2024-07-24,P0007,274,0,0,274,0
2024-07-24,P0008,221,0,0,221,0
2024-07-24,P0009,128,0,6,122,0
2024-07-24,P0010,0,0,13,0,0
2024-07-24,P0011,0,0,0,0,0
2024-07-24,P0012,185,0,0,185,0
2024-07-24,P0013,94,0,0,94,0
2024-07-24,P0014,20,27,2,45,0
2024-07-24,P0015,12,34,0,46,0
2024-07-24,P0016,0,0,15,0,0
2024-07-24,P0017,19,0,8,11,0
2024-07-24,P0018,65,0,3,62,0
2024-07-24,P0019,269,0,0,269,0
2024-07-24,P0020,197,0,0,197,0
2024-07-24,P0021,0,0,2,0,0
2024-07-24,P0022,35,0,1,34,0
2024-07-24,P0023,237,0,0,237,0
2024-07-24,P0024,161,0,0,161,0
2024-07-24,P0025,40,0,0,40,0
2024-07-24,P0026,267,0,0,267,0
2024-07-24,P0027,201,0,0,201,0
2024-07-24,P0028,6,0,1,5,0
2024-07-24,P0029,40,0,0,40,0
2024-07-24,P0030,18,0,0,18,0
2024-07-24,P0031,337,0,0,337,0
2024-07-24,P0032,17,0,4,13,0
2024-07-24,P0033,93,0,0,93,0
2024-07-24,P0034,144,19,0,163,0
2024-07-24,P0035,0,0,0,0,0
2024-07-24,P0036,14,0,5,9,0
2024-07-24,P0037,93,0,2,91,0
2024-07-24,P0038,105,0,1,104,0
2024-07-24,P0039,39,0,1,38,0
2024-07-24,P0040,102,0,0,102,0
2024-07-24,P0041,136,0,4,132,0
2024-07-24,P0042,136,0,0,136,0
2024-07-24,P0043,200,20,0,220,0
2024-07-24,P0044,270,0,12,258,0
2024-07-24,P0045,116,11,2,125,0
2024-07-24,P0046,35,0,2,33,0
2024-07-24,P0047,48,0,4,44,0
2024-07-24,P0048,40,0,3,37,0
2024-07-24,P0049,120,0,0,120,0
2024-07-24,P0050,94,0,0,94,0
2024-07-24,P0051,86,0,1,85,0
2024-07-24,P0052,191,0,0,191,0
2024-07-24,P0053,0,0,2,0,0
2024-07-24,P0054,95,17,0,112,0
2024-07-24,P0055,355,0,0,355,0
2024-07-24,P0056,37,0,2,35,0
2024-07-24,P0057,234,0,0,234,0
2024-07-24,P0058,17,0,9,8,0
2024-07-24,P0059,0,0,9,0,0
2024-07-24,P0060,0,0,16,0,0
2024-07-24,P0061,60,0,0,60,0
2024-07-24,P0062,224,0,0,224,0
2024-07-24,P0063,32,0,8,24,0
2024-07-24,P0064,169,0,0,169,0
2024-07-24,P0065,85,117,15,187,0
2024-07-24,P0066,0,0,11,0,0
2024-07-24,P0067,0,0,1,0,0
2024-07-24,P0068,177,17,3,191,0
2024-07-24,P0069,147,0,0,147,0
2024-07-24,P0070,91,0,7,84,0
2024-07-24,P0071,148,0,0,148,0
2024-07-24,P0072,239,0,0,239,0
2024-07-24,P0073,12,0,0,12,0
2024-07-24,P0074,45,46,22,69,0
2024-07-24,P0075,0,0,1,0,0
2024-07-24,P0076,49,0,1,48,0
2024-07-24,P0077,274,0,3,271,0
2024-07-24,P0078,45,0,0,45,0
2024-07-24,P0079,131,240,23,348,0
2024-07-24,P0080,282,0,0,282,0
2024-07-25,P0001,26,0,5,21,0
2024-07-25,P0002,308,12,0,320,0
2024-07-25,P0003,35,0,3,32,0
2024-07-25,P0004,59,0,1,58,0
2024-07-25,P0005,129,0,0,129,0
2024-07-25,P0006,92,0,4,88,0
2024-07-25,P0007,274,0,2,272,0
2024-07-25,P0008,221,0,0,221,0
2024-07-25,P0009,122,0,0,122,0
2024-07-25,P0010,0,0,12,0,0
2024-07-25,P0011,0,0,0,0,0
2024-07-25,P0012,185,0,0,185,0
2024-07-25,P0013,94,0,0,93,1
2024-07-25,P0014,45,0,7,38,0
2024-07-25,P0015,46,40,10,76,0
2024-07-25,P0016,0,0,13,0,0
2024-07-25,P0017,11,0,1,10,0
2024-07-25,P0018,62,0,8,54,0
2024-07-25,P0019,269,0,0,269,0
2024-07-25,P0020,197,0,0,197,0
2024-07-25,P0021,0,0,4,0,0
2024-07-25,P0022,34,0,0,34,0
2024-07-25,P0023,237,0,0,237,0
2024-07-25,P0024,161,0,0,161,0
2024-07-25,P0025,40,0,0,40,0
2024-07-25,P0026,267,0,0,267,0
2024-07-25,P0027,201,0,0,201,0
2024-07-25,P0028,5,0,0,5,0
2024-07-25,P0029,40,0,1,39,0
2024-07-25,P0030,18,0,2,16,0
2024-07-25,P0031,337,0,0,337,0
2024-07-25,P0032,13,0,0,13,0
2024-07-25,P0033,93,0,0,93,0
2024-07-25,P0034,163,0,0,163,0
2024-07-25,P0035,0,0,2,0,0
2024-07-25,P0036,9,0,0,9,0
2024-07-25,P0037,91,0,2,89,0
2024-07-25,P0038,104,0,0,104,0
2024-07-25,P0039,38,0,0,38,0
2024-07-25,P0040,102,0,0,102,0
2024-07-25,P0041,132,19,0,151,0
2024-07-25,P0042,136,0,0,136,0
2024-07-25,P0043,220,0,0,220,0
2024-07-25,P0044,258,0,18,240,0
2024-07-25,P0045,125,0,0,125,0
2024-07-25,P0046,33,0,1,32,0
2024-07-25,P0047,44,0,4,40,0
2024-07-25,P0048,37,35,3,69,0
2024-07-25,P0049,120,0,0,120,0
2024-07-25,P0050,94,0,3,91,0
2024-07-25,P0051,85,0,5,80,0
2024-07-25,P0052,191,0,0,191,0
2024-07-25,P0053,0,0,11,0,0
2024-07-25,P0054,112,0,0,112,0
2024-07-25,P0055,355,0,0,355,0
2024-07-25,P0056,35,0,0,35,0
2024-07-25,P0057,234,0,0,234,0
2024-07-25,P0058,8,0,11,0,0
2024-07-25,P0059,0,0,14,0,0
2024-07-25,P0060,0,0,8,0,0
2024-07-25,P0061,60,0,0,60,0
2024-07-25,P0062,224,0,0,224,0
2024-07-25,P0063,24,0,7,17,0
2024-07-25,P0064,169,0,0,169,0
2024-07-25,P0065,187,0,14,173,0
2024-07-25,P0066,0,0,20,0,0
2024-07-25,P0067,0,0,6,0,0
2024-07-25,P0068,191,0,0,191,0
2024-07-25,P0069,147,0,0,147,0
2024-07-25,P0070,84,0,13,71,0
2024-07-25,P0071,148,0,0,148,0
2024-07-25,P0072,239,0,0,239,0
2024-07-25,P0073,12,20,0,32,0
2024-07-25,P0074,69,0,6,61,2
2024-07-25,P0075,0,0,7,0,0
2024-07-25,P0076,48,0,2,46,0
2024-07-25,P0077,271,0,0,271,0
2024-07-25,P0078,45,20,0,65,0
2024-07-25,P0079,348,0,26,322,0
2024-07-25,P0080,282,0,0,282,0
2024-07-26,P0001,21,0,2,19,0
2024-07-26,P0002,320,0,0,320,0
2024-07-26,P0003,32,0,4,28,0
2024-07-26,P0004,58,0,12,46,0
2024-07-26,P0005,129,0,5,124,0
2024-07-26,P0006,88,12,0,100,0
2024-07-26,P0007,272,0,0,272,0
2024-07-26,P0008,221,0,0,221,0
2024-07-26,P0009,122,51,11,162,0
2024-07-26,P0010,0,0,9,0,0
2024-07-26,P0011,0,0,0,0,0
2024-07-26,P0012,185,0,0,185,0
2024-07-26,P0013,93,0,0,90,3
2024-07-26,P0014,38,0,2,36,0
2024-07-26,P0015,76,0,4,72,0
2024-07-26,P0016,0,26,0,26,0
2024-07-26,P0017,10,0,4,6,0
2024-07-26,P0018,54,0,3,51,0
2024-07-26,P0019,269,0,0,269,0
2024-07-26,P0020,197,0,0,197,0
2024-07-26,P0021,0,0,9,0,0
2024-07-26,P0022,34,0,2,32,0
2024-07-26,P0023,237,0,0,237,0
2024-07-26,P0024,161,0,0,161,0
2024-07-26,P0025,40,0,5,35,0
2024-07-26,P0026,267,0,0,267,0
2024-07-26,P0027,201,0,0,201,0
2024-07-26,P0028,5,0,3,2,0
2024-07-26,P0029,39,0,1,38,0
2024-07-26,P0030,16,0,0,16,0
2024-07-26,P0031,337,0,4,333,0
2024-07-26,P0032,13,0,5,8,0
2024-07-26,P0033,93,0,1,92,0
2024-07-26,P0034,163,0,3,160,0
2024-07-26,P0035,0,0,1,0,0
2024-07-26,P0036,9,0,5,4,0
2024-07-26,P0037,89,32,2,119,0
2024-07-26,P0038,104,0,2,102,0
2024-07-26,P0039,38,0,1,37,0
2024-07-26,P0040,102,0,0,102,0
2024-07-26,P0041,151,0,0,151,0
2024-07-26,P0042,136,0,0,136,0
2024-07-26,P0043,220,0,0,220,0
2024-07-26,P0044,240,0,12,228,0
2024-07-26,P0045,125,16,1,140,0
2024-07-26,P0046,32,0,0,32,0
2024-07-26,P0047,40,0,3,37,0
2024-07-26,P0048,69,0,5,64,0
2024-07-26,P0049,120,0,2,118,0
2024-07-26,P0050,91,0,8,83,0
2024-07-26,P0051,80,0,2,78,0
2024-07-26,P0052,191,0,0,191,0
2024-07-26,P0053,0,0,0,0,0
2024-07-26,P0054,112,0,0,112,0
2024-07-26,P0055,355,0,0,355,0
2024-07-26,P0056,35,0,3,32,0
2024-07-26,P0057,234,0,0,234,0
2024-07-26,P0058,0,0,14,0,1
2024-07-26,P0059,0,0,20,0,0
2024-07-26,P0060,0,0,8,0,0
2024-07-26,P0061,60,0,0,60,0
2024-07-26,P0062,224,15,0,239,0
2024-07-26,P0063,17,0,6,11,0
2024-07-26,P0064,169,0,0,169,0
2024-07-26,P0065,173,0,3,170,0
2024-07-26,P0066,0,0,16,0,0
2024-07-26,P0067,0,0,10,0,0
2024-07-26,P0068,191,0,0,191,0
2024-07-26,P0069,147,0,0,147,0
2024-07-26,P0070,71,0,6,65,0
2024-07-26,P0071,148,11,0,159,0
2024-07-26,P0072,239,0,2,237,0
2024-07-26,P0073,32,0,3,29,0
2024-07-26,P0074,61,0,22,39,0
2024-07-26,P0075,0,0,8,0,0
2024-07-26,P0076,46,0,2,44,0
2024-07-26,P0077,271,0,0,271,0
2024-07-26,P0078,65,0,0,65,0
2024-07-26,P0079,322,0,41,281,0
2024-07-26,P0080,282,0,0,282,0
2024-07-27,P0001,19,0,3,16,0
2024-07-27,P0002,320,0,3,317,0
2024-07-27,P0003,28,0,1,27,0
2024-07-27,P0004,46,0,9,37,0
2024-07-27,P0005,124,0,0,124,0
2024-07-27,P0006,100,0,0,100,0
2024-07-27,P0007,272,0,0,272,0
2024-07-27,P0008,221,0,0,221,0
2024-07-27,P0009,162,0,5,157,0
2024-07-27,P0010,0,0,7,0,0
2024-07-27,P0011,0,0,5,0,0
2024-07-27,P0012,185,0,0,185,0
2024-07-27,P0013,90,0,4,86,0
2024-07-27,P0014,36,0,19,17,0
2024-07-27,P0015,72,0,6,66,0
2024-07-27,P0016,26,27,6,47,0
2024-07-27,P0017,6,0,2,4,0
2024-07-27,P0018,51,0,4,47,0
2024-07-27,P0019,269,0,0,269,0
2024-07-27,P0020,197,0,0,195,2
2024-07-27,P0021,0,0,8,0,0
2024-07-27,P0022,32,0,1,28,3
2024-07-27,P0023,237,0,2,235,0
2024-07-27,P0024,161,0,4,157,0
2024-07-27,P0025,35,0,1,34,0
2024-07-27,P0026,267,0,0,267,0
2024-07-27,P0027,201,0,0,201,0
2024-07-27,P0028,2,0,0,2,0
2024-07-27,P0029,38,0,3,35,0
2024-07-27,P0030,16,0,0,16,0
2024-07-27,P0031,333,18,2,349,0
2024-07-27,P0032,8,0,0,8,0
2024-07-27,P0033,92,0,0,92,0
2024-07-27,P0034,160,0,0,160,0
2024-07-27,P0035,0,0,4,0,0
2024-07-27,P0036,4,0,4,0,0
2024-07-27,P0037,119,0,1,118,0
2024-07-27,P0038,102,0,4,98,0
2024-07-27,P0039,37,0,3,34,0
2024-07-27,P0040,102,0,0,102,0
2024-07-27,P0041,151,0,0,151,0
2024-07-27,P0042,136,0,0,136,0
2024-07-27,P0043,220,0,4,216,0
2024-07-27,P0044,228,0,26,202,0
2024-07-27,P0045,140,0,3,137,0
2024-07-27,P0046,32,0,17,15,0
2024-07-27,P0047,37,0,1,36,0
2024-07-27,P0048,64,0,2,62,0
2024-07-27,P0049,118,0,3,115,0
2024-07-27,P0050,83,0,1,82,0
2024-07-27,P0051,78,0,2,76,0
2024-07-27,P0052,191,0,0,191,0
2024-07-27,P0053,0,0,3,0,0
2024-07-27,P0054,112,15,0,127,0
2024-07-27,P0055,355,0,0,355,0
2024-07-27,P0056,32,0,7,25,0
2024-07-27,P0057,234,0,0,234,0
2024-07-27,P0058,0,78,7,71,0
2024-07-27,P0059,0,0,24,0,0
2024-07-27,P0060,0,0,9,0,0
2024-07-27,P0061,60,0,0,60,0
2024-07-27,P0062,239,0,1,238,0
2024-07-27,P0063,11,46,12,45,0
2024-07-27,P0064,169,0,2,167,0
2024-07-27,P0065,170,0,15,155,0
2024-07-27,P0066,0,100,21,79,0
2024-07-27,P0067,0,23,4,19,0
2024-07-27,P0068,191,0,1,190,0
2024-07-27,P0069,147,0,0,147,0
2024-07-27,P0070,65,0,10,55,0
2024-07-27,P0071,159,0,1,158,0
2024-07-27,P0072,237,0,1,236,0
2024-07-27,P0073,29,0,4,25,0
2024-07-27,P0074,39,0,20,19,0
2024-07-27,P0075,0,0,0,0,0
2024-07-27,P0076,44,14,4,54,0
2024-07-27,P0077,271,0,1,270,0
2024-07-27,P0078,65,0,0,65,0
2024-07-27,P0079,281,0,45,236,0
2024-07-27,P0080,282,0,4,278,0
2024-07-28,P0001,16,0,6,10,0
2024-07-28,P0002,317,0,0,317,0
2024-07-28,P0003,27,0,0,27,0
2024-07-28,P0004,37,0,4,33,0
2024-07-28,P0005,124,0,2,122,0
2024-07-28,P0006,100,0,0,100,0
2024-07-28,P0007,272,0,0,272,0
2024-07-28,P0008,221,0,1,220,0
2024-07-28,P0009,157,0,8,149,0
2024-07-28,P0010,0,0,4,0,0
2024-07-28,P0011,0,0,0,0,0
2024-07-28,P0012,185,0,0,185,0
2024-07-28,P0013,86,0,2,84,0
2024-07-28,P0014,17,0,5,12,0
2024-07-28,P0015,66,0,6,60,0
2024-07-28,P0016,47,43,7,83,0
2024-07-28,P0017,4,0,4,0,0
2024-07-28,P0018,47,0,6,41,0
2024-07-28,P0019,269,0,2,267,0
2024-07-28,P0020,195,0,1,194,0
2024-07-28,P0021,0,0,8,0,0
2024-07-28,P0022,28,0,0,28,0
2024-07-28,P0023,235,0,0,235,0
2024-07-28,P0024,157,0,0,157,0
2024-07-28,P0025,34,0,2,32,0
2024-07-28,P0026,267,0,0,267,0
2024-07-28,P0027,201,0,0,201,0
2024-07-28,P0028,2,0,0,2,0
2024-07-28,P0029,35,0,3,32,0
2024-07-28,P0030,16,0,0,16,0
2024-07-28,P0031,349,0,0,349,0
2024-07-28,P0032,8,31,2,37,0
2024-07-28,P0033,92,0,0,92,0
2024-07-28,P0034,160,0,0,160,0
2024-07-28,P0035,0,0,1,0,0
2024-07-28,P0036,0,0,9,0,0
2024-07-28,P0037,118,0,2,116,0
2024-07-28,P0038,98,0,1,97,0
2024-07-28,P0039,34,0,1,33,0
2024-07-28,P0040,102,0,2,100,0
2024-07-28,P0041,151,0,0,151,0
2024-07-28,P0042,136,0,0,136,0
2024-07-28,P0043,216,0,2,214,0
2024-07-28,P0044,202,0,18,184,0
2024-07-28,P0045,137,0,5,132,0
2024-07-28,P0046,15,0,4,11,0
2024-07-28,P0047,36,18,0,54,0
2024-07-28,P0048,62,0,4,58,0
2024-07-28,P0049,115,0,8,107,0
2024-07-28,P0050,82,0,5,77,0
2024-07-28,P0051,76,0,8,68,0
2024-07-28,P0052,191,0,0,191,0
2024-07-28,P0053,0,0,0,0,0
2024-07-28,P0054,127,0,0,127,0
2024-07-28,P0055,355,0,0,355,0
2024-07-28,P0056,25,0,0,25,0
2024-07-28,P0057,234,0,0,234,0
2024-07-28,P0058,71,0,11,60,0
2024-07-28,P0059,0,0,10,0,0
2024-07-28,P0060,0,0,9,0,0
2024-07-28,P0061,60,0,2,58,0
2024-07-28,P0062,238,0,0,238,0
2024-07-28,P0063,45,0,14,31,0
2024-07-28,P0064,167,10,0,177,0
2024-07-28,P0065,155,0,32,123,0
2024-07-28,P0066,79,0,25,54,0
2024-07-28,P0067,19,22,8,33,0
2024-07-28,P0068,190,0,0,190,0
2024-07-28,P0069,147,0,5,142,0
2024-07-28,P0070,55,0,7,48,0
2024-07-28,P0071,158,0,3,155,0
2024-07-28,P0072,236,0,0,236,0
2024-07-28,P0073,25,0,6,19,0
2024-07-28,P0074,19,0,9,10,0
2024-07-28,P0075,0,0,0,0,0
2024-07-28,P0076,54,0,2,52,0
2024-07-28,P0077,270,0,3,267,0
2024-07-28,P0078,65,0,0,65,0
2024-07-28,P0079,236,0,67,169,0
2024-07-28,P0080,278,0,0,278,0
2024-07-29,P0001,10,0,6,4,0
2024-07-29,P0002,317,0,0,317,0
2024-07-29,P0003,27,0,0,27,0
2024-07-29,P0004,33,0,2,31,0
2024-07-29,P0005,122,0,0,122,0
2024-07-29,P0006,100,0,0,100,0
2024-07-29,P0007,272,0,0,272,0
2024-07-29,P0008,220,10,1,229,0
2024-07-29,P0009,149,0,3,146,0
2024-07-29,P0010,0,0,4,0,0
2024-07-29,P0011,0,0,2,0,0
2024-07-29,P0012,185,0,0,185,0
2024-07-29,P0013,84,0,0,84,0
2024-07-29,P0014,12,0,1,11,0
2024-07-29,P0015,60,0,1,59,0
2024-07-29,P0016,83,0,14,69,0
2024-07-29,P0017,0,0,5,0,0
2024-07-29,P0018,41,0,0,41,0
2024-07-29,P0019,267,0,0,267,0
2024-07-29,P0020,194,0,2,192,0
2024-07-29,P0021,0,0,7,0,0
2024-07-29,P0022,28,0,1,24,3
2024-07-29,P0023,235,12,0,247,0
2024-07-29,P0024,157,0,0,157,0
2024-07-29,P0025,32,0,0,32,0
2024-07-29,P0026,267,0,2,265,0
2024-07-29,P0027,201,0,0,201,0
2024-07-29,P0028,2,0,1,1,0
2024-07-29,P0029,32,0,1,31,0
2024-07-29,P0030,16,0,1,15,0
2024-07-29,P0031,349,0,1,348,0
2024-07-29,P0032,37,25,1,61,0
2024-07-29,P0033,92,12,1,103,0
2024-07-29,P0034,160,0,0,160,0
2024-07-29,P0035,0,0,1,0,0
2024-07-29,P0036,0,0,1,0,0
2024-07-29,P0037,116,0,8,108,0
2024-07-29,P0038,97,0,2,95,0
2024-07-29,P0039,33,0,0,33,0
2024-07-29,P0040,100,0,0,97,3
2024-07-29,P0041,151,0,3,148,0
2024-07-29,P0042,136,0,0,136,0
2024-07-29,P0043,214,0,0,214,0
2024-07-29,P0044,184,0,29,155,0
2024-07-29,P0045,132,0,1,131,0
2024-07-29,P0046,11,0,3,8,0
2024-07-29,P0047,54,0,0,54,0
2024-07-29,P0048,58,0,1,57,0
2024-07-29,P0049,107,0,3,104,0
2024-07-29,P0050,77,22,0,99,0
2024-07-29,P0051,68,0,4,64,0
2024-07-29,P0052,191,0,0,191,0
2024-07-29,P0053,0,23,0,23,0
2024-07-29,P0054,127,16,0,143,0
2024-07-29,P0055,355,0,0,355,0
2024-07-29,P0056,25,0,3,20,2
2024-07-29,P0057,234,15,0,249,0
2024-07-29,P0058,60,0,10,50,0
2024-07-29,P0059,0,0,10,0,0
2024-07-29,P0060,0,0,8,0,0
2024-07-29,P0061,58,0,5,53,0
2024-07-29,P0062,238,0,0,238,0
2024-07-29,P0063,31,0,6,25,0
2024-07-29,P0064,177,0,0,177,0
2024-07-29,P0065,123,0,11,112,0
2024-07-29,P0066,54,0,7,47,0
2024-07-29,P0067,33,0,4,29,0
2024-07-29,P0068,190,0,0,190,0
2024-07-29,P0069,142,0,5,137,0
2024-07-29,P0070,48,0,3,45,0
2024-07-29,P0071,155,0,1,154,0
2024-07-29,P0072,236,0,0,236,0
2024-07-29,P0073,19,0,2,17,0
2024-07-29,P0074,10,0,18,0,0
2024-07-29,P0075,0,0,2,0,0
2024-07-29,P0076,52,0,1,51,0
2024-07-29,P0077,267,0,0,267,0
2024-07-29,P0078,65,0,0,65,0
2024-07-29,P0079,169,0,30,139,0
2024-07-29,P0080,278,0,0,278,0
2024-07-30,P0001,4,48,12,40,0
2024-07-30,P0002,317,0,2,315,0
2024-07-30,P0003,27,0,0,27,0
2024-07-30,P0004,31,0,4,27,0
2024-07-30,P0005,122,0,1,121,0
2024-07-30,P0006,100,0,0,100,0
2024-07-30,P0007,272,0,2,270,0
2024-07-30,P0008,229,0,0,229,0
2024-07-30,P0009,146,0,10,136,0
2024-07-30,P0010,0,0,11,0,0
2024-07-30,P0011,0,0,7,0,0
2024-07-30,P0012,185,0,0,185,0
2024-07-30,P0013,84,0,1,83,0
2024-07-30,P0014,11,0,0,11,0
2024-07-30,P0015,59,0,13,46,0
2024-07-30,P0016,69,36,6,99,0
2024-07-30,P0017,0,0,2,0,0
2024-07-30,P0018,41,0,4,37,0
2024-07-30,P0019,267,0,0,267,0
2024-07-30,P0020,192,0,0,192,0
2024-07-30,P0021,0,0,17,0,0
2024-07-30,P0022,24,0,10,14,0
2024-07-30,P0023,247,0,0,247,0
2024-07-30,P0024,157,0,0,157,0
2024-07-30,P0025,32,0,0,32,0
2024-07-30,P0026,265,0,0,265,0
2024-07-30,P0027,201,0,0,201,0
2024-07-30,P0028,1,0,0,0,3
2024-07-30,P0029,31,0,3,28,0
2024-07-30,P0030,15,0,1,14,0
2024-07-30,P0031,348,0,0,348,0
2024-07-30,P0032,61,0,1,60,0
2024-07-30,P0033,103,0,0,103,0
2024-07-30,P0034,160,0,0,160,0
2024-07-30,P0035,0,0,1,0,0
2024-07-30,P0036,0,0,0,0,0
2024-07-30,P0037,108,0,1,107,0
2024-07-30,P0038,95,0,1,94,0
2024-07-30,P0039,33,19,7,45,0
2024-07-30,P0040,97,0,0,97,0
2024-07-30,P0041,148,0,0,148,0
2024-07-30,P0042,136,0,0,136,0
2024-07-30,P0043,214,20,3,231,0
2024-07-30,P0044,155,0,15,140,0
2024-07-30,P0045,131,0,0,131,0
2024-07-30,P0046,8,0,6,2,0
2024-07-30,P0047,54,0,6,48,0
2024-07-30,P0048,57,0,11,46,0
2024-07-30,P0049,104,0,0,104,0
2024-07-30,P0050,99,0,1,98,0
2024-07-30,P0051,64,0,0,64,0
2024-07-30,P0052,191,0,0,191,0
2024-07-30,P0053,23,0,1,22,0
2024-07-30,P0054,143,20,2,161,0
2024-07-30,P0055,355,0,0,355,0
2024-07-30,P0056,20,0,2,18,0
2024-07-30,P0057,249,0,0,249,0
2024-07-30,P0058,50,40,10,80,0
2024-07-30,P0059,0,0,28,0,0
2024-07-30,P0060,0,0,2,0,0
2024-07-30,P0061,53,0,0,53,0
2024-07-30,P0062,238,0,0,238,0
2024-07-30,P0063,25,0,3,22,0
2024-07-30,P0064,177,0,3,174,0
2024-07-30,P0065,112,0,16,96,0
2024-07-30,P0066,47,0,9,38,0
2024-07-30,P0067,29,0,4,25,0
2024-07-30,P0068,190,0,0,190,0
2024-07-30,P0069,137,0,1,136,0
2024-07-30,P0070,45,0,5,39,1
2024-07-30,P0071,154,0,0,154,0
2024-07-30,P0072,236,0,3,233,0
2024-07-30,P0073,17,0,0,17,0
2024-07-30,P0074,0,0,12,0,0
2024-07-30,P0075,0,0,4,0,0
2024-07-30,P0076,51,0,2,49,0
2024-07-30,P0077,267,0,0,267,0
2024-07-30,P0078,65,0,5,60,0
2024-07-30,P0079,139,0,11,128,0
2024-07-30,P0080,278,0,5,273,0
2024-07-31,P0001,40,0,8,32,0
2024-07-31,P0002,315,0,0,315,0
2024-07-31,P0003,27,0,1,26,0
2024-07-31,P0004,27,0,1,26,0
2024-07-31,P0005,121,0,4,117,0
2024-07-31,P0006,100,0,0,100,0
2024-07-31,P0007,270,0,0,270,0
2024-07-31,P0008,229,0,0,229,0
2024-07-31,P0009,136,0,18,118,0
2024-07-31,P0010,0,0,2,0,0
2024-07-31,P0011,0,0,3,0,0
2024-07-31,P0012,185,0,1,184,0
2024-07-31,P0013,83,0,0,83,0
2024-07-31,P0014,11,23,4,30,0
2024-07-31,P0015,46,0,9,37,0
2024-07-31,P0016,99,0,8,91,0
2024-07-31,P0017,0,0,2,0,0
2024-07-31,P0018,37,0,2,35,0
2024-07-31,P0019,267,0,0,267,0
2024-07-31,P0020,192,0,0,192,0
2024-07-31,P0021,0,0,17,0,0
2024-07-31,P0022,14,16,3,27,0
2024-07-31,P0023,247,0,0,247,0
2024-07-31,P0024,157,0,4,153,0
2024-07-31,P0025,32,0,2,30,0
2024-07-31,P0026,265,0,0,265,0
2024-07-31,P0027,201,12,0,213,0
2024-07-31,P0028,0,0,0,0,0
2024-07-31,P0029,28,0,5,23,0
2024-07-31,P0030,14,0,3,11,0
2024-07-31,P0031,348,0,2,346,0
2024-07-31,P0032,60,0,3,57,0
2024-07-31,P0033,103,0,1,102,0
2024-07-31,P0034,160,0,2,158,0
2024-07-31,P0035,0,0,5,0,0
2024-07-31,P0036,0,0,0,0,0
2024-07-31,P0037,107,0,2,105,0
2024-07-31,P0038,94,0,0,94,0
2024-07-31,P0039,45,0,2,43,0
2024-07-31,P0040,97,0,0,97,0
2024-07-31,P0041,148,0,1,147,0
2024-07-31,P0042,136,0,0,136,0
2024-07-31,P0043,231,0,1,230,0
2024-07-31,P0044,140,0,13,127,0
2024-07-31,P0045,131,0,3,128,0
2024-07-31,P0046,2,0,8,0,0
2024-07-31,P0047,48,0,8,40,0
2024-07-31,P0048,46,0,1,45,0
2024-07-31,P0049,104,0,1,103,0
2024-07-31,P0050,98,0,4,94,0
2024-07-31,P0051,64,0,0,64,0
2024-07-31,P0052,191,0,3,188,0
2024-07-31,P0053,22,0,0,22,0
2024-07-31,P0054,161,0,2,159,0
2024-07-31,P0055,355,0,0,355,0
2024-07-31,P0056,18,0,0,18,0
2024-07-31,P0057,249,0,0,249,0
2024-07-31,P0058,80,0,10,70,0
2024-07-31,P0059,0,0,11,0,0
2024-07-31,P0060,0,0,6,0,0
2024-07-31,P0061,53,0,0,53,0
2024-07-31,P0062,238,0,0,238,0
2024-07-31,P0063,22,0,15,7,0
2024-07-31,P0064,174,0,4,170,0
2024-07-31,P0065,96,0,3,93,0
2024-07-31,P0066,38,0,24,14,0
2024-07-31,P0067,25,0,6,19,0
2024-07-31,P0068,190,0,0,190,0
2024-07-31,P0069,136,0,0,136,0
2024-07-31,P0070,39,0,2,37,0
2024-07-31,P0071,154,0,0,154,0
2024-07-31,P0072,233,0,0,233,0
2024-07-31,P0073,17,0,0,17,0
2024-07-31,P0074,0,0,13,0,0
2024-07-31,P0075,0,0,5,0,0
2024-07-31,P0076,49,0,0,47,2
2024-07-31,P0077,267,0,0,267,0
2024-07-31,P0078,60,0,3,57,0
2024-07-31,P0079,128,0,13,115,0
2024-07-31,P0080,273,0,0,273,0
2024-08-01,P0001,32,0,0,32,0
2024-08-01,P0002,315,0,0,315,0
2024-08-01,P0003,26,0,0,26,0
2024-08-01,P0004,26,0,2,22,2
2024-08-01,P0005,117,0,2,115,0
2024-08-01,P0006,100,0,7,93,0
2024-08-01,P0007,270,0,0,270,0
2024-08-01,P0008,229,0,0,229,0
2024-08-01,P0009,118,0,1,117,0
2024-08-01,P0010,0,0,6,0,0
2024-08-01,P0011,0,0,9,0,0
2024-08-01,P0012,184,0,2,182,0
2024-08-01,P0013,83,0,0,83,0
2024-08-01,P0014,30,0,2,28,0
2024-08-01,P0015,37,0,7,27,3
2024-08-01,P0016,91,0,7,84,0
2024-08-01,P0017,0,0,1,0,0
2024-08-01,P0018,35,26,0,61,0
2024-08-01,P0019,267,19,0,286,0
2024-08-01,P0020,192,0,0,192,0
2024-08-01,P0021,0,0,3,0,0
2024-08-01,P0022,27,0,0,27,0
2024-08-01,P0023,247,0,1,246,0
2024-08-01,P0024,153,0,0,153,0
2024-08-01,P0025,30,0,0,30,0
2024-08-01,P0026,265,0,0,265,0
2024-08-01,P0027,213,0,0,213,0
2024-08-01,P0028,0,0,0,0,0
2024-08-01,P0029,23,0,2,21,0
2024-08-01,P0030,11,0,3,8,0
2024-08-01,P0031,346,0,0,346,0
2024-08-01,P0032,57,0,0,57,0
2024-08-01,P0033,102,0,0,102,0
2024-08-01,P0034,158,12,0,170,0
2024-08-01,P0035,0,16,6,10,0
2024-08-01,P0036,0,0,0,0,0
2024-08-01,P0037,105,0,5,100,0
2024-08-01,P0038,94,0,0,94,0
2024-08-01,P0039,43,0,0,43,0
2024-08-01,P0040,97,18,0,115,0
2024-08-01,P0041,147,0,0,147,0
2024-08-01,P0042,136,0,0,136,0
2024-08-01,P0043,230,0,0,227,3
2024-08-01,P0044,127,0,19,108,0
2024-08-01,P0045,128,0,2,126,0
2024-08-01,P0046,0,0,6,0,0
2024-08-01,P0047,40,13,4,49,0
2024-08-01,P0048,45,0,10,35,0
2024-08-01,P0049,103,0,0,103,0
2024-08-01,P0050,94,0,0,94,0
2024-08-01,P0051,64,0,2,62,0
2024-08-01,P0052,188,0,0,188,0
2024-08-01,P0053,22,0,3,19,0
2024-08-01,P0054,159,0,0,159,0
2024-08-01,P0055,355,0,0,355,0
2024-08-01,P0056,18,0,1,17,0
2024-08-01,P0057,249,0,2,247,0
2024-08-01,P0058,70,0,5,65,0
2024-08-01,P0059,0,0,17,0,0
2024-08-01,P0060,0,0,8,0,0
2024-08-01,P0061,53,0,1,52,0
2024-08-01,P0062,238,0,0,238,0
2024-08-01,P0063,7,0,3,4,0
2024-08-01,P0064,170,0,1,169,0
2024-08-01,P0065,93,0,12,81,0
2024-08-01,P0066,14,0,14,0,0
2024-08-01,P0067,19,0,2,17,0
2024-08-01,P0068,190,0,0,190,0
2024-08-01,P0069,136,0,4,132,0
2024-08-01,P0070,37,0,3,34,0
2024-08-01,P0071,154,0,5,149,0
2024-08-01,P0072,233,0,0,233,0
2024-08-01,P0073,17,0,1,16,0
2024-08-01,P0074,0,0,21,0,0
2024-08-01,P0075,0,0,2,0,0
2024-08-01,P0076,47,0,0,47,0
2024-08-01,P0077,267,0,0,267,0
2024-08-01,P0078,57,0,4,53,0
2024-08-01,P0079,115,129,25,219,0
2024-08-01,P0080,273,0,0,273,0
2024-08-02,P0001,32,0,7,25,0
2024-08-02,P0002,315,0,4,311,0
2024-08-02,P0003,26,0,1,25,0
2024-08-02,P0004,22,0,1,21,0
2024-08-02,P0005,115,0,0,115,0
2024-08-02,P0006,93,0,1,92,0
2024-08-02,P0007,270,0,0,270,0
2024-08-02,P0008,229,0,0,229,0
2024-08-02,P0009,117,0,19,98,0
2024-08-02,P0010,0,0,10,0,0
2024-08-02,P0011,0,0,0,0,0
2024-08-02,P0012,182,0,0,182,0
2024-08-02,P0013,83,0,0,83,0
2024-08-02,P0014,28,25,2,51,0
2024-08-02,P0015,27,0,12,15,0
2024-08-02,P0016,84,0,5,79,0
2024-08-02,P0017,0,0,0,0,0
2024-08-02,P0018,61,0,1,60,0
2024-08-02,P0019,286,0,0,286,0
2024-08-02,P0020,192,0,0,192,0
2024-08-02,P0021,0,0,10,0,0
2024-08-02,P0022,27,0,0,27,0
2024-08-02,P0023,246,0,0,246,0
2024-08-02,P0024,153,0,0,153,0
2024-08-02,P0025,30,0,4,26,0
2024-08-02,P0026,265,10,0,275,0
2024-08-02,P0027,213,0,0,213,0
2024-08-02,P0028,0,0,3,0,0
2024-08-02,P0029,21,0,1,20,0
2024-08-02,P0030,8,0,4,4,0
2024-08-02,P0031,346,0,0,346,0
2024-08-02,P0032,57,0,3,54,0
2024-08-02,P0033,102,0,0,102,0
2024-08-02,P0034,170,0,3,167,0
2024-08-02,P0035,10,0,3,7,0
2024-08-02,P0036,0,0,8,0,0
2024-08-02,P0037,100,0,13,84,3
2024-08-02,P0038,94,0,0,94,0
2024-08-02,P0039,43,0,0,43,0
2024-08-02,P0040,115,0,1,114,0
2024-08-02,P0041,147,0,5,142,0
2024-08-02,P0042,136,0,0,136,0
2024-08-02,P0043,227,19,0,246,0
2024-08-02,P0044,108,0,11,97,0
2024-08-02,P0045,126,0,0,126,0
2024-08-02,P0046,0,0,1,0,0
2024-08-02,P0047,49,0,0,49,0
2024-08-02,P0048,35,0,10,25,0
2024-08-02,P0049,103,0,0,103,0
2024-08-02,P0050,94,0,0,94,0
2024-08-02,P0051,62,0,1,61,0
2024-08-02,P0052,188,0,0,188,0
2024-08-02,P0053,19,0,5,14,0
2024-08-02,P0054,159,0,0,159,0
2024-08-02,P0055,355,16,0,371,0
2024-08-02,P0056,17,0,0,17,0
2024-08-02,P0057,247,0,0,245,2
2024-08-02,P0058,65,0,4,58,3
2024-08-02,P0059,0,0,16,0,0
2024-08-02,P0060,0,0,6,0,0
2024-08-02,P0061,52,0,3,49,0
2024-08-02,P0062,238,0,0,235,3
2024-08-02,P0063,4,0,6,0,0
2024-08-02,P0064,169,0,2,167,0
2024-08-02,P0065,81,77,10,148,0
2024-08-02,P0066,0,0,5,0,0
2024-08-02,P0067,17,0,4,13,0
2024-08-02,P0068,190,0,0,190,0
2024-08-02,P0069,132,0,0,132,0
2024-08-02,P0070,34,46,2,78,0
2024-08-02,P0071,149,0,0,149,0
2024-08-02,P0072,233,0,3,230,0
2024-08-02,P0073,16,0,0,16,0
2024-08-02,P0074,0,0,9,0,0
2024-08-02,P0075,0,0,3,0,0
2024-08-02,P0076,47,0,4,43,0
2024-08-02,P0077,267,0,0,267,0
2024-08-02,P0078,53,0,1,52,0
2024-08-02,P0079,219,0,30,189,0
2024-08-02,P0080,273,0,4,269,0
2024-08-03,P0001,25,0,13,12,0
2024-08-03,P0002,311,0,0,311,0
2024-08-03,P0003,25,0,2,20,3
2024-08-03,P0004,21,0,4,17,0
2024-08-03,P0005,115,17,2,130,0
2024-08-03,P0006,92,0,2,90,0
2024-08-03,P0007,270,0,5,265,0
2024-08-03,P0008,229,0,0,229,0
2024-08-03,P0009,98,0,7,91,0
2024-08-03,P0010,0,0,1,0,0
2024-08-03,P0011,0,0,7,0,0
2024-08-03,P0012,182,12,0,194,0
2024-08-03,P0013,83,0,0,83,0
2024-08-03,P0014,51,0,0,51,0
2024-08-03,P0015,15,0,8,7,0
2024-08-03,P0016,79,0,8,71,0
2024-08-03,P0017,0,0,5,0,0
2024-08-03,P0018,60,0,2,58,0
2024-08-03,P0019,286,0,0,285,1
2024-08-03,P0020,192,0,0,192,0
2024-08-03,P0021,0,0,18,0,0
2024-08-03,P0022,27,0,2,24,1
2024-08-03,P0023,246,0,0,246,0
2024-08-03,P0024,153,11,0,164,0
2024-08-03,P0025,26,0,1,25,0
2024-08-03,P0026,275,0,0,275,0
2024-08-03,P0027,213,0,0,213,0
2024-08-03,P0028,0,0,7,0,0
2024-08-03,P0029,20,0,3,17,0
2024-08-03,P0030,4,0,2,2,0
2024-08-03,P0031,346,0,3,343,0
2024-08-03,P0032,54,27,2,79,0
2024-08-03,P0033,102,16,0,118,0
2024-08-03,P0034,167,0,2,165,0
2024-08-03,P0035,7,0,1,6,0
2024-08-03,P0036,0,0,0,0,0
2024-08-03,P0037,84,0,8,76,0
2024-08-03,P0038,94,0,4,90,0
2024-08-03,P0039,43,0,2,41,0
2024-08-03,P0040,114,0,0,114,0
2024-08-03,P0041,142,0,1,141,0
2024-08-03,P0042,136,0,0,136,0
2024-08-03,P0043,246,0,0,246,0
2024-08-03,P0044,97,0,23,74,0
2024-08-03,P0045,126,0,2,124,0
2024-08-03,P0046,0,0,2,0,0
2024-08-03,P0047,49,0,3,46,0
2024-08-03,P0048,25,0,0,25,0
2024-08-03,P0049,103,15,4,114,0
2024-08-03,P0050,94,0,10,84,0
2024-08-03,P0051,61,20,6,75,0
2024-08-03,P0052,188,0,0,188,0
2024-08-03,P0053,14,0,12,2,0
2024-08-03,P0054,159,0,0,159,0
2024-08-03,P0055,371,0,0,371,0
2024-08-03,P0056,17,0,1,16,0
2024-08-03,P0057,245,0,0,245,0
2024-08-03,P0058,58,61,13,106,0
2024-08-03,P0059,0,0,25,0,0
2024-08-03,P0060,0,0,18,0,0
2024-08-03,P0061,49,0,0,49,0
2024-08-03,P0062,235,0,0,235,0
2024-08-03,P0063,0,0,3,0,0
2024-08-03,P0064,167,0,7,160,0
2024-08-03,P0065,148,0,28,120,0
2024-08-03,P0066,0,101,8,93,0
2024-08-03,P0067,13,0,7,6,0
2024-08-03,P0068,190,0,3,187,0
2024-08-03,P0069,132,0,0,132,0
2024-08-03,P0070,78,0,2,76,0
2024-08-03,P0071,149,0,1,148,0
2024-08-03,P0072,230,0,0,230,0
2024-08-03,P0073,16,0,2,14,0
2024-08-03,P0074,0,0,11,0,0
2024-08-03,P0075,0,0,2,0,0
2024-08-03,P0076,43,0,0,43,0
2024-08-03,P0077,267,0,4,263,0
2024-08-03,P0078,52,0,8,44,0
2024-08-03,P0079,189,0,20,169,0
2024-08-03,P0080,269,0,0,269,0
2024-08-04,P0001,12,0,10,2,0
2024-08-04,P0002,311,11,5,317,0
2024-08-04,P0003,20,26,3,43,0
2024-08-04,P0004,17,0,8,6,3
2024-08-04,P0005,130,0,1,129,0
2024-08-04,P0006,90,0,0,90,0
2024-08-04,P0007,265,0,3,262,0
2024-08-04,P0008,229,0,0,226,3
2024-08-04,P0009,91,0,2,89,0
2024-08-04,P0010,0,0,22,0,0
2024-08-04,P0011,0,0,0,0,0
2024-08-04,P0012,194,0,0,194,0
2024-08-04,P0013,83,0,0,83,0
2024-08-04,P0014,51,0,3,48,0
2024-08-04,P0015,7,0,2,5,0
2024-08-04,P0016,71,0,5,66,0
2024-08-04,P0017,0,0,5,0,0
2024-08-04,P0018,58,18,0,76,0
2024-08-04,P0019,285,0,2,283,0
2024-08-04,P0020,192,0,0,190,2
2024-08-04,P0021,0,0,7,0,0
2024-08-04,P0022,24,23,6,41,0
2024-08-04,P0023,246,0,0,246,0
2024-08-04,P0024,164,17,1,180,0
2024-08-04,P0025,25,0,5,20,0
2024-08-04,P0026,275,0,0,275,0
2024-08-04,P0027,213,0,0,213,0
2024-08-04,P0028,0,0,8,0,0
2024-08-04,P0029,17,0,3,14,0
2024-08-04,P0030,2,0,2,0,0
2024-08-04,P0031,343,0,1,342,0
2024-08-04,P0032,79,0,9,70,0
2024-08-04,P0033,118,0,0,118,0
2024-08-04,P0034,165,0,1,164,0
2024-08-04,P0035,6,0,9,0,3
2024-08-04,P0036,0,0,7,0,0
2024-08-04,P0037,76,0,8,68,0
2024-08-04,P0038,90,14,2,102,0
2024-08-04,P0039,41,0,0,41,0
2024-08-04,P0040,114,0,2,109,3
2024-08-04,P0041,141,0,0,141,0
2024-08-04,P0042,136,21,0,157,0
2024-08-04,P0043,246,13,0,259,0
2024-08-04,P0044,74,0,22,52,0
2024-08-04,P0045,124,0,4,120,0
2024-08-04,P0046,0,40,8,32,0
2024-08-04,P0047,46,0,1,45,0
2024-08-04,P0048,25,0,6,19,0
2024-08-04,P0049,114,0,1,113,0
2024-08-04,P0050,84,0,9,75,0
2024-08-04,P0051,75,0,1,74,0
2024-08-04,P0052,188,15,0,203,0
2024-08-04,P0053,2,0,0,2,0
2024-08-04,P0054,159,0,2,157,0
2024-08-04,P0055,371,0,0,371,0
2024-08-04,P0056,16,0,3,13,0
2024-08-04,P0057,245,0,2,243,0
2024-08-04,P0058,106,0,8,95,3
2024-08-04,P0059,0,0,5,0,0
2024-08-04,P0060,0,0,6,0,0
2024-08-04,P0061,49,0,2,47,0
2024-08-04,P0062,235,0,0,235,0
2024-08-04,P0063,0,0,12,0,0
2024-08-04,P0064,160,0,3,157,0
2024-08-04,P0065,120,0,19,101,0
2024-08-04,P0066,93,0,19,74,0
2024-08-04,P0067,6,0,8,0,0
2024-08-04,P0068,187,0,4,183,0
2024-08-04,P0069,132,0,0,132,0
2024-08-04,P0070,76,0,0,76,0
2024-08-04,P0071,148,0,0,148,0
2024-08-04,P0072,230,0,0,230,0
2024-08-04,P0073,14,0,0,14,0
2024-08-04,P0074,0,0,5,0,0
2024-08-04,P0075,0,0,1,0,0
2024-08-04,P0076,43,0,0,43,0
2024-08-04,P0077,263,0,0,263,0
2024-08-04,P0078,44,0,0,44,0
2024-08-04,P0079,169,0,40,129,0
2024-08-04,P0080,269,0,2,267,0
2024-08-05,P0001,2,0,2,0,0
2024-08-05,P0002,317,12,0,329,0
2024-08-05,P0003,43,14,2,55,0
2024-08-05,P0004,6,26,3,29,0
2024-08-05,P0005,129,0,0,129,0
2024-08-05,P0006,90,0,3,87,0
2024-08-05,P0007,262,0,0,262,0
2024-08-05,P0008,226,0,8,218,0
2024-08-05,P0009,89,0,17,72,0
2024-08-05,P0010,0,0,6,0,0
2024-08-05,P0011,0,0,4,0,0
2024-08-05,P0012,194,19,0,213,0
2024-08-05,P0013,83,0,0,82,1
2024-08-05,P0014,48,0,3,45,0
2024-08-05,P0015,5,0,7,0,0
2024-08-05,P0016,66,0,2,64,0
2024-08-05,P0017,0,0,3,0,0
2024-08-05,P0018,76,0,0,76,0
2024-08-05,P0019,283,0,2,281,0
2024-08-05,P0020,190,0,0,190,0
2024-08-05,P0021,0,0,10,0,0
2024-08-05,P0022,41,0,0,41,0
2024-08-05,P0023,246,0,0,246,0
2024-08-05,P0024,180,0,1,179,0
2024-08-05,P0025,20,0,1,19,0
2024-08-05,P0026,275,0,0,275,0
2024-08-05,P0027,213,17,2,228,0
2024-08-05,P0028,0,0,0,0,2
2024-08-05,P0029,14,0,0,14,0
2024-08-05,P0030,0,0,2,0,0
2024-08-05,P0031,342,0,3,339,0
2024-08-05,P0032,70,0,2,68,0
2024-08-05,P0033,118,0,1,117,0
2024-08-05,P0034,164,20,1,183,0
2024-08-05,P0035,0,0,4,0,0
2024-08-05,P0036,0,0,0,0,0
2024-08-05,P0037,68,0,2,66,0
2024-08-05,P0038,102,0,9,93,0
2024-08-05,P0039,41,0,0,41,0
2024-08-05,P0040,109,0,0,109,0
2024-08-05,P0041,141,0,0,141,0
2024-08-05,P0042,157,0,0,157,0
2024-08-05,P0043,259,0,0,259,0
2024-08-05,P0044,52,0,9,43,0
2024-08-05,P0045,120,0,5,115,0
2024-08-05,P0046,32,0,6,26,0
2024-08-05,P0047,45,0,0,45,0
2024-08-05,P0048,19,0,0,19,0
2024-08-05,P0049,113,0,3,110,0
2024-08-05,P0050,75,0,1,74,0
2024-08-05,P0051,74,0,0,74,0
2024-08-05,P0052,203,0,0,203,0
2024-08-05,P0053,2,0,6,0,0
2024-08-05,P0054,157,0,0,157,0
2024-08-05,P0055,371,0,0,371,0
2024-08-05,P0056,13,0,1,12,0
2024-08-05,P0057,243,0,0,243,0
2024-08-05,P0058,95,0,1,94,0
2024-08-05,P0059,0,0,10,0,0
2024-08-05,P0060,0,0,9,0,0
2024-08-05,P0061,47,0,0,47,0
2024-08-05,P0062,235,0,0,235,0
2024-08-05,P0063,0,0,15,0,1
2024-08-05,P0064,157,0,0,157,0
2024-08-05,P0065,101,125,10,216,0
2024-08-05,P0066,74,74,6,142,0
2024-08-05,P0067,0,0,6,0,0
2024-08-05,P0068,183,15,0,198,0
2024-08-05,P0069,132,0,0,132,0
2024-08-05,P0070,76,0,2,74,0
2024-08-05,P0071,148,0,0,148,0
2024-08-05,P0072,230,0,0,230,0
2024-08-05,P0073,14,0,1,13,0
2024-08-05,P0074,0,0,13,0,0
2024-08-05,P0075,0,0,6,0,0
2024-08-05,P0076,43,0,0,43,0
2024-08-05,P0077,263,0,0,263,0
2024-08-05,P0078,44,0,1,43,0
2024-08-05,P0079,129,0,40,89,0
2024-08-05,P0080,267,0,0,267,0
2024-08-06,P0001,0,0,15,0,3
2024-08-06,P0002,329,0,0,327,2
2024-08-06,P0003,55,0,0,55,0
2024-08-06,P0004,29,0,0,29,0
2024-08-06,P0005,129,0,0,129,0
2024-08-06,P0006,87,0,1,86,0
2024-08-06,P0007,262,20,0,282,0
2024-08-06,P0008,218,0,0,218,0
2024-08-06,P0009,72,0,3,69,0
2024-08-06,P0010,0,0,4,0,0
2024-08-06,P0011,0,0,4,0,0
2024-08-06,P0012,213,0,0,213,0
2024-08-06,P0013,82,0,2,80,0
2024-08-06,P0014,45,0,3,42,0
2024-08-06,P0015,0,0,2,0,0
2024-08-06,P0016,64,0,1,63,0
2024-08-06,P0017,0,0,2,0,0
2024-08-06,P0018,76,15,3,88,0
2024-08-06,P0019,281,0,0,281,0
2024-08-06,P0020,190,0,0,190,0
2024-08-06,P0021,0,0,6,0,0
2024-08-06,P0022,41,0,2,39,0
2024-08-06,P0023,246,0,1,245,0
2024-08-06,P0024,179,16,4,191,0
2024-08-06,P0025,19,0,1,18,0
2024-08-06,P0026,275,21,0,296,0
2024-08-06,P0027,228,0,0,228,0
2024-08-06,P0028,0,0,0,0,0
2024-08-06,P0029,14,0,0,14,0
2024-08-06,P0030,0,0,9,0,0
2024-08-06,P0031,339,0,3,336,0
2024-08-06,P0032,68,0,1,67,0
2024-08-06,P0033,117,0,0,117,0
2024-08-06,P0034,183,0,0,183,0
2024-08-06,P0035,0,0,3,0,0
2024-08-06,P0036,0,0,1,0,0
2024-08-06,P0037,66,0,0,66,0
2024-08-06,P0038,93,0,3,90,0
2024-08-06,P0039,41,0,0,41,0
2024-08-06,P0040,109,11,0,120,0
2024-08-06,P0041,141,0,1,140,0
2024-08-06,P0042,157,0,0,157,0
2024-08-06,P0043,259,0,2,257,0
2024-08-06,P0044,43,0,12,31,0
2024-08-06,P0045,115,11,1,125,0
2024-08-06,P0046,26,57,3,80,0
2024-08-06,P0047,45,0,0,45,0
2024-08-06,P0048,19,0,8,11,0
2024-08-06,P0049,110,0,0,110,0
2024-08-06,P0050,74,0,2,72,0
2024-08-06,P0051,74,0,2,72,0
2024-08-06,P0052,203,0,0,203,0
2024-08-06,P0053,0,0,0,0,0
2024-08-06,P0054,157,0,0,157,0
2024-08-06,P0055,371,0,0,371,0
2024-08-06,P0056,12,0,2,10,0
2024-08-06,P0057,243,0,0,243,0
2024-08-06,P0058,94,0,10,84,0
2024-08-06,P0059,0,0,16,0,0
2024-08-06,P0060,0,0,8,0,0
2024-08-06,P0061,47,0,0,47,0
2024-08-06,P0062,235,0,0,235,0
2024-08-06,P0063,0,0,0,0,0
2024-08-06,P0064,157,21,0,178,0
2024-08-06,P0065,216,0,29,187,0
2024-08-06,P0066,142,109,7,244,0
2024-08-06,P0067,0,0,6,0,0
2024-08-06,P0068,198,0,0,198,0
2024-08-06,P0069,132,0,1,131,0
2024-08-06,P0070,74,0,6,68,0
2024-08-06,P0071,148,0,0,148,0
2024-08-06,P0072,230,0,0,230,0
2024-08-06,P0073,13,0,0,13,0
2024-08-06,P0074,0,0,4,0,0
2024-08-06,P0075,0,29,0,28,1
2024-08-06,P0076,43,0,4,39,0
2024-08-06,P0077,263,0,1,262,0
2024-08-06,P0078,43,0,4,39,0
2024-08-06,P0079,89,0,17,72,0
2024-08-06,P0080,267,0,0,267,0
2024-08-07,P0001,0,0,4,0,0
2024-08-07,P0002,327,0,0,327,0
2024-08-07,P0003,55,0,1,54,0
2024-08-07,P0004,29,0,6,23,0
2024-08-07,P0005,129,0,0,129,0
2024-08-07,P0006,86,0,0,86,0
2024-08-07,P0007,282,0,1,281,0
2024-08-07,P0008,218,0,0,218,0
2024-08-07,P0009,69,0,12,57,0
2024-08-07,P0010,0,0,8,0,0
2024-08-07,P0011,0,0,5,0,0
2024-08-07,P0012,213,0,0,213,0
2024-08-07,P0013,80,22,0,102,0
2024-08-07,P0014,42,0,1,41,0
2024-08-07,P0015,0,0,11,0,0
2024-08-07,P0016,63,0,1,62,0
2024-08-07,P0017,0,0,0,0,0
2024-08-07,P0018,88,12,2,98,0
2024-08-07,P0019,281,12,0,293,0
2024-08-07,P0020,190,0,0,190,0
2024-08-07,P0021,0,0,5,0,0
2024-08-07,P0022,39,0,6,33,0
2024-08-07,P0023,245,0,0,245,0
2024-08-07,P0024,191,0,0,191,0
2024-08-07,P0025,18,0,2,16,0
2024-08-07,P0026,296,0,2,294,0
2024-08-07,P0027,228,0,0,228,0
2024-08-07,P0028,0,0,5,0,0
2024-08-07,P0029,14,0,0,14,0
2024-08-07,P0030,0,0,1,0,0
2024-08-07,P0031,336,0,0,336,0
2024-08-07,P0032,67,0,0,67,0
2024-08-07,P0033,117,0,0,117,0
2024-08-07,P0034,183,0,1,182,0
2024-08-07,P0035,0,0,0,0,0
2024-08-07,P0036,0,0,0,0,0
2024-08-07,P0037,66,0,4,62,0
2024-08-07,P0038,90,0,0,90,0
2024-08-07,P0039,41,0,0,41,0
2024-08-07,P0040,120,0,0,120,0
2024-08-07,P0041,140,0,6,134,0
2024-08-07,P0042,157,0,0,157,0
2024-08-07,P0043,257,0,2,255,0
2024-08-07,P0044,31,0,13,18,0
2024-08-07,P0045,125,0,4,121,0
2024-08-07,P0046,80,0,11,69,0
2024-08-07,P0047,45,0,1,44,0
2024-08-07,P0048,11,0,3,8,0
2024-08-07,P0049,110,0,2,108,0
2024-08-07,P0050,72,22,5,89,0
2024-08-07,P0051,72,0,4,68,0
2024-08-07,P0052,203,0,0,203,0
2024-08-07,P0053,0,0,2,0,0
2024-08-07,P0054,157,0,0,157,0
2024-08-07,P0055,371,0,4,367,0
2024-08-07,P0056,10,0,2,8,0
2024-08-07,P0057,243,15,1,257,0
2024-08-07,P0058,84,0,11,73,0
2024-08-07,P0059,0,70,22,48,0
2024-08-07,P0060,0,0,3,0,0
2024-08-07,P0061,47,0,9,38,0
2024-08-07,P0062,235,0,0,235,0
2024-08-07,P0063,0,0,4,0,0
2024-08-07,P0064,178,0,3,175,0
2024-08-07,P0065,187,0,16,171,0
2024-08-07,P0066,244,0,4,240,0
2024-08-07,P0067,0,0,5,0,0
2024-08-07,P0068,198,19,0,217,0
2024-08-07,P0069,131,0,0,131,0
2024-08-07,P0070,68,0,0,68,0
2024-08-07,P0071,148,0,2,146,0
2024-08-07,P0072,230,0,0,230,0
2024-08-07,P0073,13,0,0,13,0
2024-08-07,P0074,0,0,30,0,0
2024-08-07,P0075,28,0,7,21,0
2024-08-07,P0076,39,0,5,34,0
2024-08-07,P0077,262,0,1,261,0
2024-08-07,P0078,39,0,2,37,0
2024-08-07,P0079,72,0,15,57,0
2024-08-07,P0080,267,0,0,267,0
2024-08-08,P0001,0,0,6,0,0
2024-08-08,P0002,327,0,0,327,0
2024-08-08,P0003,54,0,0,54,0
2024-08-08,P0004,23,0,10,13,0
2024-08-08,P0005,129,0,3,126,0
2024-08-08,P0006,86,0,0,86,0
2024-08-08,P0007,281,0,1,280,0
2024-08-08,P0008,218,0,0,218,0
2024-08-08,P0009,57,0,1,56,0
2024-08-08,P0010,0,0,0,0,0
2024-08-08,P0011,0,0,0,0,0
2024-08-08,P0012,213,0,0,213,0
2024-08-08,P0013,102,0,0,102,0
2024-08-08,P0014,41,22,2,61,0
2024-08-08,P0015,0,0,7,0,0
2024-08-08,P0016,62,0,7,55,0
2024-08-08,P0017,0,0,0,0,0
2024-08-08,P0018,98,0,4,94,0
2024-08-08,P0019,293,0,0,293,0
2024-08-08,P0020,190,0,0,190,0
2024-08-08,P0021,0,0,2,0,0
2024-08-08,P0022,33,0,0,33,0
2024-08-08,P0023,245,0,0,242,3
2024-08-08,P0024,191,0,3,188,0
2024-08-08,P0025,16,0,1,15,0
2024-08-08,P0026,294,0,0,294,0
2024-08-08,P0027,228,0,0,226,2
2024-08-08,P0028,0,0,0,0,0
2024-08-08,P0029,14,0,0,14,0
2024-08-08,P0030,0,0,0,0,0
2024-08-08,P0031,336,14,0,350,0
2024-08-08,P0032,67,0,3,64,0
2024-08-08,P0033,117,0,0,117,0
2024-08-08,P0034,182,14,0,196,0
2024-08-08,P0035,0,0,3,0,0
2024-08-08,P0036,0,21,6,15,0
2024-08-08,P0037,62,0,8,54,0
2024-08-08,P0038,90,0,0,90,0
2024-08-08,P0039,41,0,8,33,0
2024-08-08,P0040,120,0,0,120,0
2024-08-08,P0041,134,0,0,134,0
2024-08-08,P0042,157,0,0,157,0
2024-08-08,P0043,255,0,0,255,0
2024-08-08,P0044,18,0,21,0,0
2024-08-08,P0045,121,0,2,119,0
2024-08-08,P0046,69,0,9,60,0
2024-08-08,P0047,44,0,1,43,0
2024-08-08,P0048,8,0,2,6,0
2024-08-08,P0049,108,0,0,108,0
2024-08-08,P0050,89,0,0,89,0
2024-08-08,P0051,68,0,2,66,0
2024-08-08,P0052,203,0,3,200,0
2024-08-08,P0053,0,0,7,0,0
2024-08-08,P0054,157,0,0,157,0
2024-08-08,P0055,367,0,0,367,0
2024-08-08,P0056,8,0,1,7,0
2024-08-08,P0057,257,0,0,257,0
2024-08-08,P0058,73,0,22,51,0
2024-08-08,P0059,48,0,11,37,0
2024-08-08,P0060,0,0,3,0,0
2024-08-08,P0061,38,0,3,35,0
2024-08-08,P0062,235,0,0,235,0
2024-08-08,P0063,0,0,7,0,0
2024-08-08,P0064,175,0,2,173,0
2024-08-08,P0065,171,0,9,162,0
2024-08-08,P0066,240,105,15,330,0
2024-08-08,P0067,0,0,1,0,0
2024-08-08,P0068,217,0,0,217,0
2024-08-08,P0069,131,0,2,129,0
2024-08-08,P0070,68,0,4,64,0
2024-08-08,P0071,146,0,0,146,0
2024-08-08,P0072,230,0,0,230,0
2024-08-08,P0073,13,0,0,13,0
2024-08-08,P0074,0,0,16,0,0
2024-08-08,P0075,21,24,3,42,0
2024-08-08,P0076,34,0,0,34,0
2024-08-08,P0077,261,16,1,276,0
2024-08-08,P0078,37,0,0,37,0
2024-08-08,P0079,57,0,23,32,2
2024-08-08,P0080,267,0,3,264,0
2024-08-09,P0001,0,0,2,0,0
2024-08-09,P0002,327,0,0,327,0
2024-08-09,P0003,54,0,1,53,0
2024-08-09,P0004,13,0,0,13,0
2024-08-09,P0005,126,0,0,126,0
2024-08-09,P0006,86,0,1,85,0
2024-08-09,P0007,280,0,5,275,0
2024-08-09,P0008,218,0,0,218,0
2024-08-09,P0009,56,0,4,52,0
2024-08-09,P0010,0,0,6,0,0
2024-08-09,P0011,0,0,0,0,0
2024-08-09,P0012,213,0,3,210,0
2024-08-09,P0013,102,0,0,102,0
2024-08-09,P0014,61,0,4,57,0
2024-08-09,P0015,0,0,3,0,0
2024-08-09,P0016,55,0,3,52,0
2024-08-09,P0017,0,0,6,0,0
2024-08-09,P0018,94,0,3,91,0
2024-08-09,P0019,293,0,3,290,0
2024-08-09,P0020,190,0,0,190,0
2024-08-09,P0021,0,0,4,0,0
2024-08-09,P0022,33,0,0,33,0
2024-08-09,P0023,242,17,3,256,0
2024-08-09,P0024,188,0,0,188,0
2024-08-09,P0025,15,0,2,13,0
2024-08-09,P0026,294,0,0,294,0
2024-08-09,P0027,226,0,4,222,0
2024-08-09,P0028,0,0,0,0,0
2024-08-09,P0029,14,0,1,13,0
2024-08-09,P0030,0,0,0,0,0
2024-08-09,P0031,350,22,0,372,0
2024-08-09,P0032,64,0,3,61,0
2024-08-09,P0033,117,0,2,115,0
2024-08-09,P0034,196,0,0,196,0
2024-08-09,P0035,0,0,6,0,0
2024-08-09,P0036,15,0,2,13,0
2024-08-09,P0037,54,0,0,54,0
2024-08-09,P0038,90,0,1,89,0
2024-08-09,P0039,33,0,6,27,0
2024-08-09,P0040,120,0,2,118,0
2024-08-09,P0041,134,0,3,131,0
2024-08-09,P0042,157,0,0,157,0
2024-08-09,P0043,255,0,0,255,0
2024-08-09,P0044,0,0,14,0,0
2024-08-09,P0045,119,0,2,117,0
2024-08-09,P0046,60,0,7,53,0
2024-08-09,P0047,43,0,2,41,0
2024-08-09,P0048,6,0,4,2,0
2024-08-09,P0049,108,0,2,106,0
2024-08-09,P0050,89,0,1,88,0
2024-08-09,P0051,66,14,2,78,0
2024-08-09,P0052,200,0,0,200,0
2024-08-09,P0053,0,0,4,0,2
2024-08-09,P0054,157,0,1,156,0
2024-08-09,P0055,367,0,3,364,0
2024-08-09,P0056,7,19,0,26,0
2024-08-09,P0057,257,0,0,257,0
2024-08-09,P0058,51,0,11,40,0
2024-08-09,P0059,37,0,6,31,0
2024-08-09,P0060,0,0,2,0,0
2024-08-09,P0061,35,0,8,27,0
2024-08-09,P0062,235,0,0,235,0
2024-08-09,P0063,0,0,5,0,0
2024-08-09,P0064,173,0,0,173,0
2024-08-09,P0065,162,0,15,147,0
2024-08-09,P0066,330,0,12,318,0
2024-08-09,P0067,0,0,7,0,1
2024-08-09,P0068,217,0,1,216,0
2024-08-09,P0069,129,0,2,127,0
2024-08-09,P0070,64,0,3,61,0
2024-08-09,P0071,146,13,1,158,0
2024-08-09,P0072,230,0,0,230,0
2024-08-09,P0073,13,0,0,13,0
2024-08-09,P0074,0,0,11,0,0
2024-08-09,P0075,42,0,1,41,0
2024-08-09,P0076,34,14,0,48,0
2024-08-09,P0077,276,0,0,276,0
2024-08-09,P0078,37,19,2,54,0
2024-08-09,P0079,32,0,31,1,0
2024-08-09,P0080,264,0,0,264,0
2024-08-10,P0001,0,0,1,0,0
2024-08-10,P0002,327,0,1,326,0
2024-08-10,P0003,53,0,0,53,0
2024-08-10,P0004,13,0,0,13,0
2024-08-10,P0005,126,0,0,126,0
2024-08-10,P0006,85,0,5,80,0
2024-08-10,P0007,275,0,0,275,0
2024-08-10,P0008,218,0,0,217,1
2024-08-10,P0009,52,0,6,46,0
2024-08-10,P0010,0,0,3,0,0
2024-08-10,P0011,0,0,1,0,0
2024-08-10,P0012,210,0,0,210,0
2024-08-10,P0013,102,0,2,100,0
2024-08-10,P0014,57,19,1,72,3
2024-08-10,P0015,0,0,4,0,0
2024-08-10,P0016,52,0,3,49,0
2024-08-10,P0017,0,0,1,0,0
2024-08-10,P0018,91,0,3,88,0
2024-08-10,P0019,290,0,0,290,0
2024-08-10,P0020,190,0,0,190,0
2024-08-10,P0021,0,0,7,0,0
2024-08-10,P0022,33,0,2,31,0
2024-08-10,P0023,256,0,0,256,0
2024-08-10,P0024,188,0,0,188,0
2024-08-10,P0025,13,0,1,12,0
2024-08-10,P0026,294,20,1,313,0
2024-08-10,P0027,222,0,0,222,0
2024-08-10,P0028,0,0,0,0,0
2024-08-10,P0029,13,0,4,9,0
2024-08-10,P0030,0,0,0,0,0
2024-08-10,P0031,372,0,0,372,0
2024-08-10,P0032,61,0,19,42,0
2024-08-10,P0033,115,0,0,115,0
2024-08-10,P0034,196,0,5,191,0
2024-08-10,P0035,0,0,3,0,0
2024-08-10,P0036,13,0,5,8,0
2024-08-10,P0037,54,0,3,51,0
2024-08-10,P0038,89,0,0,89,0
2024-08-10,P0039,27,0,3,24,0
2024-08-10,P0040,118,0,4,114,0
2024-08-10,P0041,131,0,0,131,0
2024-08-10,P0042,157,0,5,152,0
2024-08-10,P0043,255,14,3,266,0
2024-08-10,P0044,0,0,24,0,0
2024-08-10,P0045,117,0,0,117,0
2024-08-10,P0046,53,0,2,51,0
2024-08-10,P0047,41,0,0,41,0
2024-08-10,P0048,2,0,4,0,0
2024-08-10,P0049,106,0,0,106,0
2024-08-10,P0050,88,0,5,83,0
2024-08-10,P0051,78,0,2,76,0
2024-08-10,P0052,200,0,3,197,0
2024-08-10,P0053,0,0,3,0,0
2024-08-10,P0054,156,20,2,174,0
2024-08-10,P0055,364,0,0,364,0
2024-08-10,P0056,26,0,3,23,0
2024-08-10,P0057,257,0,0,257,0
2024-08-10,P0058,40,0,10,30,0
2024-08-10,P0059,31,0,16,15,0
2024-08-10,P0060,0,0,5,0,0
2024-08-10,P0061,27,0,1,26,0
2024-08-10,P0062,235,0,0,235,0
2024-08-10,P0063,0,0,12,0,0
2024-08-10,P0064,173,0,0,173,0
2024-08-10,P0065,147,0,19,128,0
2024-08-10,P0066,318,0,18,300,0
2024-08-10,P0067,0,0,10,0,0
2024-08-10,P0068,216,0,0,216,0
2024-08-10,P0069,127,13,0,140,0
2024-08-10,P0070,61,0,4,57,0
2024-08-10,P0071,158,0,0,158,0
2024-08-10,P0072,230,0,0,230,0
2024-08-10,P0073,13,0,5,8,0
2024-08-10,P0074,0,0,20,0,0
2024-08-10,P0075,41,0,3,38,0
2024-08-10,P0076,48,21,2,67,0
2024-08-10,P0077,276,0,0,276,0
2024-08-10,P0078,54,0,0,54,0
2024-08-10,P0079,1,234,57,178,0
2024-08-10,P0080,264,0,0,264,0
2024-08-11,P0001,0,0,4,0,0
2024-08-11,P0002,326,0,5,321,0
2024-08-11,P0003,53,0,2,51,0
2024-08-11,P0004,13,0,7,6,0
2024-08-11,P0005,126,0,1,125,0
2024-08-11,P0006,80,0,8,72,0
2024-08-11,P0007,275,0,0,275,0
2024-08-11,P0008,217,0,2,215,0
2024-08-11,P0009,46,0,10,36,0
2024-08-11,P0010,0,0,11,0,0
2024-08-11,P0011,0,0,1,0,0
2024-08-11,P0012,210,0,0,210,0
2024-08-11,P0013,100,0,1,99,0
2024-08-11,P0014,72,0,6,65,1
2024-08-11,P0015,0,0,16,0,2
2024-08-11,P0016,49,0,8,41,0
2024-08-11,P0017,0,0,0,0,0
2024-08-11,P0018,88,18,0,106,0
2024-08-11,P0019,290,0,4,286,0
2024-08-11,P0020,190,0,0,190,0
2024-08-11,P0021,0,0,1,0,0
2024-08-11,P0022,31,0,3,28,0
2024-08-11,P0023,256,0,0,256,0
2024-08-11,P0024,188,0,2,186,0
2024-08-11,P0025,12,0,6,6,0
2024-08-11,P0026,313,0,0,313,0
2024-08-11,P0027,222,0,0,220,2
2024-08-11,P0028,0,0,4,0,0
2024-08-11,P0029,9,0,0,9,0
2024-08-11,P0030,0,0,2,0,0
2024-08-11,P0031,372,0,0,372,0
2024-08-11,P0032,42,0,4,38,0
2024-08-11,P0033,115,12,0,127,0
2024-08-11,P0034,191,0,0,191,0
2024-08-11,P0035,0,0,0,0,0
2024-08-11,P0036,8,0,0,8,0
2024-08-11,P0037,51,0,7,44,0
2024-08-11,P0038,89,0,6,83,0
2024-08-11,P0039,24,0,0,24,0
2024-08-11,P0040,114,0,0,114,0
2024-08-11,P0041,131,0,0,131,0
2024-08-11,P0042,152,0,1,151,0
2024-08-11,P0043,266,0,0,266,0
2024-08-11,P0044,0,0,27,0,0
2024-08-11,P0045,117,0,1,116,0
2024-08-11,P0046,51,0,8,43,0
2024-08-11,P0047,41,0,0,41,0
2024-08-11,P0048,0,0,6,0,0
2024-08-11,P0049,106,0,5,101,0
2024-08-11,P0050,83,18,8,93,0
2024-08-11,P0051,76,0,2,74,0
2024-08-11,P0052,197,0,0,197,0
2024-08-11,P0053,0,0,4,0,0
2024-08-11,P0054,174,0,0,174,0
2024-08-11,P0055,364,0,0,364,0
2024-08-11,P0056,23,0,4,16,3
2024-08-11,P0057,257,0,0,257,0
2024-08-11,P0058,30,0,18,12,0
2024-08-11,P0059,15,0,18,0,0
2024-08-11,P0060,0,56,21,35,0
2024-08-11,P0061,26,0,0,26,0
2024-08-11,P0062,235,0,0,235,0
2024-08-11,P0063,0,0,16,0,0
2024-08-11,P0064,173,0,7,166,0
2024-08-11,P0065,128,67,7,188,0
2024-08-11,P0066,300,0,23,277,0
2024-08-11,P0067,0,0,6,0,0
2024-08-11,P0068,216,0,0,216,0
2024-08-11,P0069,140,0,0,140,0
2024-08-11,P0070,57,0,3,54,0
2024-08-11,P0071,158,20,5,173,0
2024-08-11,P0072,230,0,0,230,0
2024-08-11,P0073,8,0,5,3,0
2024-08-11,P0074,0,0,5,0,0
2024-08-11,P0075,38,0,2,36,0
2024-08-11,P0076,67,0,3,64,0
2024-08-11,P0077,276,0,2,274,0
2024-08-11,P0078,54,0,7,47,0
2024-08-11,P0079,178,0,22,156,0
2024-08-11,P0080,264,0,0,261,3
2024-08-12,P0001,0,0,7,0,0
2024-08-12,P0002,321,17,0,338,0
2024-08-12,P0003,51,0,0,51,0
2024-08-12,P0004,6,24,6,24,0
2024-08-12,P0005,125,0,4,121,0
2024-08-12,P0006,72,0,2,70,0
2024-08-12,P0007,275,0,0,275,0
2024-08-12,P0008,215,0,0,215,0
2024-08-12,P0009,36,0,6,30,0
2024-08-12,P0010,0,0,9,0,0
2024-08-12,P0011,0,0,1,0,0
2024-08-12,P0012,210,0,0,210,0
2024-08-12,P0013,99,0,5,94,0
2024-08-12,P0014,65,0,5,60,0
2024-08-12,P0015,0,0,2,0,0
2024-08-12,P0016,41,0,4,37,0
2024-08-12,P0017,0,0,1,0,0
2024-08-12,P0018,106,0,2,104,0
2024-08-12,P0019,286,0,0,286,0
2024-08-12,P0020,190,0,1,189,0
2024-08-12,P0021,0,0,4,0,0
2024-08-12,P0022,28,0,0,28,0
2024-08-12,P0023,256,0,0,256,0
2024-08-12,P0024,186,0,0,183,3
2024-08-12,P0025,6,0,6,0,0
2024-08-12,P0026,313,0,0,313,0
2024-08-12,P0027,220,11,2,229,0
2024-08-12,P0028,0,0,0,0,0
2024-08-12,P0029,9,0,2,7,0
2024-08-12,P0030,0,0,0,0,0
2024-08-12,P0031,372,0,0,372,0
2024-08-12,P0032,38,0,0,38,0
2024-08-12,P0033,127,0,0,127,0
2024-08-12,P0034,191,0,0,191,0
2024-08-12,P0035,0,0,5,0,3
2024-08-12,P0036,8,0,0,8,0
2024-08-12,P0037,44,0,1,43,0
2024-08-12,P0038,83,0,0,83,0
2024-08-12,P0039,24,0,2,22,0
2024-08-12,P0040,114,0,2,112,0
2024-08-12,P0041,131,0,0,131,0
2024-08-12,P0042,151,0,0,151,0
2024-08-12,P0043,266,0,2,264,0
2024-08-12,P0044,0,0,24,0,0
2024-08-12,P0045,116,0,0,116,0
2024-08-12,P0046,43,0,10,33,0
2024-08-12,P0047,41,20,0,61,0
2024-08-12,P0048,0,0,9,0,0
2024-08-12,P0049,101,0,0,101,0
2024-08-12,P0050,93,0,0,93,0
2024-08-12,P0051,74,20,1,93,0
2024-08-12,P0052,197,0,1,196,0
2024-08-12,P0053,0,0,3,0,0
2024-08-12,P0054,174,0,1,173,0
2024-08-12,P0055,364,0,0,364,0
2024-08-12,P0056,16,0,0,16,0
2024-08-12,P0057,257,0,0,257,0
2024-08-12,P0058,12,0,5,7,0
2024-08-12,P0059,0,0,2,0,0
2024-08-12,P0060,35,0,12,23,0
2024-08-12,P0061,26,0,7,19,0
2024-08-12,P0062,235,13,0,248,0
2024-08-12,P0063,0,0,8,0,1
2024-08-12,P0064,166,15,1,180,0
2024-08-12,P0065,188,0,20,168,0
2024-08-12,P0066,277,0,11,266,0
2024-08-12,P0067,0,0,4,0,0
2024-08-12,P0068,216,0,4,212,0
2024-08-12,P0069,140,0,0,140,0
2024-08-12,P0070,54,0,8,46,0
2024-08-12,P0071,173,0,0,173,0
2024-08-12,P0072,230,0,0,230,0
2024-08-12,P0073,3,0,0,3,0
2024-08-12,P0074,0,0,5,0,0
2024-08-12,P0075,36,0,2,34,0
2024-08-12,P0076,64,0,3,61,0
2024-08-12,P0077,274,0,0,274,0
2024-08-12,P0078,47,22,8,61,0
2024-08-12,P0079,156,0,23,133,0
2024-08-12,P0080,261,0,1,260,0
2024-08-13,P0001,0,0,5,0,0
2024-08-13,P0002,338,0,1,337,0
2024-08-13,P0003,51,0,1,50,0
2024-08-13,P0004,24,0,3,21,0
2024-08-13,P0005,121,0,0,121,0
2024-08-13,P0006,70,0,2,68,0
2024-08-13,P0007,275,0,0,275,0
2024-08-13,P0008,215,11,0,226,0
2024-08-13,P0009,30,0,5,25,0
2024-08-13,P0010,0,0,3,0,0
2024-08-13,P0011,0,0,3,0,0
2024-08-13,P0012,210,0,5,205,0
2024-08-13,P0013,94,0,1,93,0
2024-08-13,P0014,60,0,3,57,0
2024-08-13,P0015,0,52,1,51,0
2024-08-13,P0016,37,0,8,29,0
2024-08-13,P0017,0,0,9,0,0
2024-08-13,P0018,104,0,2,102,0
2024-08-13,P0019,286,0,0,286,0
2024-08-13,P0020,189,0,0,189,0
2024-08-13,P0021,0,0,6,0,0
2024-08-13,P0022,28,0,3,25,0
2024-08-13,P0023,256,0,1,255,0
2024-08-13,P0024,183,0,0,183,0
2024-08-13,P0025,0,0,2,0,0
2024-08-13,P0026,313,0,0,313,0
2024-08-13,P0027,229,0,0,229,0
2024-08-13,P0028,0,0,0,0,0
2024-08-13,P0029,7,0,5,2,0
2024-08-13,P0030,0,0,7,0,0
2024-08-13,P0031,372,0,2,370,0
2024-08-13,P0032,38,0,1,37,0
2024-08-13,P0033,127,0,0,127,0
2024-08-13,P0034,191,0,0,191,0
2024-08-13,P0035,0,0,2,0,0
2024-08-13,P0036,8,0,2,6,0
2024-08-13,P0037,43,0,0,43,0
2024-08-13,P0038,83,0,2,81,0
2024-08-13,P0039,22,0,6,16,0
2024-08-13,P0040,112,0,0,112,0
2024-08-13,P0041,131,0,0,131,0
2024-08-13,P0042,151,0,0,151,0
2024-08-13,P0043,264,0,4,260,0
2024-08-13,P0044,0,0,17,0,0
2024-08-13,P0045,116,0,0,116,0
2024-08-13,P0046,33,0,2,31,0
2024-08-13,P0047,61,0,7,54,0
2024-08-13,P0048,0,0,3,0,0
2024-08-13,P0049,101,0,0,101,0
2024-08-13,P0050,93,0,5,88,0
2024-08-13,P0051,93,0,0,93,0
2024-08-13,P0052,196,0,0,196,0
2024-08-13,P0053,0,0,1,0,0
2024-08-13,P0054,173,21,0,194,0
2024-08-13,P0055,364,0,0,364,0
2024-08-13,P0056,16,0,3,13,0
2024-08-13,P0057,257,0,0,257,0
2024-08-13,P0058,7,0,13,0,0
2024-08-13,P0059,0,0,10,0,0
2024-08-13,P0060,23,0,5,18,0
2024-08-13,P0061,19,0,0,19,0
2024-08-13,P0062,248,0,0,248,0
2024-08-13,P0063,0,0,5,0,0
2024-08-13,P0064,180,0,0,180,0
2024-08-13,P0065,168,0,20,148,0
2024-08-13,P0066,266,0,21,245,0
2024-08-13,P0067,0,0,2,0,0
2024-08-13,P0068,212,0,0,212,0
2024-08-13,P0069,140,0,1,139,0
2024-08-13,P0070,46,0,7,39,0
2024-08-13,P0071,173,0,0,173,0
2024-08-13,P0072,230,0,1,229,0
2024-08-13,P0073,3,0,0,3,0
2024-08-13,P0074,0,0,10,0,0
2024-08-13,P0075,34,0,9,25,0
2024-08-13,P0076,61,0,0,61,0
2024-08-13,P0077,274,0,0,274,0
2024-08-13,P0078,61,17,3,75,0
2024-08-13,P0079,133,0,25,108,0
2024-08-13,P0080,260,0,0,260,0
2024-08-14,P0001,0,0,5,0,0
2024-08-14,P0002,337,0,0,337,0
2024-08-14,P0003,50,0,1,49,0
2024-08-14,P0004,21,0,2,19,0
2024-08-14,P0005,121,15,0,136,0
2024-08-14,P0006,68,0,4,64,0
2024-08-14,P0007,275,0,1,274,0
2024-08-14,P0008,226,0,0,226,0
2024-08-14,P0009,25,0,11,14,0
2024-08-14,P0010,0,30,6,24,0
2024-08-14,P0011,0,0,0,0,0
2024-08-14,P0012,205,0,0,205,0
2024-08-14,P0013,93,20,2,111,0
2024-08-14,P0014,57,0,0,57,0
2024-08-14,P0015,51,0,8,43,0
2024-08-14,P0016,29,0,7,22,0
2024-08-14,P0017,0,0,0,0,0
2024-08-14,P0018,102,0,0,102,0
2024-08-14,P0019,286,0,0,286,0
2024-08-14,P0020,189,0,0,189,0
2024-08-14,P0021,0,56,11,45,0
2024-08-14,P0022,25,0,11,14,0
2024-08-14,P0023,255,0,0,255,0
2024-08-14,P0024,183,0,1,182,0
2024-08-14,P0025,0,19,4,15,0
2024-08-14,P0026,313,0,0,313,0
2024-08-14,P0027,229,22,0,251,0
2024-08-14,P0028,0,14,1,13,0
2024-08-14,P0029,2,0,6,0,0
2024-08-14,P0030,0,0,2,0,0
2024-08-14,P0031,370,21,0,391,0
2024-08-14,P0032,37,0,0,37,0
2024-08-14,P0033,127,0,0,127,0
2024-08-14,P0034,191,0,0,191,0
2024-08-14,P0035,0,0,0,0,3
2024-08-14,P0036,6,0,2,4,0
2024-08-14,P0037,43,0,5,38,0
2024-08-14,P0038,81,0,1,80,0
2024-08-14,P0039,16,25,3,38,0
2024-08-14,P0040,112,0,0,112,0
2024-08-14,P0041,131,0,0,131,0
2024-08-14,P0042,151,0,0,151,0
2024-08-14,P0043,260,0,0,260,0
2024-08-14,P0044,0,0,16,0,0
2024-08-14,P0045,116,0,1,115,0
2024-08-14,P0046,31,39,5,65,0
2024-08-14,P0047,54,0,0,54,0
2024-08-14,P0048,0,0,3,0,0
2024-08-14,P0049,101,0,2,99,0
2024-08-14,P0050,88,0,0,88,0
2024-08-14,P0051,93,0,4,89,0
2024-08-14,P0052,196,0,3,193,0
2024-08-14,P0053,0,0,6,0,0
2024-08-14,P0054,194,0,0,194,0
2024-08-14,P0055,364,0,0,364,0
2024-08-14,P0056,13,0,1,12,0
2024-08-14,P0057,257,0,0,257,0
2024-08-14,P0058,0,0,15,0,0
2024-08-14,P0059,0,0,8,0,0
2024-08-14,P0060,18,0,6,12,0
2024-08-14,P0061,19,0,2,17,0
2024-08-14,P0062,248,0,0,248,0
2024-08-14,P0063,0,0,13,0,0
2024-08-14,P0064,180,0,5,175,0
2024-08-14,P0065,148,0,10,138,0
2024-08-14,P0066,245,0,7,238,0
2024-08-14,P0067,0,0,3,0,0
2024-08-14,P0068,212,0,0,212,0
2024-08-14,P0069,139,0,7,132,0
2024-08-14,P0070,39,0,9,30,0
2024-08-14,P0071,173,0,0,173,0
2024-08-14,P0072,229,0,0,229,0
2024-08-14,P0073,3,0,2,1,0
2024-08-14,P0074,0,0,15,0,0
2024-08-14,P0075,25,0,2,23,0
2024-08-14,P0076,61,0,0,61,0
2024-08-14,P0077,274,0,3,271,0
2024-08-14,P0078,75,0,7,68,0
2024-08-14,P0079,108,0,43,65,0
2024-08-14,P0080,260,0,0,260,0
2024-08-15,P0001,0,0,3,0,3
2024-08-15,P0002,337,0,2,335,0
2024-08-15,P0003,49,0,1,48,0
2024-08-15,P0004,19,0,1,18,0
2024-08-15,P0005,136,0,5,131,0
2024-08-15,P0006,64,0,0,64,0
2024-08-15,P0007,274,0,0,274,0
2024-08-15,P0008,226,0,2,224,0
2024-08-15,P0009,14,0,5,9,0
2024-08-15,P0010,24,0,4,20,0
2024-08-15,P0011,0,0,0,0,0
2024-08-15,P0012,205,0,5,200,0
2024-08-15,P0013,111,0,0,110,1
2024-08-15,P0014,57,0,11,46,0
2024-08-15,P0015,43,49,3,89,0
2024-08-15,P0016,22,0,7,15,0
2024-08-15,P0017,0,0,0,0,0
2024-08-15,P0018,102,0,4,98,0
2024-08-15,P0019,286,0,0,286,0
2024-08-15,P0020,189,0,0,189,0
2024-08-15,P0021,45,0,8,37,0
2024-08-15,P0022,14,0,2,12,0
2024-08-15,P0023,255,0,0,255,0
2024-08-15,P0024,182,21,0,203,0
2024-08-15,P0025,15,0,4,11,0
2024-08-15,P0026,313,0,0,313,0
2024-08-15,P0027,251,0,3,248,0
2024-08-15,P0028,13,0,0,13,0
2024-08-15,P0029,0,0,5,0,0
2024-08-15,P0030,0,0,4,0,0
2024-08-15,P0031,391,0,0,391,0
2024-08-15,P0032,37,0,0,37,0
2024-08-15,P0033,127,0,1,126,0
2024-08-15,P0034,191,13,0,204,0
2024-08-15,P0035,0,0,2,0,0
2024-08-15,P0036,4,0,3,1,0
2024-08-15,P0037,38,0,5,33,0
2024-08-15,P0038,80,0,3,77,0
2024-08-15,P0039,38,0,0,36,2
2024-08-15,P0040,112,0,0,112,0
2024-08-15,P0041,131,0,2,129,0
2024-08-15,P0042,151,0,3,148,0
2024-08-15,P0043,260,0,0,260,0
2024-08-15,P0044,0,0,24,0,0
2024-08-15,P0045,115,0,1,114,0
2024-08-15,P0046,65,0,7,58,0
2024-08-15,P0047,54,0,0,54,0
2024-08-15,P0048,0,0,3,0,0
2024-08-15,P0049,99,0,2,97,0
2024-08-15,P0050,88,12,0,100,0
2024-08-15,P0051,89,0,0,89,0
2024-08-15,P0052,193,0,0,193,0
2024-08-15,P0053,0,0,8,0,0
2024-08-15,P0054,194,0,2,192,0
2024-08-15,P0055,364,0,0,364,0
2024-08-15,P0056,12,0,0,12,0
2024-08-15,P0057,257,0,0,257,0
2024-08-15,P0058,0,0,16,0,0
2024-08-15,P0059,0,0,11,0,0
2024-08-15,P0060,12,0,12,0,0
2024-08-15,P0061,17,0,3,14,0
2024-08-15,P0062,248,0,0,248,0
2024-08-15,P0063,0,0,16,0,0
2024-08-15,P0064,175,0,0,173,2
2024-08-15,P0065,138,106,23,221,0
2024-08-15,P0066,238,0,10,228,0
2024-08-15,P0067,0,0,0,0,0
2024-08-15,P0068,212,0,0,212,0
2024-08-15,P0069,132,0,0,132,0
2024-08-15,P0070,30,0,2,28,0
2024-08-15,P0071,173,0,0,173,0
2024-08-15,P0072,229,0,0,229,0
2024-08-15,P0073,1,0,2,0,0
2024-08-15,P0074,0,0,18,0,0
2024-08-15,P0075,23,0,6,17,0
2024-08-15,P0076,61,0,2,59,0
2024-08-15,P0077,271,0,0,271,0
2024-08-15,P0078,68,0,0,68,0
2024-08-15,P0079,65,0,23,42,0
2024-08-15,P0080,260,0,7,253,0
2024-08-16,P0001,0,0,0,0,0
2024-08-16,P0002,335,0,0,335,0
2024-08-16,P0003,48,0,0,48,0
2024-08-16,P0004,18,0,2,16,0
2024-08-16,P0005,131,0,0,131,0
2024-08-16,P0006,64,0,0,64,0
2024-08-16,P0007,274,0,4,270,0
2024-08-16,P0008,224,0,0,224,0
2024-08-16,P0009,9,0,4,5,0
2024-08-16,P0010,20,0,7,13,0
2024-08-16,P0011,0,0,0,0,2
2024-08-16,P0012,200,0,2,198,0
2024-08-16,P0013,110,0,2,108,0
2024-08-16,P0014,46,0,4,42,0
2024-08-16,P0015,89,0,11,78,0
2024-08-16,P0016,15,0,7,8,0
2024-08-16,P0017,0,0,6,0,0
2024-08-16,P0018,98,0,3,95,0
2024-08-16,P0019,286,0,0,286,0
2024-08-16,P0020,189,19,0,208,0
2024-08-16,P0021,37,0,13,24,0
2024-08-16,P0022,12,0,3,9,0
2024-08-16,P0023,255,19,2,272,0
2024-08-16,P0024,203,0,0,203,0
2024-08-16,P0025,11,0,0,11,0
2024-08-16,P0026,313,0,0,313,0
2024-08-16,P0027,248,0,1,247,0
2024-08-16,P0028,13,0,0,13,0
2024-08-16,P0029,0,0,1,0,0
2024-08-16,P0030,0,0,0,0,1
2024-08-16,P0031,391,0,0,391,0
2024-08-16,P0032,37,0,12,25,0
2024-08-16,P0033,126,0,0,126,0
2024-08-16,P0034,204,0,0,201,3
2024-08-16,P0035,0,0,3,0,0
2024-08-16,P0036,1,0,2,0,0
2024-08-16,P0037,33,0,8,25,0
2024-08-16,P0038,77,0,3,74,0
2024-08-16,P0039,36,0,0,36,0
2024-08-16,P0040,112,0,0,112,0
2024-08-16,P0041,129,0,0,129,0
2024-08-16,P0042,148,0,2,146,0
2024-08-16,P0043,260,12,0,272,0
2024-08-16,P0044,0,0,24,0,0
2024-08-16,P0045,114,0,0,114,0
2024-08-16,P0046,58,0,3,55,0
2024-08-16,P0047,54,24,0,78,0
2024-08-16,P0048,0,0,2,0,0
2024-08-16,P0049,97,0,4,93,0
2024-08-16,P0050,100,19,2,117,0
2024-08-16,P0051,89,0,4,85,0
2024-08-16,P0052,193,0,0,193,0
2024-08-16,P0053,0,0,0,0,0
2024-08-16,P0054,192,0,0,189,3
2024-08-16,P0055,364,0,0,364,0
2024-08-16,P0056,12,0,5,7,0
2024-08-16,P0057,257,0,0,257,0
2024-08-16,P0058,0,0,10,0,0
2024-08-16,P0059,0,0,15,0,0
2024-08-16,P0060,0,44,12,32,0
2024-08-16,P0061,14,0,0,14,0
2024-08-16,P0062,248,0,1,247,0
2024-08-16,P0063,0,0,7,0,0
2024-08-16,P0064,173,0,0,173,0
2024-08-16,P0065,221,0,11,210,0
2024-08-16,P0066,228,0,12,216,0
2024-08-16,P0067,0,0,4,0,0
2024-08-16,P0068,212,0,0,212,0
2024-08-16,P0069,132,0,0,132,0
2024-08-16,P0070,28,0,4,24,0
2024-08-16,P0071,173,0,0,173,0
2024-08-16,P0072,229,0,0,229,0
2024-08-16,P0073,0,0,6,0,0
2024-08-16,P0074,0,0,14,0,0
2024-08-16,P0075,17,21,2,36,0
2024-08-16,P0076,59,0,0,59,0
2024-08-16,P0077,271,0,0,271,0
2024-08-16,P0078,68,0,3,65,0
2024-08-16,P0079,42,0,22,20,0
2024-08-16,P0080,253,0,0,253,0
2024-08-17,P0001,0,0,4,0,0
2024-08-17,P0002,335,0,5,330,0
2024-08-17,P0003,48,0,5,43,0
2024-08-17,P0004,16,0,1,15,0
2024-08-17,P0005,131,0,5,126,0
2024-08-17,P0006,64,0,1,61,2
2024-08-17,P0007,270,0,2,268,0
2024-08-17,P0008,224,0,1,223,0
2024-08-17,P0009,5,0,12,0,0
2024-08-17,P0010,13,0,4,9,0
2024-08-17,P0011,0,0,2,0,0
2024-08-17,P0012,198,0,2,196,0
2024-08-17,P0013,108,0,4,104,0
2024-08-17,P0014,42,0,2,40,0
2024-08-17,P0015,78,0,4,74,0
2024-08-17,P0016,8,0,7,1,0
2024-08-17,P0017,0,0,7,0,0
2024-08-17,P0018,95,0,6,89,0
2024-08-17,P0019,286,0,0,286,0
2024-08-17,P0020,208,0,0,208,0
2024-08-17,P0021,24,0,4,20,0
2024-08-17,P0022,9,0,3,6,0
2024-08-17,P0023,272,0,0,272,0
2024-08-17,P0024,203,0,0,203,0
2024-08-17,P0025,11,0,7,4,0
2024-08-17,P0026,313,0,0,313,0
2024-08-17,P0027,247,0,0,247,0
2024-08-17,P0028,13,0,2,11,0
2024-08-17,P0029,0,0,4,0,0
2024-08-17,P0030,0,0,0,0,0
2024-08-17,P0031,391,0,2,389,0
2024-08-17,P0032,25,0,6,19,0
2024-08-17,P0033,126,0,0,124,2
2024-08-17,P0034,201,0,0,201,0
2024-08-17,P0035,0,0,0,0,0
2024-08-17,P0036,0,0,0,0,0
2024-08-17,P0037,25,0,11,14,0
2024-08-17,P0038,74,0,3,71,0
2024-08-17,P0039,36,0,1,35,0
2024-08-17,P0040,112,0,0,112,0
2024-08-17,P0041,129,0,0,129,0
2024-08-17,P0042,146,0,0,146,0
2024-08-17,P0043,272,0,0,272,0
2024-08-17,P0044,0,0,25,0,0
2024-08-17,P0045,114,0,0,114,0
2024-08-17,P0046,55,0,9,46,0
2024-08-17,P0047,78,0,7,71,0
2024-08-17,P0048,0,0,8,0,0
2024-08-17,P0049,93,0,3,90,0
2024-08-17,P0050,117,0,2,115,0
2024-08-17,P0051,85,0,1,84,0
2024-08-17,P0052,193,0,0,193,0
2024-08-17,P0053,0,0,5,0,0
2024-08-17,P0054,189,0,0,189,0
2024-08-17,P0055,364,0,0,364,0
2024-08-17,P0056,7,0,8,0,0
2024-08-17,P0057,257,0,0,257,0
2024-08-17,P0058,0,0,26,0,0
2024-08-17,P0059,0,0,19,0,0
2024-08-17,P0060,32,0,14,18,0
2024-08-17,P0061,14,0,2,12,0
2024-08-17,P0062,247,0,0,247,0
2024-08-17,P0063,0,0,12,0,0
2024-08-17,P0064,173,0,0,173,0
2024-08-17,P0065,210,0,17,193,0
2024-08-17,P0066,216,0,17,196,3
2024-08-17,P0067,0,0,6,0,0
2024-08-17,P0068,212,0,0,212,0
2024-08-17,P0069,132,0,0,132,0
2024-08-17,P0070,24,0,7,17,0
2024-08-17,P0071,173,0,0,173,0
2024-08-17,P0072,229,0,0,229,0
2024-08-17,P0073,0,0,3,0,0
2024-08-17,P0074,0,60,12,48,0
2024-08-17,P0075,36,0,8,28,0
2024-08-17,P0076,59,0,3,56,0
2024-08-17,P0077,271,0,0,271,0
2024-08-17,P0078,65,0,3,62,0
2024-08-17,P0079,20,0,49,0,0
2024-08-17,P0080,253,0,0,253,0
2024-08-18,P0001,0,0,9,0,0
2024-08-18,P0002,330,0,1,329,0
2024-08-18,P0003,43,0,1,42,0
2024-08-18,P0004,15,0,11,4,0
2024-08-18,P0005,126,0,2,124,0
2024-08-18,P0006,61,0,2,59,0
2024-08-18,P0007,268,0,3,265,0
2024-08-18,P0008,223,0,0,223,0
2024-08-18,P0009,0,0,3,0,0
2024-08-18,P0010,9,0,4,5,0
2024-08-18,P0011,0,0,8,0,0
2024-08-18,P0012,196,0,0,196,0
2024-08-18,P0013,104,0,4,100,0
2024-08-18,P0014,40,26,6,60,0
2024-08-18,P0015,74,0,7,67,0
2024-08-18,P0016,1,0,1,0,0
2024-08-18,P0017,0,0,0,0,0
2024-08-18,P0018,89,0,2,87,0
2024-08-18,P0019,286,16,0,300,2
2024-08-18,P0020,208,0,0,208,0
2024-08-18,P0021,20,0,14,6,0
2024-08-18,P0022,6,0,7,0,0
2024-08-18,P0023,272,0,0,272,0
2024-08-18,P0024,203,0,0,203,0
2024-08-18,P0025,4,0,16,0,2
2024-08-18,P0026,313,13,0,326,0
2024-08-18,P0027,247,0,0,247,0
2024-08-18,P0028,11,0,0,11,0
2024-08-18,P0029,0,22,0,22,0
2024-08-18,P0030,0,25,0,25,0
2024-08-18,P0031,389,0,0,389,0
2024-08-18,P0032,19,0,6,13,0
2024-08-18,P0033,124,0,1,123,0
2024-08-18,P0034,201,0,0,201,0
2024-08-18,P0035,0,0,8,0,0
2024-08-18,P0036,0,0,2,0,0
2024-08-18,P0037,14,0,10,4,0
2024-08-18,P0038,71,0,1,70,0
2024-08-18,P0039,35,0,10,25,0
2024-08-18,P0040,112,0,2,110,0
2024-08-18,P0041,129,0,0,129,0
2024-08-18,P0042,146,0,0,146,0
2024-08-18,P0043,272,0,1,271,0
2024-08-18,P0044,0,0,11,0,0
2024-08-18,P0045,114,0,3,111,0
2024-08-18,P0046,46,0,7,39,0
2024-08-18,P0047,71,0,1,70,0
2024-08-18,P0048,0,0,3,0,0
2024-08-18,P0049,90,0,0,90,0
2024-08-18,P0050,115,0,0,115,0
2024-08-18,P0051,84,0,0,84,0
2024-08-18,P0052,193,0,0,193,0
2024-08-18,P0053,0,0,9,0,0
2024-08-18,P0054,189,0,0,189,0
2024-08-18,P0055,364,0,3,361,0
2024-08-18,P0056,0,0,6,0,0
2024-08-18,P0057,257,0,1,256,0
2024-08-18,P0058,0,67,8,59,0
2024-08-18,P0059,0,0,14,0,0
2024-08-18,P0060,18,0,5,13,0
2024-08-18,P0061,12,0,0,12,0
2024-08-18,P0062,247,0,1,246,0
2024-08-18,P0063,0,0,11,0,0
2024-08-18,P0064,173,0,0,173,0
2024-08-18,P0065,193,0,15,178,0
2024-08-18,P0066,196,71,16,251,0
2024-08-18,P0067,0,0,12,0,0
2024-08-18,P0068,212,0,0,212,0
2024-08-18,P0069,132,0,4,128,0
2024-08-18,P0070,17,0,5,12,0
2024-08-18,P0071,173,0,3,170,0
2024-08-18,P0072,229,0,2,227,0
2024-08-18,P0073,0,0,1,0,0
2024-08-18,P0074,48,0,4,44,0
2024-08-18,P0075,28,0,9,19,0
2024-08-18,P0076,56,0,0,56,0
2024-08-18,P0077,271,0,2,269,0
2024-08-18,P0078,62,0,2,60,0
2024-08-18,P0079,0,0,39,0,0
2024-08-18,P0080,253,12,0,265,0
2024-08-19,P0001,0,0,1,0,3
2024-08-19,P0002,329,0,0,329,0
2024-08-19,P0003,42,0,2,40,0
2024-08-19,P0004,4,37,3,38,0
2024-08-19,P0005,124,0,2,122,0
2024-08-19,P0006,59,0,1,58,0
2024-08-19,P0007,265,0,0,265,0
2024-08-19,P0008,223,0,0,223,0
2024-08-19,P0009,0,0,7,0,0
2024-08-19,P0010,5,0,1,4,0
2024-08-19,P0011,0,0,3,0,0
2024-08-19,P0012,196,0,0,196,0
2024-08-19,P0013,100,0,0,100,0
2024-08-19,P0014,60,18,4,74,0
2024-08-19,P0015,67,0,8,59,0
2024-08-19,P0016,0,0,4,0,0
2024-08-19,P0017,0,0,4,0,0
2024-08-19,P0018,87,0,0,87,0
2024-08-19,P0019,300,0,2,298,0
2024-08-19,P0020,208,0,3,205,0
2024-08-19,P0021,6,0,1,5,0
2024-08-19,P0022,0,0,1,0,2
2024-08-19,P0023,272,0,0,272,0
2024-08-19,P0024,203,21,0,224,0
2024-08-19,P0025,0,0,5,0,0
2024-08-19,P0026,326,0,0,326,0
2024-08-19,P0027,247,12,0,259,0
2024-08-19,P0028,11,0,0,11,0
2024-08-19,P0029,22,0,1,21,0
2024-08-19,P0030,25,0,1,24,0
2024-08-19,P0031,389,0,0,389,0
2024-08-19,P0032,13,0,9,4,0
2024-08-19,P0033,123,0,0,123,0
2024-08-19,P0034,201,0,0,201,0
2024-08-19,P0035,0,0,7,0,0
2024-08-19,P0036,0,0,3,0,0
2024-08-19,P0037,4,0,2,2,0
2024-08-19,P0038,70,0,1,69,0
2024-08-19,P0039,25,0,4,21,0
2024-08-19,P0040,110,0,0,110,0
2024-08-19,P0041,129,0,1,128,0
2024-08-19,P0042,146,0,0,146,0
2024-08-19,P0043,271,0,0,271,0
2024-08-19,P0044,0,0,16,0,3
2024-08-19,P0045,111,0,3,108,0
2024-08-19,P0046,39,0,2,37,0
2024-08-19,P0047,70,0,2,68,0
2024-08-19,P0048,0,0,10,0,0
2024-08-19,P0049,90,0,3,87,0
2024-08-19,P0050,115,0,0,115,0
2024-08-19,P0051,84,0,0,84,0
2024-08-19,P0052,193,0,0,193,0
2024-08-19,P0053,0,0,1,0,0
2024-08-19,P0054,189,0,0,189,0
2024-08-19,P0055,361,0,4,357,0
2024-08-19,P0056,0,0,7,0,0
2024-08-19,P0057,256,0,3,253,0
2024-08-19,P0058,59,0,0,59,0
2024-08-19,P0059,0,97,12,85,0
2024-08-19,P0060,13,0,10,3,0
2024-08-19,P0061,12,0,1,11,0
2024-08-19,P0062,246,0,0,246,0
2024-08-19,P0063,0,0,14,0,0
2024-08-19,P0064,173,0,4,169,0
2024-08-19,P0065,178,0,8,170,0
2024-08-19,P0066,251,74,5,320,0
2024-08-19,P0067,0,0,4,0,0
2024-08-19,P0068,212,0,3,209,0
2024-08-19,P0069,128,0,0,128,0
2024-08-19,P0070,12,0,3,9,0
2024-08-19,P0071,170,0,0,170,0
2024-08-19,P0072,227,0,0,227,0
2024-08-19,P0073,0,0,1,0,0
2024-08-19,P0074,44,0,7,36,1
2024-08-19,P0075,19,0,2,17,0
2024-08-19,P0076,56,0,6,50,0
2024-08-19,P0077,269,0,0,269,0
2024-08-19,P0078,60,0,0,60,0
2024-08-19,P0079,0,269,12,257,0
2024-08-19,P0080,265,0,0,265,0
2024-08-20,P0001,0,0,18,0,0
2024-08-20,P0002,329,0,0,329,0
2024-08-20,P0003,40,18,1,57,0
2024-08-20,P0004,38,0,6,32,0
2024-08-20,P0005,122,0,7,115,0
2024-08-20,P0006,58,0,1,57,0
2024-08-20,P0007,265,0,0,265,0
2024-08-20,P0008,223,0,3,220,0
2024-08-20,P0009,0,0,6,0,0
2024-08-20,P0010,4,0,14,0,0
2024-08-20,P0011,0,0,1,0,0
2024-08-20,P0012,196,0,1,195,0
2024-08-20,P0013,100,0,0,100,0
2024-08-20,P0014,74,0,0,74,0
2024-08-20,P0015,59,0,9,50,0
2024-08-20,P0016,0,0,0,0,0
2024-08-20,P0017,0,0,0,0,0
2024-08-20,P0018,87,0,0,87,0
2024-08-20,P0019,298,0,1,297,0
2024-08-20,P0020,205,0,0,205,0
2024-08-20,P0021,5,0,4,1,0
2024-08-20,P0022,0,0,3,0,0
2024-08-20,P0023,272,0,0,272,0
2024-08-20,P0024,224,0,0,224,0
2024-08-20,P0025,0,0,5,0,0
2024-08-20,P0026,326,0,0,326,0
2024-08-20,P0027,259,0,0,259,0
2024-08-20,P0028,11,0,2,9,0
2024-08-20,P0029,21,0,0,21,0
2024-08-20,P0030,24,0,4,17,3
2024-08-20,P0031,389,0,0,389,0
2024-08-20,P0032,4,0,0,4,0
2024-08-20,P0033,123,0,0,123,0
2024-08-20,P0034,201,0,0,201,0
2024-08-20,P0035,0,28,0,28,0
2024-08-20,P0036,0,0,1,0,0
2024-08-20,P0037,2,0,1,1,0
2024-08-20,P0038,69,0,0,69,0
2024-08-20,P0039,21,0,4,17,0
2024-08-20,P0040,110,0,0,110,0
2024-08-20,P0041,128,0,1,127,0
2024-08-20,P0042,146,0,0,146,0
2024-08-20,P0043,271,0,0,271,0
2024-08-20,P0044,0,0,7,0,0
2024-08-20,P0045,108,0,0,108,0
2024-08-20,P0046,37,0,1,36,0
2024-08-20,P0047,68,0,0,68,0
2024-08-20,P0048,0,0,7,0,0
2024-08-20,P0049,87,0,2,85,0
2024-08-20,P0050,115,0,3,112,0
2024-08-20,P0051,84,0,0,84,0
2024-08-20,P0052,193,0,0,193,0
2024-08-20,P0053,0,0,0,0,0
2024-08-20,P0054,189,0,4,185,0
2024-08-20,P0055,357,0,0,357,0
2024-08-20,P0056,0,14,12,2,0
2024-08-20,P0057,253,0,0,253,0
2024-08-20,P0058,59,0,8,48,3
2024-08-20,P0059,85,0,17,68,0
2024-08-20,P0060,3,30,19,14,0
2024-08-20,P0061,11,0,0,9,2
2024-08-20,P0062,246,0,0,246,0
2024-08-20,P0063,0,0,16,0,0
2024-08-20,P0064,169,0,0,169,0
2024-08-20,P0065,170,0,14,156,0
2024-08-20,P0066,320,0,22,298,0
2024-08-20,P0067,0,0,1,0,0
2024-08-20,P0068,209,0,1,208,0
2024-08-20,P0069,128,0,7,121,0
2024-08-20,P0070,9,0,1,8,0
2024-08-20,P0071,170,0,0,170,0
2024-08-20,P0072,227,0,2,225,0
2024-08-20,P0073,0,0,2,0,0
2024-08-20,P0074,36,0,12,24,0
2024-08-20,P0075,17,0,1,16,0
2024-08-20,P0076,50,0,1,49,0
2024-08-20,P0077,269,0,0,269,0
2024-08-20,P0078,60,21,3,78,0
2024-08-20,P0079,257,0,28,229,0
2024-08-20,P0080,265,0,0,265,0
2024-08-21,P0001,0,0,3,0,0
2024-08-21,P0002,329,0,0,329,0
2024-08-21,P0003,57,0,7,50,0
2024-08-21,P0004,32,0,1,31,0
2024-08-21,P0005,115,0,0,115,0
2024-08-21,P0006,57,19,1,75,0
2024-08-21,P0007,265,0,1,264,0
2024-08-21,P0008,220,0,0,220,0
2024-08-21,P0009,0,0,0,0,0
2024-08-21,P0010,0,0,11,0,0
2024-08-21,P0011,0,0,1,0,0
2024-08-21,P0012,195,0,3,192,0
2024-08-21,P0013,100,0,2,98,0
2024-08-21,P0014,74,0,7,67,0
2024-08-21,P0015,50,53,10,93,0
2024-08-21,P0016,0,0,6,0,0
2024-08-21,P0017,0,0,0,0,1
2024-08-21,P0018,87,0,1,86,0
2024-08-21,P0019,297,0,0,297,0
2024-08-21,P0020,205,0,5,200,0
2024-08-21,P0021,1,0,5,0,0
2024-08-21,P0022,0,0,5,0,0
2024-08-21,P0023,272,0,0,272,0
2024-08-21,P0024,224,0,0,224,0
2024-08-21,P0025,0,0,4,0,0
2024-08-21,P0026,326,0,0,326,0
2024-08-21,P0027,259,14,0,273,0
2024-08-21,P0028,9,18,6,21,0
2024-08-21,P0029,21,0,2,19,0
2024-08-21,P0030,17,0,2,15,0
2024-08-21,P0031,389,0,0,389,0
2024-08-21,P0032,4,0,10,0,0
2024-08-21,P0033,123,0,3,120,0
2024-08-21,P0034,201,0,0,201,0
2024-08-21,P0035,28,0,7,21,0
2024-08-21,P0036,0,0,3,0,0
2024-08-21,P0037,1,0,0,1,0
2024-08-21,P0038,69,21,0,90,0
2024-08-21,P0039,17,0,5,12,0
2024-08-21,P0040,110,0,1,109,0
2024-08-21,P0041,127,12,0,139,0
2024-08-21,P0042,146,0,1,145,0
2024-08-21,P0043,271,0,0,271,0
2024-08-21,P0044,0,0,10,0,0
2024-08-21,P0045,108,0,0,108,0
2024-08-21,P0046,36,0,14,22,0
2024-08-21,P0047,68,0,6,62,0
2024-08-21,P0048,0,0,4,0,0
2024-08-21,P0049,85,0,5,80,0
2024-08-21,P0050,112,0,3,109,0
2024-08-21,P0051,84,0,2,82,0
2024-08-21,P0052,193,0,0,193,0
2024-08-21,P0053,0,0,2,0,0
2024-08-21,P0054,185,21,0,206,0
2024-08-21,P0055,357,0,0,357,0
2024-08-21,P0056,2,13,0,15,0
2024-08-21,P0057,253,0,0,253,0
2024-08-21,P0058,48,0,15,33,0
2024-08-21,P0059,68,60,7,121,0
2024-08-21,P0060,14,0,7,7,0
2024-08-21,P0061,9,0,0,9,0
2024-08-21,P0062,246,0,0,246,0
2024-08-21,P0063,0,0,15,0,0
2024-08-21,P0064,169,0,0,169,0
2024-08-21,P0065,156,0,9,147,0
2024-08-21,P0066,298,0,7,291,0
2024-08-21,P0067,0,0,5,0,0
2024-08-21,P0068,208,0,0,208,0
2024-08-21,P0069,121,14,0,135,0
2024-08-21,P0070,8,0,1,7,0
2024-08-21,P0071,170,0,0,170,0
2024-08-21,P0072,225,14,1,238,0
2024-08-21,P0073,0,0,0,0,0
2024-08-21,P0074,24,0,3,21,0
2024-08-21,P0075,16,0,2,14,0
2024-08-21,P0076,49,0,0,49,0
2024-08-21,P0077,269,0,3,266,0
2024-08-21,P0078,78,0,4,74,0
2024-08-21,P0079,229,0,40,189,0
2024-08-21,P0080,265,0,0,265,0
2024-08-22,P0001,0,0,1,0,0
2024-08-22,P0002,329,0,0,329,0
2024-08-22,P0003,50,0,1,47,2
2024-08-22,P0004,31,0,7,24,0
2024-08-22,P0005,115,0,4,111,0
2024-08-22,P0006,75,0,0,75,0
2024-08-22,P0007,264,0,0,264,0
2024-08-22,P0008,220,0,0,218,2
2024-08-22,P0009,0,0,6,0,0
2024-08-22,P0010,0,0,3,0,0
2024-08-22,P0011,0,0,0,0,0
2024-08-22,P0012,192,17,0,209,0
2024-08-22,P0013,98,0,0,98,0
2024-08-22,P0014,67,0,0,67,0
2024-08-22,P0015,93,0,1,92,0
2024-08-22,P0016,0,0,3,0,0
2024-08-22,P0017,0,0,5,0,0
2024-08-22,P0018,86,0,1,83,2
2024-08-22,P0019,297,20,0,317,0
2024-08-22,P0020,200,0,0,200,0
2024-08-22,P0021,0,0,3,0,0
2024-08-22,P0022,0,0,9,0,0
2024-08-22,P0023,272,10,0,281,1
2024-08-22,P0024,224,17,5,236,0
2024-08-22,P0025,0,0,0,0,0
2024-08-22,P0026,326,13,0,339,0
2024-08-22,P0027,273,22,0,295,0
2024-08-22,P0028,21,0,2,19,0
2024-08-22,P0029,19,0,2,17,0
2024-08-22,P0030,15,0,1,11,3
2024-08-22,P0031,389,0,1,388,0
2024-08-22,P0032,0,0,2,0,0
2024-08-22,P0033,120,0,3,117,0
2024-08-22,P0034,201,0,0,201,0
2024-08-22,P0035,21,0,12,9,0
2024-08-22,P0036,0,0,0,0,0
2024-08-22,P0037,1,0,1,0,0
2024-08-22,P0038,90,0,0,90,0
2024-08-22,P0039,12,0,0,12,0
2024-08-22,P0040,109,0,0,109,0
2024-08-22,P0041,139,0,0,139,0
2024-08-22,P0042,145,0,0,145,0
2024-08-22,P0043,271,0,0,271,0
2024-08-22,P0044,0,78,12,66,0
2024-08-22,P0045,108,0,7,101,0
2024-08-22,P0046,22,0,8,14,0
2024-08-22,P0047,62,0,2,60,0
2024-08-22,P0048,0,0,1,0,0
2024-08-22,P0049,80,0,0,80,0
2024-08-22,P0050,109,0,0,109,0
2024-08-22,P0051,82,0,4,78,0
2024-08-22,P0052,193,19,0,212,0
2024-08-22,P0053,0,24,4,20,0
2024-08-22,P0054,206,19,0,225,0
2024-08-22,P0055,357,0,0,357,0
2024-08-22,P0056,15,0,0,13,2
2024-08-22,P0057,253,0,8,245,0
2024-08-22,P0058,33,0,10,23,0
2024-08-22,P0059,121,91,9,203,0
2024-08-22,P0060,7,0,13,0,0
2024-08-22,P0061,9,0,0,9,0
2024-08-22,P0062,246,13,0,259,0
2024-08-22,P0063,0,0,11,0,0
2024-08-22,P0064,169,0,8,161,0
2024-08-22,P0065,147,0,16,131,0
2024-08-22,P0066,291,112,8,395,0
2024-08-22,P0067,0,0,2,0,0
2024-08-22,P0068,208,0,3,205,0
2024-08-22,P0069,135,0,0,135,0
2024-08-22,P0070,7,0,7,0,0
2024-08-22,P0071,170,0,0,170,0
2024-08-22,P0072,238,0,0,238,0
2024-08-22,P0073,0,0,0,0,0
2024-08-22,P0074,21,0,7,14,0
2024-08-22,P0075,14,26,1,39,0
2024-08-22,P0076,49,0,4,45,0
2024-08-22,P0077,266,22,0,288,0
2024-08-22,P0078,74,0,2,72,0
2024-08-22,P0079,189,0,32,157,0
2024-08-22,P0080,265,13,6,272,0
2024-08-23,P0001,0,0,5,0,0
2024-08-23,P0002,329,0,0,329,0
2024-08-23,P0003,47,0,4,43,0
2024-08-23,P0004,24,0,2,22,0
2024-08-23,P0005,111,0,0,111,0
2024-08-23,P0006,75,0,5,70,0
2024-08-23,P0007,264,0,0,264,0
2024-08-23,P0008,218,0,0,218,0
2024-08-23,P0009,0,0,6,0,0
2024-08-23,P0010,0,0,12,0,0
2024-08-23,P0011,0,0,1,0,0
2024-08-23,P0012,209,0,1,208,0
2024-08-23,P0013,98,0,0,98,0
2024-08-23,P0014,67,0,2,65,0
2024-08-23,P0015,92,0,2,90,0
2024-08-23,P0016,0,0,0,0,0
2024-08-23,P0017,0,0,0,0,0
2024-08-23,P0018,83,26,0,109,0
2024-08-23,P0019,317,0,0,317,0
2024-08-23,P0020,200,0,7,193,0
2024-08-23,P0021,0,0,2,0,0
2024-08-23,P0022,0,0,0,0,0
2024-08-23,P0023,281,0,1,280,0
2024-08-23,P0024,236,0,1,235,0
2024-08-23,P0025,0,0,0,0,0
2024-08-23,P0026,339,0,0,339,0
2024-08-23,P0027,295,0,1,294,0
2024-08-23,P0028,19,0,0,19,0
2024-08-23,P0029,17,0,6,11,0
2024-08-23,P0030,11,0,3,8,0
2024-08-23,P0031,388,0,0,388,0
2024-08-23,P0032,0,0,1,0,0
2024-08-23,P0033,117,0,0,117,0
2024-08-23,P0034,201,0,0,201,0
2024-08-23,P0035,9,0,2,7,0
2024-08-23,P0036,0,0,6,0,0
2024-08-23,P0037,0,24,2,22,0
2024-08-23,P0038,90,0,0,90,0
2024-08-23,P0039,12,0,1,11,0
2024-08-23,P0040,109,0,0,109,0
2024-08-23,P0041,139,0,0,139,0
2024-08-23,P0042,145,0,0,145,0
2024-08-23,P0043,271,0,1,270,0
2024-08-23,P0044,66,0,15,51,0
2024-08-23,P0045,101,0,0,101,0
2024-08-23,P0046,14,0,3,11,0
2024-08-23,P0047,60,0,4,56,0
2024-08-23,P0048,0,0,5,0,0
2024-08-23,P0049,80,0,0,80,0
2024-08-23,P0050,109,0,0,109,0
2024-08-23,P0051,78,0,0,78,0
2024-08-23,P0052,212,0,2,210,0
2024-08-23,P0053,20,0,6,14,0
2024-08-23,P0054,225,0,0,225,0
2024-08-23,P0055,357,0,0,357,0
2024-08-23,P0056,13,0,1,12,0
2024-08-23,P0057,245,0,0,245,0
2024-08-23,P0058,23,0,13,10,0
2024-08-23,P0059,203,0,4,199,0
2024-08-23,P0060,0,0,3,0,0
2024-08-23,P0061,9,0,0,9,0
2024-08-23,P0062,259,0,0,259,0
2024-08-23,P0063,0,0,16,0,0
2024-08-23,P0064,161,0,0,161,0
2024-08-23,P0065,131,0,15,116,0
2024-08-23,P0066,395,0,15,380,0
2024-08-23,P0067,0,0,1,0,0
2024-08-23,P0068,205,0,0,205,0
2024-08-23,P0069,135,0,0,135,0
2024-08-23,P0070,0,0,4,0,0
2024-08-23,P0071,170,0,0,170,0
2024-08-23,P0072,238,0,0,237,1
2024-08-23,P0073,0,0,2,0,0
2024-08-23,P0074,14,0,4,10,0
2024-08-23,P0075,39,0,0,39,0
2024-08-23,P0076,45,0,3,42,0
2024-08-23,P0077,288,0,0,288,0
2024-08-23,P0078,72,0,5,67,0
2024-08-23,P0079,157,0,40,117,0
2024-08-23,P0080,272,15,0,287,0
2024-08-24,P0001,0,0,11,0,0
2024-08-24,P0002,329,0,0,329,0
2024-08-24,P0003,43,0,3,40,0
2024-08-24,P0004,22,0,10,12,0
2024-08-24,P0005,111,0,0,111,0
2024-08-24,P0006,70,0,10,60,0
2024-08-24,P0007,264,0,0,264,0
2024-08-24,P0008,218,0,0,218,0
2024-08-24,P0009,0,0,4,0,0
2024-08-24,P0010,0,54,10,44,0
2024-08-24,P0011,0,0,0,0,0
2024-08-24,P0012,208,0,0,208,0
2024-08-24,P0013,98,0,0,98,0
2024-08-24,P0014,65,0,1,64,0
2024-08-24,P0015,90,0,12,78,0
2024-08-24,P0016,0,0,11,0,0
2024-08-24,P0017,0,0,4,0,0
2024-08-24,P0018,109,0,0,109,0
2024-08-24,P0019,317,0,0,317,0
2024-08-24,P0020,193,0,0,193,0
2024-08-24,P0021,0,0,5,0,0
2024-08-24,P0022,0,0,1,0,0
2024-08-24,P0023,280,0,0,280,0
2024-08-24,P0024,235,0,0,235,0
2024-08-24,P0025,0,18,2,16,0
2024-08-24,P0026,339,0,0,339,0
2024-08-24,P0027,294,0,0,294,0
2024-08-24,P0028,19,14,1,32,0
2024-08-24,P0029,11,0,2,9,0
2024-08-24,P0030,8,0,0,8,0
2024-08-24,P0031,388,0,3,385,0
2024-08-24,P0032,0,0,6,0,0
2024-08-24,P0033,117,0,1,116,0
2024-08-24,P0034,201,0,1,200,0
2024-08-24,P0035,7,0,0,7,0
2024-08-24,P0036,0,0,0,0,0
2024-08-24,P0037,22,37,5,54,0
2024-08-24,P0038,90,0,0,90,0
2024-08-24,P0039,11,0,1,10,0
2024-08-24,P0040,109,0,0,109,0
2024-08-24,P0041,139,0,0,139,0
2024-08-24,P0042,145,0,8,137,0
2024-08-24,P0043,270,0,0,270,0
2024-08-24,P0044,51,0,17,34,0
2024-08-24,P0045,101,0,1,100,0
2024-08-24,P0046,11,35,13,33,0
2024-08-24,P0047,56,0,0,56,0
2024-08-24,P0048,0,0,4,0,0
2024-08-24,P0049,80,0,2,78,0
2024-08-24,P0050,109,0,6,103,0
2024-08-24,P0051,78,0,2,73,3
2024-08-24,P0052,210,0,0,210,0
2024-08-24,P0053,14,0,1,13,0
2024-08-24,P0054,225,0,0,225,0
2024-08-24,P0055,357,0,0,357,0
2024-08-24,P0056,12,0,0,12,0
2024-08-24,P0057,245,0,4,241,0
2024-08-24,P0058,10,0,5,5,0
2024-08-24,P0059,199,0,18,181,0
2024-08-24,P0060,0,53,5,48,0
2024-08-24,P0061,9,0,0,9,0
2024-08-24,P0062,259,0,0,259,0
2024-08-24,P0063,0,0,4,0,0
2024-08-24,P0064,161,0,0,161,0
2024-08-24,P0065,116,0,21,95,0
2024-08-24,P0066,380,116,28,468,0
2024-08-24,P0067,0,34,14,20,0
2024-08-24,P0068,205,0,5,200,0
2024-08-24,P0069,135,0,2,133,0
2024-08-24,P0070,0,0,7,0,0
2024-08-24,P0071,170,0,0,170,0
2024-08-24,P0072,237,0,0,237,0
2024-08-24,P0073,0,0,4,0,0
2024-08-24,P0074,10,51,15,46,0
2024-08-24,P0075,39,0,0,39,0
2024-08-24,P0076,42,0,14,28,0
2024-08-24,P0077,288,0,0,288,0
2024-08-24,P0078,67,0,6,61,0
2024-08-24,P0079,117,0,47,70,0
2024-08-24,P0080,287,0,2,285,0
2024-08-25,P0001,0,0,9,0,0
2024-08-25,P0002,329,0,0,329,0
2024-08-25,P0003,40,0,1,39,0
2024-08-25,P0004,12,0,3,9,0
2024-08-25,P0005,111,17,0,128,0
2024-08-25,P0006,60,0,1,59,0
2024-08-25,P0007,264,12,3,273,0
2024-08-25,P0008,218,0,0,218,0
2024-08-25,P0009,0,0,11,0,0
2024-08-25,P0010,44,0,5,39,0
2024-08-25,P0011,0,26,2,24,0
2024-08-25,P0012,208,0,4,204,0
2024-08-25,P0013,98,0,0,98,0
2024-08-25,P0014,64,0,2,62,0
2024-08-25,P0015,78,0,13,65,0
2024-08-25,P0016,0,0,16,0,0
2024-08-25,P0017,0,0,2,0,0
2024-08-25,P0018,109,0,4,105,0
2024-08-25,P0019,317,0,0,317,0
2024-08-25,P0020,193,0,0,193,0
2024-08-25,P0021,0,0,2,0,0
2024-08-25,P0022,0,0,0,0,0
2024-08-25,P0023,280,0,0,280,0
2024-08-25,P0024,235,0,0,235,0
2024-08-25,P0025,16,0,4,11,1
2024-08-25,P0026,339,0,1,336,2
2024-08-25,P0027,294,21,0,315,0
2024-08-25,P0028,32,0,0,32,0
2024-08-25,P0029,9,27,2,34,0
2024-08-25,P0030,8,0,0,8,0
2024-08-25,P0031,385,0,0,385,0
2024-08-25,P0032,0,0,10,0,0
2024-08-25,P0033,116,0,1,115,0
2024-08-25,P0034,200,0,4,196,0
2024-08-25,P0035,7,0,1,6,0
2024-08-25,P0036,0,0,0,0,0
2024-08-25,P0037,54,0,9,45,0
2024-08-25,P0038,90,0,1,89,0
2024-08-25,P0039,10,0,0,10,0
2024-08-25,P0040,109,0,4,105,0
2024-08-25,P0041,139,0,0,139,0
2024-08-25,P0042,137,0,0,137,0
2024-08-25,P0043,270,0,5,265,0
2024-08-25,P0044,34,84,12,106,0
2024-08-25,P0045,100,0,4,96,0
2024-08-25,P0046,33,0,15,18,0
2024-08-25,P0047,56,12,0,68,0
2024-08-25,P0048,0,0,2,0,0
2024-08-25,P0049,78,0,4,74,0
2024-08-25,P0050,103,0,4,99,0
2024-08-25,P0051,73,0,0,73,0
2024-08-25,P0052,210,0,0,210,0
2024-08-25,P0053,13,0,6,7,0
2024-08-25,P0054,225,0,0,225,0
2024-08-25,P0055,357,0,0,357,0
2024-08-25,P0056,12,0,8,4,0
2024-08-25,P0057,241,0,0,241,0
2024-08-25,P0058,5,0,5,0,0
2024-08-25,P0059,181,0,24,157,0
2024-08-25,P0060,48,0,6,42,0
2024-08-25,P0061,9,0,1,8,0
2024-08-25,P0062,259,16,1,272,2
2024-08-25,P0063,0,0,25,0,0
2024-08-25,P0064,161,0,4,157,0
2024-08-25,P0065,95,0,16,79,0
2024-08-25,P0066,468,0,19,449,0
2024-08-25,P0067,20,0,7,13,0
2024-08-25,P0068,200,0,3,197,0
2024-08-25,P0069,133,0,1,132,0
2024-08-25,P0070,0,0,0,0,0
2024-08-25,P0071,170,0,2,168,0
2024-08-25,P0072,237,0,0,237,0
2024-08-25,P0073,0,0,4,0,0
2024-08-25,P0074,46,0,13,33,0
2024-08-25,P0075,39,0,0,39,0
2024-08-25,P0076,28,0,8,20,0
2024-08-25,P0077,288,12,5,295,0
2024-08-25,P0078,61,0,3,57,1
2024-08-25,P0079,70,0,60,10,0
2024-08-25,P0080,285,0,2,283,0
2024-08-26,P0001,0,0,4,0,0
2024-08-26,P0002,329,0,0,329,0
2024-08-26,P0003,39,0,0,39,0
2024-08-26,P0004,9,0,7,2,0
2024-08-26,P0005,128,0,0,128,0
2024-08-26,P0006,59,0,0,59,0
2024-08-26,P0007,273,0,3,270,0
2024-08-26,P0008,218,0,0,218,0
2024-08-26,P0009,0,0,4,0,0
2024-08-26,P0010,39,50,3,86,0
2024-08-26,P0011,24,0,0,24,0
2024-08-26,P0012,204,0,2,202,0
2024-08-26,P0013,98,17,0,115,0
2024-08-26,P0014,62,0,1,61,0
2024-08-26,P0015,65,0,3,62,0
2024-08-26,P0016,0,47,10,37,0
2024-08-26,P0017,0,0,0,0,0
2024-08-26,P0018,105,0,3,102,0
2024-08-26,P0019,317,0,0,317,0
2024-08-26,P0020,193,0,2,191,0
2024-08-26,P0021,0,0,1,0,0
2024-08-26,P0022,0,0,0,0,0
2024-08-26,P0023,280,0,0,280,0
2024-08-26,P0024,235,0,0,235,0
2024-08-26,P0025,11,0,1,10,0
2024-08-26,P0026,336,0,0,336,0
2024-08-26,P0027,315,0,0,315,0
2024-08-26,P0028,32,0,0,32,0
2024-08-26,P0029,34,0,1,33,0
2024-08-26,P0030,8,0,4,4,0
2024-08-26,P0031,385,0,0,385,0
2024-08-26,P0032,0,0,2,0,0
2024-08-26,P0033,115,0,0,115,0
2024-08-26,P0034,196,13,0,209,0
2024-08-26,P0035,6,0,7,0,3
2024-08-26,P0036,0,0,0,0,0
2024-08-26,P0037,45,0,11,34,0
2024-08-26,P0038,89,0,1,88,0
2024-08-26,P0039,10,0,0,10,0
2024-08-26,P0040,105,0,3,102,0
2024-08-26,P0041,139,0,0,139,0
2024-08-26,P0042,137,0,0,137,0
2024-08-26,P0043,265,20,1,284,0
2024-08-26,P0044,106,0,7,99,0
2024-08-26,P0045,96,22,4,114,0
2024-08-26,P0046,18,0,1,14,3
2024-08-26,P0047,68,0,1,67,0
2024-08-26,P0048,0,36,4,32,0
2024-08-26,P0049,74,0,1,73,0
2024-08-26,P0050,99,0,2,97,0
2024-08-26,P0051,73,0,0,73,0
2024-08-26,P0052,210,0,0,210,0
2024-08-26,P0053,7,23,0,30,0
2024-08-26,P0054,225,0,0,225,0
2024-08-26,P0055,357,0,0,357,0
2024-08-26,P0056,4,22,2,24,0
2024-08-26,P0057,241,0,0,241,0
2024-08-26,P0058,0,67,11,56,0
2024-08-26,P0059,157,0,8,149,0
2024-08-26,P0060,42,46,12,75,1
2024-08-26,P0061,8,0,0,8,0
2024-08-26,P0062,272,0,0,272,0
2024-08-26,P0063,0,0,4,0,0
2024-08-26,P0064,157,0,2,155,0
2024-08-26,P0065,79,0,11,68,0
2024-08-26,P0066,449,0,24,425,0
2024-08-26,P0067,13,0,9,4,0
2024-08-26,P0068,197,0,0,197,0
2024-08-26,P0069,132,0,0,132,0
2024-08-26,P0070,0,0,3,0,0
2024-08-26,P0071,168,0,0,168,0
2024-08-26,P0072,237,0,0,237,0
2024-08-26,P0073,0,0,12,0,0
2024-08-26,P0074,33,0,14,19,0
2024-08-26,P0075,39,0,0,39,0
2024-08-26,P0076,20,0,0,20,0
2024-08-26,P0077,295,0,0,295,0
2024-08-26,P0078,57,0,0,57,0
2024-08-26,P0079,10,0,45,0,0
2024-08-26,P0080,283,0,0,282,1
2024-08-27,P0001,0,0,17,0,0
2024-08-27,P0002,329,0,0,329,0
2024-08-27,P0003,39,0,4,35,0
2024-08-27,P0004,2,0,3,0,0
2024-08-27,P0005,128,0,0,128,0
2024-08-27,P0006,59,0,0,59,0
2024-08-27,P0007,270,0,1,269,0
2024-08-27,P0008,218,0,1,217,0
2024-08-27,P0009,0,0,6,0,0
2024-08-27,P0010,86,0,5,81,0
2024-08-27,P0011,24,21,0,45,0
2024-08-27,P0012,202,0,0,202,0
2024-08-27,P0013,115,0,0,115,0
2024-08-27,P0014,61,0,1,60,0
2024-08-27,P0015,62,0,3,59,0
2024-08-27,P0016,37,0,12,25,0
2024-08-27,P0017,0,0,4,0,0
2024-08-27,P0018,102,0,0,102,0
2024-08-27,P0019,317,0,0,317,0
2024-08-27,P0020,191,0,0,191,0
2024-08-27,P0021,0,0,2,0,0
2024-08-27,P0022,0,0,0,0,0
2024-08-27,P0023,280,0,0,280,0
2024-08-27,P0024,235,0,0,235,0
2024-08-27,P0025,10,13,0,23,0
2024-08-27,P0026,336,0,0,336,0
2024-08-27,P0027,315,0,0,315,0
2024-08-27,P0028,32,0,2,30,0
2024-08-27,P0029,33,0,0,33,0
2024-08-27,P0030,4,0,4,0,0
2024-08-27,P0031,385,0,0,385,0
2024-08-27,P0032,0,0,2,0,0
2024-08-27,P0033,115,0,1,114,0
2024-08-27,P0034,209,0,0,209,0
2024-08-27,P0035,0,0,1,0,0
2024-08-27,P0036,0,0,0,0,0
2024-08-27,P0037,34,0,24,10,0
2024-08-27,P0038,88,0,3,85,0
2024-08-27,P0039,10,0,0,10,0
2024-08-27,P0040,102,0,4,98,0
2024-08-27,P0041,139,0,0,139,0
2024-08-27,P0042,137,0,0,136,1
2024-08-27,P0043,284,0,5,279,0
2024-08-27,P0044,99,0,9,90,0
2024-08-27,P0045,114,0,0,114,0
2024-08-27,P0046,14,0,8,6,0
2024-08-27,P0047,67,0,0,67,0
2024-08-27,P0048,32,0,0,32,0
2024-08-27,P0049,73,0,3,70,0
2024-08-27,P0050,97,14,1,110,0
2024-08-27,P0051,73,16,1,88,0
2024-08-27,P0052,210,0,0,210,0
2024-08-27,P0053,30,0,4,26,0
2024-08-27,P0054,225,0,0,225,0
2024-08-27,P0055,357,0,0,357,0
2024-08-27,P0056,24,0,1,23,0
2024-08-27,P0057,241,0,0,241,0
2024-08-27,P0058,56,0,10,46,0
2024-08-27,P0059,149,0,14,135,0
2024-08-27,P0060,75,0,5,70,0
2024-08-27,P0061,8,0,2,6,0
2024-08-27,P0062,272,0,0,272,0
2024-08-27,P0063,0,0,8,0,0
2024-08-27,P0064,155,0,0,155,0
2024-08-27,P0065,68,0,12,55,1
2024-08-27,P0066,425,0,18,407,0
2024-08-27,P0067,4,0,0,4,0
2024-08-27,P0068,197,0,0,197,0
2024-08-27,P0069,132,0,4,128,0
2024-08-27,P0070,0,0,8,0,0
2024-08-27,P0071,168,0,2,166,0
2024-08-27,P0072,237,0,0,237,0
2024-08-27,P0073,0,13,2,11,0
2024-08-27,P0074,19,0,9,10,0
2024-08-27,P0075,39,0,8,31,0
2024-08-27,P0076,20,12,0,32,0
2024-08-27,P0077,295,0,0,295,0
2024-08-27,P0078,57,0,0,57,0
2024-08-27,P0079,0,149,19,130,0
2024-08-27,P0080,282,0,0,282,0
2024-08-28,P0001,0,0,5,0,0
2024-08-28,P0002,329,10,5,334,0
2024-08-28,P0003,35,0,4,31,0
2024-08-28,P0004,0,0,1,0,0
2024-08-28,P0005,128,0,0,128,0
2024-08-28,P0006,59,0,0,59,0
2024-08-28,P0007,269,0,0,269,0
2024-08-28,P0008,217,0,0,216,1
2024-08-28,P0009,0,0,5,0,0
2024-08-28,P0010,81,0,8,73,0
2024-08-28,P0011,45,0,0,45,0
2024-08-28,P0012,202,0,0,202,0
2024-08-28,P0013,115,17,0,132,0
2024-08-28,P0014,60,0,5,55,0
2024-08-28,P0015,59,57,7,109,0
2024-08-28,P0016,25,0,5,20,0
2024-08-28,P0017,0,0,0,0,0
2024-08-28,P0018,102,0,0,102,0
2024-08-28,P0019,317,0,2,315,0
2024-08-28,P0020,191,0,0,191,0
2024-08-28,P0021,0,0,7,0,0
2024-08-28,P0022,0,0,6,0,0
2024-08-28,P0023,280,0,0,280,0
2024-08-28,P0024,235,0,0,235,0
2024-08-28,P0025,23,0,3,20,0
2024-08-28,P0026,336,0,0,336,0
2024-08-28,P0027,315,0,4,311,0
2024-08-28,P0028,30,0,0,30,0
2024-08-28,P0029,33,0,3,30,0
2024-08-28,P0030,0,0,3,0,1
2024-08-28,P0031,385,0,0,385,0
2024-08-28,P0032,0,0,0,0,0
2024-08-28,P0033,114,0,0,114,0
2024-08-28,P0034,209,0,1,208,0
2024-08-28,P0035,0,30,0,30,0
2024-08-28,P0036,0,15,1,14,0
2024-08-28,P0037,10,0,0,10,0
2024-08-28,P0038,85,0,8,77,0
2024-08-28,P0039,10,0,6,4,0
2024-08-28,P0040,98,0,0,98,0
2024-08-28,P0041,139,0,0,139,0
2024-08-28,P0042,136,0,0,136,0
2024-08-28,P0043,279,0,0,279,0
2024-08-28,P0044,90,0,25,65,0
2024-08-28,P0045,114,0,0,114,0
2024-08-28,P0046,6,0,13,0,0
2024-08-28,P0047,67,0,5,62,0
2024-08-28,P0048,32,19,7,44,0
2024-08-28,P0049,70,0,2,68,0
2024-08-28,P0050,110,0,0,110,0
2024-08-28,P0051,88,0,3,85,0
2024-08-28,P0052,210,0,0,210,0
2024-08-28,P0053,26,0,0,26,0
2024-08-28,P0054,225,18,0,243,0
2024-08-28,P0055,357,0,0,357,0
2024-08-28,P0056,23,0,3,20,0
2024-08-28,P0057,241,0,6,235,0
2024-08-28,P0058,46,0,4,42,0
2024-08-28,P0059,135,0,13,122,0
2024-08-28,P0060,70,0,14,56,0
2024-08-28,P0061,6,0,3,0,3
2024-08-28,P0062,272,0,0,272,0
2024-08-28,P0063,0,0,5,0,0
2024-08-28,P0064,155,0,9,146,0
2024-08-28,P0065,55,0,15,40,0
2024-08-28,P0066,407,0,9,398,0
2024-08-28,P0067,4,0,0,4,0
2024-08-28,P0068,197,10,0,207,0
2024-08-28,P0069,128,0,1,127,0
2024-08-28,P0070,0,0,6,0,0
2024-08-28,P0071,166,0,0,166,0
2024-08-28,P0072,237,0,0,237,0
2024-08-28,P0073,11,0,0,11,0
2024-08-28,P0074,10,0,20,0,0
2024-08-28,P0075,31,0,0,31,0
2024-08-28,P0076,32,0,0,32,0
2024-08-28,P0077,295,14,0,309,0
2024-08-28,P0078,57,0,1,56,0
2024-08-28,P0079,130,139,32,237,0
2024-08-28,P0080,282,0,0,282,0
2024-08-29,P0001,0,28,5,23,0
2024-08-29,P0002,334,0,7,327,0
2024-08-29,P0003,31,0,1,30,0
2024-08-29,P0004,0,0,4,0,3
2024-08-29,P0005,128,0,2,126,0
2024-08-29,P0006,59,0,0,59,0
2024-08-29,P0007,269,0,0,269,0
2024-08-29,P0008,216,0,0,216,0
2024-08-29,P0009,0,0,0,0,0
2024-08-29,P0010,73,0,16,57,0
2024-08-29,P0011,45,0,5,40,0
2024-08-29,P0012,202,12,3,211,0
2024-08-29,P0013,132,0,0,132,0
2024-08-29,P0014,55,19,9,65,0
2024-08-29,P0015,109,0,0,109,0
2024-08-29,P0016,20,0,4,16,0
2024-08-29,P0017,0,0,0,0,0
2024-08-29,P0018,102,0,9,93,0
2024-08-29,P0019,315,0,0,315,0
2024-08-29,P0020,191,0,0,191,0
2024-08-29,P0021,0,0,5,0,0
2024-08-29,P0022,0,0,5,0,0
2024-08-29,P0023,280,0,0,280,0
2024-08-29,P0024,235,0,0,235,0
2024-08-29,P0025,20,0,4,16,0
2024-08-29,P0026,336,17,0,353,0
2024-08-29,P0027,311,0,0,311,0
2024-08-29,P0028,30,0,1,28,1
2024-08-29,P0029,30,0,5,25,0
2024-08-29,P0030,0,0,2,0,0
2024-08-29,P0031,385,0,0,385,0
2024-08-29,P0032,0,28,6,22,0
2024-08-29,P0033,114,0,0,114,0
2024-08-29,P0034,208,0,0,208,0
2024-08-29,P0035,30,0,0,30,0
2024-08-29,P0036,14,0,3,11,0
2024-08-29,P0037,10,0,6,4,0
2024-08-29,P0038,77,0,0,77,0
2024-08-29,P0039,4,0,0,4,0
2024-08-29,P0040,98,0,0,98,0
2024-08-29,P0041,139,0,2,137,0
2024-08-29,P0042,136,0,0,136,0
2024-08-29,P0043,279,0,0,279,0
2024-08-29,P0044,65,0,3,62,0
2024-08-29,P0045,114,0,5,109,0
2024-08-29,P0046,0,0,11,0,0
2024-08-29,P0047,62,0,6,56,0
2024-08-29,P0048,44,0,2,42,0
2024-08-29,P0049,68,0,0,68,0
2024-08-29,P0050,110,0,0,110,0
2024-08-29,P0051,85,0,0,85,0
2024-08-29,P0052,210,0,0,210,0
2024-08-29,P0053,26,0,0,26,0
2024-08-29,P0054,243,0,1,242,0
2024-08-29,P0055,357,0,0,357,0
2024-08-29,P0056,20,0,0,20,0
2024-08-29,P0057,235,0,0,235,0
2024-08-29,P0058,42,0,7,35,0
2024-08-29,P0059,122,0,12,110,0
2024-08-29,P0060,56,0,17,36,3
2024-08-29,P0061,0,0,0,0,0
2024-08-29,P0062,272,0,0,272,0
2024-08-29,P0063,0,0,19,0,0
2024-08-29,P0064,146,0,0,146,0
2024-08-29,P0065,40,0,8,32,0
2024-08-29,P0066,398,0,15,383,0
2024-08-29,P0067,4,0,2,2,0
2024-08-29,P0068,207,0,0,207,0
2024-08-29,P0069,127,0,1,126,0
2024-08-29,P0070,0,0,7,0,0
2024-08-29,P0071,166,0,0,166,0
2024-08-29,P0072,237,0,0,237,0
2024-08-29,P0073,11,0,6,5,0
2024-08-29,P0074,0,0,7,0,0
2024-08-29,P0075,31,0,1,30,0
2024-08-29,P0076,32,0,0,32,0
2024-08-29,P0077,309,0,0,309,0
2024-08-29,P0078,56,0,1,55,0
2024-08-29,P0079,237,0,26,211,0
2024-08-29,P0080,282,0,2,280,0
2024-08-30,P0001,23,0,17,6,0
2024-08-30,P0002,327,0,0,327,0
2024-08-30,P0003,30,0,2,28,0
2024-08-30,P0004,0,0,12,0,0
2024-08-30,P0005,126,0,1,125,0
2024-08-30,P0006,59,0,3,56,0
2024-08-30,P0007,269,0,0,267,2
2024-08-30,P0008,216,0,0,216,0
2024-08-30,P0009,0,0,2,0,0
2024-08-30,P0010,57,0,4,53,0
2024-08-30,P0011,40,0,0,40,0
2024-08-30,P0012,211,0,0,211,0
2024-08-30,P0013,132,0,1,131,0
2024-08-30,P0014,65,0,3,62,0
2024-08-30,P0015,109,0,9,100,0
2024-08-30,P0016,16,0,2,14,0
2024-08-30,P0017,0,0,7,0,0
2024-08-30,P0018,93,0,0,93,0
2024-08-30,P0019,315,0,0,315,0
2024-08-30,P0020,191,0,0,191,0
2024-08-30,P0021,0,0,2,0,0
2024-08-30,P0022,0,0,0,0,0
2024-08-30,P0023,280,0,0,280,0
2024-08-30,P0024,235,0,0,235,0
2024-08-30,P0025,16,0,0,16,0
2024-08-30,P0026,353,0,0,353,0
2024-08-30,P0027,311,18,0,329,0
2024-08-30,P0028,28,0,0,28,0
2024-08-30,P0029,25,0,1,24,0
2024-08-30,P0030,0,0,0,0,0
2024-08-30,P0031,385,0,0,385,0
2024-08-30,P0032,22,0,6,16,0
2024-08-30,P0033,114,0,0,114,0
2024-08-30,P0034,208,0,0,208,0
2024-08-30,P0035,30,0,0,30,0
2024-08-30,P0036,11,0,0,11,0
2024-08-30,P0037,4,0,5,0,0
2024-08-30,P0038,77,0,1,76,0
2024-08-30,P0039,4,0,2,2,0
2024-08-30,P0040,98,0,0,98,0
2024-08-30,P0041,137,0,1,136,0
2024-08-30,P0042,136,0,6,130,0
2024-08-30,P0043,279,0,0,279,0
2024-08-30,P0044,62,0,6,56,0
2024-08-30,P0045,109,0,2,107,0
2024-08-30,P0046,0,0,5,0,0
2024-08-30,P0047,56,0,0,56,0
2024-08-30,P0048,42,31,1,72,0
2024-08-30,P0049,68,0,0,68,0
2024-08-30,P0050,110,0,0,110,0
2024-08-30,P0051,85,0,6,79,0
2024-08-30,P0052,210,0,0,210,0
2024-08-30,P0053,26,0,0,26,0
2024-08-30,P0054,242,0,3,239,0
2024-08-30,P0055,357,0,0,357,0
2024-08-30,P0056,20,0,1,19,0
2024-08-30,P0057,235,0,0,235,0
2024-08-30,P0058,35,39,16,58,0
2024-08-30,P0059,110,0,5,105,0
2024-08-30,P0060,36,0,8,28,0
2024-08-30,P0061,0,0,0,0,0
2024-08-30,P0062,272,0,0,272,0
2024-08-30,P0063,0,0,6,0,0
2024-08-30,P0064,146,0,0,146,0
2024-08-30,P0065,32,0,17,15,0
2024-08-30,P0066,383,0,12,371,0
2024-08-30,P0067,2,0,2,0,0
2024-08-30,P0068,207,0,1,206,0
2024-08-30,P0069,126,0,1,125,0
2024-08-30,P0070,0,0,3,0,0
2024-08-30,P0071,166,0,0,166,0
2024-08-30,P0072,237,0,0,235,2
2024-08-30,P0073,5,0,0,5,0
2024-08-30,P0074,0,0,7,0,0
2024-08-30,P0075,30,0,0,30,0
2024-08-30,P0076,32,0,0,32,0
2024-08-30,P0077,309,21,0,330,0
2024-08-30,P0078,55,0,0,55,0
2024-08-30,P0079,211,128,44,295,0
2024-08-30,P0080,280,0,0,280,0
2024-08-31,P0001,6,0,5,1,0
2024-08-31,P0002,327,0,0,327,0
2024-08-31,P0003,28,0,0,28,0
2024-08-31,P0004,0,29,3,26,0
2024-08-31,P0005,125,0,3,122,0
2024-08-31,P0006,56,10,6,60,0
2024-08-31,P0007,267,0,4,263,0
2024-08-31,P0008,216,0,0,216,0
2024-08-31,P0009,0,0,4,0,0
2024-08-31,P0010,53,0,6,47,0
2024-08-31,P0011,40,0,0,40,0
2024-08-31,P0012,211,0,5,206,0
2024-08-31,P0013,131,0,2,129,0
2024-08-31,P0014,62,0,3,59,0
2024-08-31,P0015,100,0,14,86,0
2024-08-31,P0016,14,0,5,9,0
2024-08-31,P0017,0,0,6,0,0
2024-08-31,P0018,93,0,2,91,0
2024-08-31,P0019,315,0,0,315,0
2024-08-31,P0020,191,0,0,191,0
2024-08-31,P0021,0,0,7,0,0
2024-08-31,P0022,0,0,0,0,0
2024-08-31,P0023,280,0,0,280,0
2024-08-31,P0024,235,0,0,235,0
2024-08-31,P0025,16,0,4,12,0
2024-08-31,P0026,353,0,0,353,0
2024-08-31,P0027,329,0,4,325,0
2024-08-31,P0028,28,0,0,28,0
2024-08-31,P0029,24,0,4,20,0
2024-08-31,P0030,0,0,0,0,0
2024-08-31,P0031,385,0,0,385,0
2024-08-31,P0032,16,26,0,42,0
2024-08-31,P0033,114,0,4,110,0
2024-08-31,P0034,208,0,0,208,0
2024-08-31,P0035,30,0,0,30,0
2024-08-31,P0036,11,0,1,10,0
2024-08-31,P0037,0,0,9,0,0
2024-08-31,P0038,76,0,8,68,0
2024-08-31,P0039,2,0,3,0,0
2024-08-31,P0040,98,0,0,98,0
2024-08-31,P0041,136,0,0,136,0
2024-08-31,P0042,130,0,4,126,0
2024-08-31,P0043,279,0,0,279,0
2024-08-31,P0044,56,130,10,176,0
2024-08-31,P0045,107,0,2,105,0
2024-08-31,P0046,0,0,12,0,0
2024-08-31,P0047,56,0,1,55,0
2024-08-31,P0048,72,0,0,72,0
2024-08-31,P0049,68,0,0,68,0
2024-08-31,P0050,110,17,5,122,0
2024-08-31,P0051,79,0,0,77,2
2024-08-31,P0052,210,0,0,210,0
2024-08-31,P0053,26,0,7,19,0
2024-08-31,P0054,239,0,0,239,0
2024-08-31,P0055,357,0,1,356,0
2024-08-31,P0056,19,0,3,16,0
2024-08-31,P0057,235,0,3,232,0
2024-08-31,P0058,58,0,10,48,0
2024-08-31,P0059,105,0,11,94,0
2024-08-31,P0060,28,0,2,26,0
2024-08-31,P0061,0,0,0,0,0
2024-08-31,P0062,272,16,3,285,0
2024-08-31,P0063,0,0,7,0,0
2024-08-31,P0064,146,0,3,143,0
2024-08-31,P0065,15,0,23,0,0
2024-08-31,P0066,371,0,16,355,0
2024-08-31,P0067,0,29,9,20,0
2024-08-31,P0068,206,0,0,206,0
2024-08-31,P0069,125,0,1,124,0
2024-08-31,P0070,0,31,9,22,0
2024-08-31,P0071,166,0,0,166,0
2024-08-31,P0072,235,0,1,234,0
2024-08-31,P0073,5,0,7,0,0
2024-08-31,P0074,0,0,14,0,0
2024-08-31,P0075,30,0,3,27,0
2024-08-31,P0076,32,0,0,32,0
2024-08-31,P0077,330,0,0,330,0
2024-08-31,P0078,55,0,0,55,0
2024-08-31,P0079,295,0,41,254,0
2024-08-31,P0080,280,0,4,276,0
2024-09-01,P0001,1,0,6,0,0
2024-09-01,P0002,327,0,0,327,0
2024-09-01,P0003,28,0,2,26,0
2024-09-01,P0004,26,0,6,20,0
2024-09-01,P0005,122,0,11,111,0
2024-09-01,P0006,60,0,0,60,0
2024-09-01,P0007,263,0,0,261,2
2024-09-01,P0008,216,0,0,216,0
2024-09-01,P0009,0,0,3,0,0
2024-09-01,P0010,47,0,0,47,0
2024-09-01,P0011,40,0,3,37,0
2024-09-01,P0012,206,0,0,206,0
2024-09-01,P0013,129,0,0,129,0
2024-09-01,P0014,59,22,3,78,0
2024-09-01,P0015,86,0,4,82,0
2024-09-01,P0016,9,0,14,0,0
2024-09-01,P0017,0,0,11,0,0
2024-09-01,P0018,91,0,4,87,0
2024-09-01,P0019,315,0,0,315,0
2024-09-01,P0020,191,0,0,191,0
2024-09-01,P0021,0,0,14,0,0
2024-09-01,P0022,0,0,0,0,0
2024-09-01,P0023,280,0,0,280,0
2024-09-01,P0024,235,0,0,235,0
2024-09-01,P0025,12,0,3,9,0
2024-09-01,P0026,353,0,0,353,0
2024-09-01,P0027,325,0,0,325,0
2024-09-01,P0028,28,0,2,26,0
2024-09-01,P0029,20,0,1,19,0
2024-09-01,P0030,0,0,7,0,0
2024-09-01,P0031,385,0,0,383,2
2024-09-01,P0032,42,0,0,42,0
2024-09-01,P0033,110,0,0,110,0
2024-09-01,P0034,208,0,0,208,0
2024-09-01,P0035,30,24,9,45,0
2024-09-01,P0036,10,0,11,0,0
2024-09-01,P0037,0,0,4,0,0
2024-09-01,P0038,68,0,2,66,0
2024-09-01,P0039,0,0,1,0,0
2024-09-01,P0040,98,11,0,109,0
2024-09-01,P0041,136,0,2,134,0
2024-09-01,P0042,126,0,0,126,0
2024-09-01,P0043,279,0,3,276,0
2024-09-01,P0044,176,0,15,161,0
2024-09-01,P0045,105,0,4,101,0
2024-09-01,P0046,0,0,21,0,0
2024-09-01,P0047,55,0,4,51,0
2024-09-01,P0048,72,37,9,100,0
2024-09-01,P0049,68,0,0,68,0
2024-09-01,P0050,122,0,1,121,0
2024-09-01,P0051,77,0,7,70,0
2024-09-01,P0052,210,0,0,210,0
2024-09-01,P0053,19,0,0,19,0
2024-09-01,P0054,239,0,0,237,2
2024-09-01,P0055,356,0,0,356,0
2024-09-01,P0056,16,0,0,16,0
2024-09-01,P0057,232,16,0,248,0
2024-09-01,P0058,48,0,7,41,0
2024-09-01,P0059,94,0,6,88,0
2024-09-01,P0060,26,0,7,19,0
2024-09-01,P0061,0,0,2,0,0
2024-09-01,P0062,285,0,1,284,0
2024-09-01,P0063,0,0,4,0,0
2024-09-01,P0064,143,0,5,138,0
2024-09-01,P0065,0,0,22,0,0
2024-09-01,P0066,355,0,10,345,0
2024-09-01,P0067,20,0,10,10,0
2024-09-01,P0068,206,0,2,204,0
2024-09-01,P0069,124,0,0,124,0
2024-09-01,P0070,22,0,5,17,0
2024-09-01,P0071,166,0,0,166,0
2024-09-01,P0072,234,0,0,234,0
2024-09-01,P0073,0,0,2,0,0
2024-09-01,P0074,0,0,19,0,0
2024-09-01,P0075,27,0,0,27,0
2024-09-01,P0076,32,0,0,31,1
2024-09-01,P0077,330,0,3,327,0
2024-09-01,P0078,55,0,4,51,0
2024-09-01,P0079,254,0,48,206,0
2024-09-01,P0080,276,0,0,276,0
2024-09-02,P0001,0,0,11,0,0
2024-09-02,P0002,327,0,0,327,0
2024-09-02,P0003,26,0,3,23,0
2024-09-02,P0004,20,0,0,20,0
2024-09-02,P0005,111,0,1,110,0
2024-09-02,P0006,60,0,1,59,0
2024-09-02,P0007,261,0,0,261,0
2024-09-02,P0008,216,0,0,216,0
2024-09-02,P0009,0,0,1,0,0
2024-09-02,P0010,47,0,5,42,0
2024-09-02,P0011,37,0,2,35,0
2024-09-02,P0012,206,0,1,205,0
2024-09-02,P0013,129,0,0,129,0
2024-09-02,P0014,78,0,0,78,0
2024-09-02,P0015,82,0,7,75,0
2024-09-02,P0016,0,0,1,0,0
2024-09-02,P0017,0,0,5,0,0
2024-09-02,P0018,87,0,2,85,0
2024-09-02,P0019,315,0,0,315,0
2024-09-02,P0020,191,13,0,204,0
2024-09-02,P0021,0,34,11,23,0
2024-09-02,P0022,0,0,0,0,0
2024-09-02,P0023,280,18,0,298,0
2024-09-02,P0024,235,0,5,230,0
2024-09-02,P0025,9,0,0,9,0
2024-09-02,P0026,353,0,0,353,0
2024-09-02,P0027,325,19,0,344,0
2024-09-02,P0028,26,0,3,23,0
2024-09-02,P0029,19,0,7,12,0
2024-09-02,P0030,0,0,0,0,0
2024-09-02,P0031,383,0,0,383,0
2024-09-02,P0032,42,0,0,42,0
2024-09-02,P0033,110,0,0,110,0
2024-09-02,P0034,208,0,3,205,0
2024-09-02,P0035,45,0,3,42,0
2024-09-02,P0036,0,0,5,0,0
2024-09-02,P0037,0,0,1,0,0
2024-09-02,P0038,66,0,2,64,0
2024-09-02,P0039,0,0,6,0,0
2024-09-02,P0040,109,0,0,109,0
2024-09-02,P0041,134,0,1,133,0
2024-09-02,P0042,126,0,0,126,0
2024-09-02,P0043,276,0,0,276,0
2024-09-02,P0044,161,0,12,149,0
2024-09-02,P0045,101,0,0,101,0
2024-09-02,P0046,0,0,8,0,0
2024-09-02,P0047,51,0,1,50,0
2024-09-02,P0048,100,0,7,90,3
2024-09-02,P0049,68,0,0,68,0
2024-09-02,P0050,121,15,5,131,0
2024-09-02,P0051,70,0,0,67,3
2024-09-02,P0052,210,0,0,210,0
2024-09-02,P0053,19,0,4,15,0
2024-09-02,P0054,237,0,0,237,0
2024-09-02,P0055,356,0,0,356,0
2024-09-02,P0056,16,0,0,16,0
2024-09-02,P0057,248,0,0,248,0
2024-09-02,P0058,41,0,10,31,0
2024-09-02,P0059,88,0,17,71,0
2024-09-02,P0060,19,0,12,7,0
2024-09-02,P0061,0,0,0,0,0
2024-09-02,P0062,284,12,0,296,0
2024-09-02,P0063,0,0,8,0,0
2024-09-02,P0064,138,0,0,138,0
2024-09-02,P0065,0,0,4,0,3
2024-09-02,P0066,345,116,24,437,0
2024-09-02,P0067,10,23,9,24,0
2024-09-02,P0068,204,0,0,204,0
2024-09-02,P0069,124,0,0,124,0
2024-09-02,P0070,17,0,1,16,0
2024-09-02,P0071,166,0,0,166,0
2024-09-02,P0072,234,0,0,234,0
2024-09-02,P0073,0,19,0,19,0
2024-09-02,P0074,0,0,12,0,0
2024-09-02,P0075,27,0,0,27,0
2024-09-02,P0076,31,0,2,29,0
2024-09-02,P0077,327,0,5,322,0
2024-09-02,P0078,51,0,0,48,3
2024-09-02,P0079,206,0,27,179,0
2024-09-02,P0080,276,14,0,288,2
2024-09-03,P0001,0,0,8,0,0
2024-09-03,P0002,327,0,0,327,0
2024-09-03,P0003,23,0,1,22,0
2024-09-03,P0004,20,0,8,12,0
2024-09-03,P0005,110,0,0,110,0
2024-09-03,P0006,59,0,1,58,0
2024-09-03,P0007,261,0,2,259,0
2024-09-03,P0008,216,0,0,216,0
2024-09-03,P0009,0,0,8,0,0
2024-09-03,P0010,42,0,4,38,0
2024-09-03,P0011,35,0,0,32,3
2024-09-03,P0012,205,0,0,205,0
2024-09-03,P0013,129,0,2,127,0
2024-09-03,P0014,78,21,0,99,0
2024-09-03,P0015,75,0,7,68,0
2024-09-03,P0016,0,0,6,0,0
2024-09-03,P0017,0,0,3,0,0
2024-09-03,P0018,85,0,1,84,0
2024-09-03,P0019,315,0,3,312,0
2024-09-03,P0020,204,0,1,203,0
2024-09-03,P0021,23,0,6,17,0
2024-09-03,P0022,0,0,3,0,0
2024-09-03,P0023,298,0,0,298,0
2024-09-03,P0024,230,0,1,229,0
2024-09-03,P0025,9,0,4,5,0
2024-09-03,P0026,353,0,0,353,0
2024-09-03,P0027,344,0,0,344,0
2024-09-03,P0028,23,0,4,19,0
2024-09-03,P0029,12,0,2,10,0
2024-09-03,P0030,0,0,5,0,0
2024-09-03,P0031,383,20,7,396,0
2024-09-03,P0032,42,0,0,42,0
2024-09-03,P0033,110,0,0,110,0
2024-09-03,P0034,205,0,0,205,0
2024-09-03,P0035,42,0,12,30,0
2024-09-03,P0036,0,0,3,0,0
2024-09-03,P0037,0,0,3,0,0
2024-09-03,P0038,64,0,6,58,0
2024-09-03,P0039,0,0,0,0,0
2024-09-03,P0040,109,0,0,109,0
2024-09-03,P0041,133,0,0,133,0
2024-09-03,P0042,126,0,0,126,0
2024-09-03,P0043,276,0,0,276,0
2024-09-03,P0044,149,0,24,125,0
2024-09-03,P0045,101,0,0,101,0
2024-09-03,P0046,0,0,2,0,0
2024-09-03,P0047,50,0,0,50,0
2024-09-03,P0048,90,0,0,90,0
2024-09-03,P0049,68,0,1,67,0
2024-09-03,P0050,131,0,0,131,0
2024-09-03,P0051,67,0,0,67,0
2024-09-03,P0052,210,0,0,210,0
2024-09-03,P0053,15,0,2,13,0
2024-09-03,P0054,237,0,0,237,0
2024-09-03,P0055,356,0,0,356,0
2024-09-03,P0056,16,0,1,15,0
2024-09-03,P0057,248,0,0,248,0
2024-09-03,P0058,31,0,7,24,0
2024-09-03,P0059,71,0,7,64,0
2024-09-03,P0060,7,0,5,2,0
2024-09-03,P0061,0,0,6,0,0
2024-09-03,P0062,296,0,0,296,0
2024-09-03,P0063,0,0,7,0,0
2024-09-03,P0064,138,21,0,159,0
2024-09-03,P0065,0,0,19,0,0
2024-09-03,P0066,437,0,16,421,0
2024-09-03,P0067,24,0,4,20,0
2024-09-03,P0068,204,18,0,222,0
2024-09-03,P0069,124,0,4,120,0
2024-09-03,P0070,16,0,0,16,0
2024-09-03,P0071,166,0,0,166,0
2024-09-03,P0072,234,0,0,234,0
2024-09-03,P0073,19,0,1,18,0
2024-09-03,P0074,0,51,8,43,0
2024-09-03,P0075,27,0,6,21,0
2024-09-03,P0076,29,0,0,29,0
2024-09-03,P0077,322,0,0,322,0
2024-09-03,P0078,48,0,1,47,0
2024-09-03,P0079,179,0,31,148,0
2024-09-03,P0080,288,0,0,288,0
2024-09-04,P0001,0,0,5,0,0
2024-09-04,P0002,327,0,0,327,0
2024-09-04,P0003,22,0,0,22,0
2024-09-04,P0004,12,0,4,8,0
2024-09-04,P0005,110,0,0,110,0
2024-09-04,P0006,58,0,2,56,0
2024-09-04,P0007,259,0,0,259,0
2024-09-04,P0008,216,0,0,216,0
2024-09-04,P0009,0,0,8,0,0
2024-09-04,P0010,38,0,4,34,0
2024-09-04,P0011,32,0,5,27,0
2024-09-04,P0012,205,0,2,203,0
2024-09-04,P0013,127,0,0,127,0
2024-09-04,P0014,99,16,1,114,0
2024-09-04,P0015,68,0,4,64,0
2024-09-04,P0016,0,0,2,0,0
2024-09-04,P0017,0,0,6,0,0
2024-09-04,P0018,84,12,1,95,0
2024-09-04,P0019,312,0,0,312,0
2024-09-04,P0020,203,0,0,200,3
2024-09-04,P0021,17,0,17,0,0
2024-09-04,P0022,0,0,2,0,0
2024-09-04,P0023,298,0,0,298,0
2024-09-04,P0024,229,0,0,229,0
2024-09-04,P0025,5,23,4,24,0
2024-09-04,P0026,353,0,0,353,0
2024-09-04,P0027,344,0,0,344,0
2024-09-04,P0028,19,0,0,16,3
2024-09-04,P0029,10,0,4,6,0
2024-09-04,P0030,0,0,0,0,0
2024-09-04,P0031,396,0,0,396,0
2024-09-04,P0032,42,0,0,42,0
2024-09-04,P0033,110,0,0,110,0
2024-09-04,P0034,205,0,1,204,0
2024-09-04,P0035,30,0,4,26,0
2024-09-04,P0036,0,0,6,0,0
2024-09-04,P0037,0,42,0,42,0
2024-09-04,P0038,58,0,0,58,0
2024-09-04,P0039,0,0,2,0,0
2024-09-04,P0040,109,10,0,119,0
2024-09-04,P0041,133,0,0,133,0
2024-09-04,P0042,126,0,2,124,0
2024-09-04,P0043,276,0,0,276,0
2024-09-04,P0044,125,0,20,105,0
2024-09-04,P0045,101,0,0,101,0
2024-09-04,P0046,0,0,7,0,3
2024-09-04,P0047,50,0,0,50,0
2024-09-04,P0048,90,0,3,87,0
2024-09-04,P0049,67,0,0,67,0
2024-09-04,P0050,131,0,0,131,0
2024-09-04,P0051,67,0,0,67,0
2024-09-04,P0052,210,0,0,210,0
2024-09-04,P0053,13,0,2,11,0
2024-09-04,P0054,237,0,0,237,0
2024-09-04,P0055,356,0,0,356,0
2024-09-04,P0056,15,0,3,12,0
2024-09-04,P0057,248,0,0,248,0
2024-09-04,P0058,24,0,23,1,0
2024-09-04,P0059,64,0,5,59,0
2024-09-04,P0060,2,0,1,1,0
2024-09-04,P0061,0,0,1,0,0
2024-09-04,P0062,296,0,2,294,0
2024-09-04,P0063,0,0,3,0,0
2024-09-04,P0064,159,0,0,159,0
2024-09-04,P0065,0,0,17,0,0
2024-09-04,P0066,421,0,7,414,0
2024-09-04,P0067,20,0,4,16,0
2024-09-04,P0068,222,0,0,222,0
2024-09-04,P0069,120,0,1,119,0
2024-09-04,P0070,16,0,8,8,0
2024-09-04,P0071,166,0,0,166,0
2024-09-04,P0072,234,10,0,244,0
2024-09-04,P0073,18,0,6,10,2
2024-09-04,P0074,43,0,11,32,0
2024-09-04,P0075,21,0,9,12,0
2024-09-04,P0076,29,0,0,29,0
2024-09-04,P0077,322,0,0,322,0
2024-09-04,P0078,47,0,0,47,0
2024-09-04,P0079,148,0,23,125,0
2024-09-04,P0080,288,0,0,288,0
2024-09-05,P0001,0,0,10,0,0
2024-09-05,P0002,327,0,0,327,0
2024-09-05,P0003,22,0,0,22,0
2024-09-05,P0004,8,0,3,5,0
2024-09-05,P0005,110,19,4,125,0
2024-09-05,P0006,56,0,0,56,0
2024-09-05,P0007,259,0,0,259,0
2024-09-05,P0008,216,0,0,216,0
2024-09-05,P0009,0,0,2,0,0
2024-09-05,P0010,34,0,4,30,0
2024-09-05,P0011,27,0,5,22,0
2024-09-05,P0012,203,0,2,201,0
2024-09-05,P0013,127,0,2,125,0
2024-09-05,P0014,114,0,3,111,0
2024-09-05,P0015,64,0,4,60,0
2024-09-05,P0016,0,0,12,0,0
2024-09-05,P0017,0,0,6,0,0
2024-09-05,P0018,95,0,3,92,0
2024-09-05,P0019,312,0,0,312,0
2024-09-05,P0020,200,0,0,200,0
2024-09-05,P0021,0,27,7,20,0
2024-09-05,P0022,0,0,1,0,0
2024-09-05,P0023,298,0,1,297,0
2024-09-05,P0024,229,0,0,229,0
2024-09-05,P0025,24,0,1,23,0
2024-09-05,P0026,353,16,0,366,3
2024-09-05,P0027,344,0,0,344,0
2024-09-05,P0028,16,0,1,15,0
2024-09-05,P0029,6,0,0,6,0
2024-09-05,P0030,0,0,1,0,0
2024-09-05,P0031,396,0,0,396,0
2024-09-05,P0032,42,0,1,41,0
2024-09-05,P0033,110,0,4,106,0
2024-09-05,P0034,204,0,0,204,0
2024-09-05,P0035,26,0,0,26,0
2024-09-05,P0036,0,0,1,0,0
2024-09-05,P0037,42,0,5,37,0
2024-09-05,P0038,58,0,4,54,0
2024-09-05,P0039,0,0,0,0,0
2024-09-05,P0040,119,0,0,117,2
2024-09-05,P0041,133,0,0,133,0
2024-09-05,P0042,124,0,4,120,0
2024-09-05,P0043,276,0,0,276,0
2024-09-05,P0044,105,0,14,91,0
2024-09-05,P0045,101,0,0,101,0
2024-09-05,P0046,0,0,13,0,0
2024-09-05,P0047,50,0,0,50,0
2024-09-05,P0048,87,0,3,84,0
2024-09-05,P0049,67,0,0,67,0
2024-09-05,P0050,131,0,0,131,0
2024-09-05,P0051,67,0,3,61,3
2024-09-05,P0052,210,0,2,208,0
2024-09-05,P0053,11,25,4,32,0
2024-09-05,P0054,237,18,0,255,0
2024-09-05,P0055,356,0,1,355,0
2024-09-05,P0056,12,0,2,10,0
2024-09-05,P0057,248,0,2,246,0
2024-09-05,P0058,1,0,3,0,0
2024-09-05,P0059,59,0,15,44,0
2024-09-05,P0060,1,65,7,59,0
2024-09-05,P0061,0,0,0,0,0
2024-09-05,P0062,294,0,1,293,0
2024-09-05,P0063,0,0,7,0,0
2024-09-05,P0064,159,0,0,159,0
2024-09-05,P0065,0,93,10,83,0
2024-09-05,P0066,414,0,15,399,0
2024-09-05,P0067,16,0,4,12,0
2024-09-05,P0068,222,0,1,221,0
2024-09-05,P0069,119,0,0,119,0
2024-09-05,P0070,8,33,9,32,0
2024-09-05,P0071,166,0,1,165,0
2024-09-05,P0072,244,20,0,264,0
2024-09-05,P0073,10,0,3,7,0
2024-09-05,P0074,32,0,12,20,0
2024-09-05,P0075,12,20,2,30,0
2024-09-05,P0076,29,0,0,29,0
2024-09-05,P0077,322,0,0,322,0
2024-09-05,P0078,47,0,0,47,0
2024-09-05,P0079,125,0,30,95,0
2024-09-05,P0080,288,0,0,288,0
2024-09-06,P0001,0,0,3,0,0
2024-09-06,P0002,327,0,0,327,0
2024-09-06,P0003,22,0,1,21,0
2024-09-06,P0004,5,0,0,5,0
2024-09-06,P0005,125,0,2,123,0
2024-09-06,P0006,56,0,3,53,0
2024-09-06,P0007,259,0,0,259,0
2024-09-06,P0008,216,0,0,216,0
2024-09-06,P0009,0,0,6,0,0
2024-09-06,P0010,30,0,6,24,0
2024-09-06,P0011,22,0,9,13,0
2024-09-06,P0012,201,0,1,200,0
2024-09-06,P0013,125,0,0,125,0
2024-09-06,P0014,111,0,10,101,0
2024-09-06,P0015,60,0,0,60,0
2024-09-06,P0016,0,0,4,0,0
2024-09-06,P0017,0,0,6,0,0
2024-09-06,P0018,92,0,6,86,0
2024-09-06,P0019,312,0,0,312,0
2024-09-06,P0020,200,0,2,198,0
2024-09-06,P0021,20,0,5,15,0
2024-09-06,P0022,0,0,1,0,0
2024-09-06,P0023,297,0,0,297,0
2024-09-06,P0024,229,0,0,229,0
2024-09-06,P0025,23,0,0,23,0
2024-09-06,P0026,366,0,0,366,0
2024-09-06,P0027,344,0,0,344,0
2024-09-06,P0028,15,0,0,15,0
2024-09-06,P0029,6,0,0,6,0
2024-09-06,P0030,0,0,0,0,0
2024-09-06,P0031,396,0,0,396,0
2024-09-06,P0032,41,18,1,58,0
2024-09-06,P0033,106,0,0,106,0
2024-09-06,P0034,204,0,4,200,0
2024-09-06,P0035,26,24,1,49,0
2024-09-06,P0036,0,0,0,0,0
2024-09-06,P0037,37,0,4,33,0
2024-09-06,P0038,54,0,1,53,0
2024-09-06,P0039,0,0,2,0,0
2024-09-06,P0040,117,0,0,117,0
2024-09-06,P0041,133,0,2,131,0
2024-09-06,P0042,120,0,3,117,0
2024-09-06,P0043,276,0,4,272,0
2024-09-06,P0044,91,0,25,66,0
2024-09-06,P0045,101,0,1,100,0
2024-09-06,P0046,0,0,8,0,0
2024-09-06,P0047,50,16,1,65,0
2024-09-06,P0048,84,0,3,81,0
2024-09-06,P0049,67,0,1,66,0
2024-09-06,P0050,131,0,1,130,0
2024-09-06,P0051,61,0,0,61,0
2024-09-06,P0052,208,0,0,208,0
2024-09-06,P0053,32,0,2,27,3
2024-09-06,P0054,255,0,0,255,0
2024-09-06,P0055,355,0,0,355,0
2024-09-06,P0056,10,0,1,9,0
2024-09-06,P0057,246,14,0,260,0
2024-09-06,P0058,0,0,6,0,0
2024-09-06,P0059,44,0,2,42,0
2024-09-06,P0060,59,0,5,54,0
2024-09-06,P0061,0,0,0,0,0
2024-09-06,P0062,293,0,3,290,0
2024-09-06,P0063,0,0,2,0,0
2024-09-06,P0064,159,0,5,154,0
2024-09-06,P0065,83,82,2,163,0
2024-09-06,P0066,399,0,2,397,0
2024-09-06,P0067,12,0,8,4,0
2024-09-06,P0068,221,0,0,221,0
2024-09-06,P0069,119,10,0,129,0
2024-09-06,P0070,32,0,6,26,0
2024-09-06,P0071,165,0,1,164,0
2024-09-06,P0072,264,0,0,264,0
2024-09-06,P0073,7,0,4,3,0
2024-09-06,P0074,20,0,3,17,0
2024-09-06,P0075,30,0,3,27,0
2024-09-06,P0076,29,0,0,29,0
2024-09-06,P0077,322,0,0,322,0
2024-09-06,P0078,47,0,0,47,0
2024-09-06,P0079,95,0,16,79,0
2024-09-06,P0080,288,19,0,307,0
2024-09-07,P0001,0,0,6,0,0
2024-09-07,P0002,327,0,0,325,2
2024-09-07,P0003,21,0,0,21,0
2024-09-07,P0004,5,0,2,3,0
2024-09-07,P0005,123,0,0,123,0
2024-09-07,P0006,53,0,0,53,0
2024-09-07,P0007,259,0,0,259,0
2024-09-07,P0008,216,0,1,215,0
2024-09-07,P0009,0,0,34,0,0
2024-09-07,P0010,24,0,12,12,0
2024-09-07,P0011,13,0,5,8,0
2024-09-07,P0012,200,0,0,200,0
2024-09-07,P0013,125,16,1,140,0
2024-09-07,P0014,101,0,3,98,0
2024-09-07,P0015,60,0,7,53,0
2024-09-07,P0016,0,49,5,44,0
2024-09-07,P0017,0,0,5,0,0
2024-09-07,P0018,86,0,2,84,0
2024-09-07,P0019,312,0,0,312,0
2024-09-07,P0020,198,0,0,198,0
2024-09-07,P0021,15,0,4,11,0
2024-09-07,P0022,0,0,1,0,0
2024-09-07,P0023,297,0,1,296,0
2024-09-07,P0024,229,0,0,228,1
2024-09-07,P0025,23,0,0,23,0
2024-09-07,P0026,366,0,0,366,0
2024-09-07,P0027,344,0,0,344,0
2024-09-07,P0028,15,0,2,13,0
2024-09-07,P0029,6,0,1,5,0
2024-09-07,P0030,0,24,3,21,0
2024-09-07,P0031,396,0,1,393,2
2024-09-07,P0032,58,0,2,56,0
2024-09-07,P0033,106,0,5,101,0
2024-09-07,P0034,200,0,1,199,0
2024-09-07,P0035,49,0,4,45,0
2024-09-07,P0036,0,0,4,0,0
2024-09-07,P0037,33,0,10,23,0
2024-09-07,P0038,53,0,2,51,0
2024-09-07,P0039,0,0,1,0,0
2024-09-07,P0040,117,0,0,117,0
2024-09-07,P0041,131,11,0,142,0
2024-09-07,P0042,117,0,0,117,0
2024-09-07,P0043,272,0,5,267,0
2024-09-07,P0044,66,0,28,38,0
2024-09-07,P0045,100,0,0,100,0
2024-09-07,P0046,0,0,10,0,0
2024-09-07,P0047,65,0,0,65,0
2024-09-07,P0048,81,38,12,107,0
2024-09-07,P0049,66,0,8,58,0
2024-09-07,P0050,130,0,0,130,0
2024-09-07,P0051,61,0,5,56,0
2024-09-07,P0052,208,0,0,208,0
2024-09-07,P0053,27,0,4,23,0
2024-09-07,P0054,255,0,3,252,0
2024-09-07,P0055,355,0,0,355,0
2024-09-07,P0056,9,0,0,9,0
2024-09-07,P0057,260,0,0,260,0
2024-09-07,P0058,0,0,13,0,0
2024-09-07,P0059,42,0,6,36,0
2024-09-07,P0060,54,0,2,52,0
2024-09-07,P0061,0,0,0,0,0
2024-09-07,P0062,290,0,0,290,0
2024-09-07,P0063,0,0,10,0,0
2024-09-07,P0064,154,0,2,152,0
2024-09-07,P0065,163,0,21,142,0
2024-09-07,P0066,397,0,18,379,0
2024-09-07,P0067,4,0,8,0,0
2024-09-07,P0068,221,0,0,221,0
2024-09-07,P0069,129,19,0,148,0
2024-09-07,P0070,26,0,11,15,0
2024-09-07,P0071,164,0,6,158,0
2024-09-07,P0072,264,0,0,264,0
2024-09-07,P0073,3,0,0,3,0
2024-09-07,P0074,17,63,19,61,0
2024-09-07,P0075,27,0,6,21,0
2024-09-07,P0076,29,0,5,24,0
2024-09-07,P0077,322,0,0,322,0
2024-09-07,P0078,47,0,5,42,0
2024-09-07,P0079,79,0,57,22,0
2024-09-07,P0080,307,0,0,307,0
2024-09-08,P0001,0,0,11,0,0
2024-09-08,P0002,325,0,3,322,0
2024-09-08,P0003,21,0,0,21,0
2024-09-08,P0004,3,0,4,0,0
2024-09-08,P0005,123,0,0,123,0
2024-09-08,P0006,53,14,6,61,0
2024-09-08,P0007,259,0,2,257,0
2024-09-08,P0008,215,0,0,215,0
2024-09-08,P0009,0,0,11,0,0
2024-09-08,P0010,12,0,6,6,0
2024-09-08,P0011,8,25,5,28,0
2024-09-08,P0012,200,0,0,200,0
2024-09-08,P0013,140,0,0,140,0
2024-09-08,P0014,98,0,1,97,0
2024-09-08,P0015,53,0,9,44,0
2024-09-08,P0016,44,0,7,37,0
2024-09-08,P0017,0,0,4,0,0
2024-09-08,P0018,84,0,9,75,0
2024-09-08,P0019,312,0,0,312,0
2024-09-08,P0020,198,0,0,198,0
2024-09-08,P0021,11,0,11,0,0
2024-09-08,P0022,0,0,1,0,0
2024-09-08,P0023,296,0,0,295,1
2024-09-08,P0024,228,0,0,228,0
2024-09-08,P0025,23,0,1,22,0
2024-09-08,P0026,366,0,0,366,0
2024-09-08,P0027,344,0,0,344,0
2024-09-08,P0028,13,0,0,13,0
2024-09-08,P0029,5,0,1,4,0
2024-09-08,P0030,21,0,7,14,0
2024-09-08,P0031,393,0,0,393,0
2024-09-08,P0032,56,0,2,54,0
2024-09-08,P0033,101,0,1,100,0
2024-09-08,P0034,199,0,0,199,0
2024-09-08,P0035,45,0,5,40,0
2024-09-08,P0036,0,0,1,0,0
2024-09-08,P0037,23,28,8,43,0
2024-09-08,P0038,51,0,2,49,0
2024-09-08,P0039,0,0,1,0,0
2024-09-08,P0040,117,0,0,117,0
2024-09-08,P0041,142,0,0,142,0
2024-09-08,P0042,117,16,1,132,0
2024-09-08,P0043,267,0,2,265,0
2024-09-08,P0044,38,0,8,30,0
2024-09-08,P0045,100,0,0,100,0
2024-09-08,P0046,0,0,12,0,0
2024-09-08,P0047,65,0,1,64,0
2024-09-08,P0048,107,0,3,104,0
2024-09-08,P0049,58,0,0,58,0
2024-09-08,P0050,130,0,0,130,0
2024-09-08,P0051,56,0,0,56,0
2024-09-08,P0052,208,0,0,208,0
2024-09-08,P0053,23,21,9,35,0
2024-09-08,P0054,252,0,0,252,0
2024-09-08,P0055,355,0,0,355,0
2024-09-08,P0056,9,0,3,6,0
2024-09-08,P0057,260,0,0,260,0
2024-09-08,P0058,0,0,13,0,0
2024-09-08,P0059,36,79,19,96,0
2024-09-08,P0060,52,0,18,34,0
2024-09-08,P0061,0,0,5,0,0
2024-09-08,P0062,290,0,0,290,0
2024-09-08,P0063,0,0,13,0,0
2024-09-08,P0064,152,0,0,152,0
2024-09-08,P0065,142,87,8,221,0
2024-09-08,P0066,379,0,18,361,0
2024-09-08,P0067,0,0,3,0,0
2024-09-08,P0068,221,0,0,221,0
2024-09-08,P0069,148,0,0,148,0
2024-09-08,P0070,15,0,7,8,0
2024-09-08,P0071,158,0,0,158,0
2024-09-08,P0072,264,0,0,264,0
2024-09-08,P0073,3,0,1,2,0
2024-09-08,P0074,61,0,7,54,0
2024-09-08,P0075,21,0,9,12,0
2024-09-08,P0076,24,0,1,23,0
2024-09-08,P0077,322,0,0,322,0
2024-09-08,P0078,42,0,1,41,0
2024-09-08,P0079,22,0,14,8,0
2024-09-08,P0080,307,0,0,307,0
2024-09-09,P0001,0,0,9,0,0
2024-09-09,P0002,322,0,3,319,0
2024-09-09,P0003,21,0,6,15,0
2024-09-09,P0004,0,0,4,0,0
2024-09-09,P0005,123,0,2,121,0
2024-09-09,P0006,61,21,2,80,0
2024-09-09,P0007,257,0,0,257,0
2024-09-09,P0008,215,0,1,214,0
2024-09-09,P0009,0,0,6,0,0
2024-09-09,P0010,6,0,9,0,0
2024-09-09,P0011,28,0,1,27,0
2024-09-09,P0012,200,0,1,199,0
2024-09-09,P0013,140,0,0,140,0
2024-09-09,P0014,97,0,0,97,0
2024-09-09,P0015,44,0,11,33,0
2024-09-09,P0016,37,0,2,35,0
2024-09-09,P0017,0,0,2,0,0
2024-09-09,P0018,75,0,0,75,0
2024-09-09,P0019,312,0,0,312,0
2024-09-09,P0020,198,0,0,198,0
2024-09-09,P0021,0,0,6,0,0
2024-09-09,P0022,0,0,1,0,0
2024-09-09,P0023,295,0,0,295,0
2024-09-09,P0024,228,0,0,228,0
2024-09-09,P0025,22,19,3,38,0
2024-09-09,P0026,366,0,1,365,0
2024-09-09,P0027,344,0,0,344,0
2024-09-09,P0028,13,0,0,13,0
2024-09-09,P0029,4,0,4,0,0
2024-09-09,P0030,14,0,5,9,0
2024-09-09,P0031,393,0,0,393,0
2024-09-09,P0032,54,0,6,48,0
2024-09-09,P0033,100,0,1,99,0
2024-09-09,P0034,199,0,0,199,0
2024-09-09,P0035,40,0,1,39,0
2024-09-09,P0036,0,0,0,0,0
2024-09-09,P0037,43,0,9,34,0
2024-09-09,P0038,49,0,3,46,0
2024-09-09,P0039,0,0,0,0,0
2024-09-09,P0040,117,0,2,115,0
2024-09-09,P0041,142,0,1,141,0
2024-09-09,P0042,132,0,2,130,0
2024-09-09,P0043,265,0,1,264,0
2024-09-09,P0044,30,110,12,128,0
2024-09-09,P0045,100,0,0,100,0
2024-09-09,P0046,0,0,2,0,0
2024-09-09,P0047,64,0,1,63,0
2024-09-09,P0048,104,0,0,104,0
2024-09-09,P0049,58,0,2,56,0
2024-09-09,P0050,130,18,2,146,0
2024-09-09,P0051,56,0,0,56,0
2024-09-09,P0052,208,0,0,208,0
2024-09-09,P0053,35,0,0,35,0
2024-09-09,P0054,252,0,1,251,0
2024-09-09,P0055,355,0,0,355,0
2024-09-09,P0056,6,0,4,2,0
2024-09-09,P0057,260,0,0,260,0
2024-09-09,P0058,0,0,6,0,0
2024-09-09,P0059,96,0,13,83,0
2024-09-09,P0060,34,0,11,23,0
2024-09-09,P0061,0,0,0,0,0
2024-09-09,P0062,290,0,0,290,0
2024-09-09,P0063,0,0,6,0,0
2024-09-09,P0064,152,0,0,152,0
2024-09-09,P0065,221,0,17,204,0
2024-09-09,P0066,361,0,6,355,0
2024-09-09,P0067,0,0,5,0,0
2024-09-09,P0068,221,0,0,221,0
2024-09-09,P0069,148,0,0,148,0
2024-09-09,P0070,8,0,2,6,0
2024-09-09,P0071,158,0,0,158,0
2024-09-09,P0072,264,0,4,260,0
2024-09-09,P0073,2,0,3,0,0
2024-09-09,P0074,54,0,15,39,0
2024-09-09,P0075,12,0,0,12,0
2024-09-09,P0076,23,0,2,21,0
2024-09-09,P0077,322,0,0,322,0
2024-09-09,P0078,41,0,3,38,0
2024-09-09,P0079,8,0,24,0,0
2024-09-09,P0080,307,0,0,307,0
2024-09-10,P0001,0,0,18,0,0
2024-09-10,P0002,319,0,0,319,0
2024-09-10,P0003,15,0,0,15,0
2024-09-10,P0004,0,0,2,0,0
2024-09-10,P0005,121,0,0,121,0
2024-09-10,P0006,80,0,0,80,0
2024-09-10,P0007,257,0,0,257,0
2024-09-10,P0008,214,0,0,214,0
2024-09-10,P0009,0,0,11,0,0
2024-09-10,P0010,0,0,0,0,0
2024-09-10,P0011,27,29,1,55,0
2024-09-10,P0012,199,0,0,199,0
2024-09-10,P0013,140,0,0,140,0
2024-09-10,P0014,97,0,4,93,0
2024-09-10,P0015,33,0,5,28,0
2024-09-10,P0016,35,0,9,26,0
2024-09-10,P0017,0,0,8,0,0
2024-09-10,P0018,75,0,2,73,0
2024-09-10,P0019,312,0,0,312,0
2024-09-10,P0020,198,0,0,198,0
2024-09-10,P0021,0,0,1,0,0
2024-09-10,P0022,0,0,3,0,0
2024-09-10,P0023,295,0,0,295,0
2024-09-10,P0024,228,0,0,228,0
2024-09-10,P0025,38,0,3,35,0
2024-09-10,P0026,365,0,0,365,0
2024-09-10,P0027,344,0,6,338,0
2024-09-10,P0028,13,0,0,13,0
2024-09-10,P0029,0,0,4,0,0
2024-09-10,P0030,9,0,1,8,0
2024-09-10,P0031,393,0,0,393,0
2024-09-10,P0032,48,0,2,46,0
2024-09-10,P0033,99,0,0,99,0
2024-09-10,P0034,199,0,0,199,0
2024-09-10,P0035,39,0,3,36,0
2024-09-10,P0036,0,0,1,0,0
2024-09-10,P0037,34,0,6,28,0
2024-09-10,P0038,46,17,0,63,0
2024-09-10,P0039,0,0,0,0,0
2024-09-10,P0040,115,0,0,115,0
2024-09-10,P0041,141,0,1,140,0
2024-09-10,P0042,130,0,0,130,0
2024-09-10,P0043,264,0,0,264,0
2024-09-10,P0044,128,0,22,106,0
2024-09-10,P0045,100,0,5,95,0
2024-09-10,P0046,0,0,3,0,0
2024-09-10,P0047,63,0,0,63,0
2024-09-10,P0048,104,34,2,136,0
2024-09-10,P0049,56,0,0,56,0
2024-09-10,P0050,146,0,2,144,0
2024-09-10,P0051,56,21,5,72,0
2024-09-10,P0052,208,0,0,208,0
2024-09-10,P0053,35,18,0,53,0
2024-09-10,P0054,251,0,0,251,0
2024-09-10,P0055,355,0,0,355,0
2024-09-10,P0056,2,0,4,0,0
2024-09-10,P0057,260,11,5,266,0
2024-09-10,P0058,0,0,2,0,0
2024-09-10,P0059,83,0,18,65,0
2024-09-10,P0060,23,0,5,18,0
2024-09-10,P0061,0,0,1,0,0
2024-09-10,P0062,290,0,4,286,0
2024-09-10,P0063,0,0,15,0,0
2024-09-10,P0064,152,0,0,152,0
2024-09-10,P0065,204,0,11,193,0
2024-09-10,P0066,355,0,18,337,0
2024-09-10,P0067,0,33,13,20,0
2024-09-10,P0068,221,0,0,221,0
2024-09-10,P0069,148,0,0,148,0
2024-09-10,P0070,6,0,7,0,0
2024-09-10,P0071,158,0,0,158,0
2024-09-10,P0072,260,0,0,260,0
2024-09-10,P0073,0,0,1,0,0
2024-09-10,P0074,39,0,8,31,0
2024-09-10,P0075,12,0,2,10,0
2024-09-10,P0076,21,0,0,21,0
2024-09-10,P0077,322,0,0,322,0
2024-09-10,P0078,38,0,0,38,0
2024-09-10,P0079,0,0,27,0,0
2024-09-10,P0080,307,0,0,307,0
2024-09-11,P0001,0,0,6,0,0
2024-09-11,P0002,319,0,7,312,0
2024-09-11,P0003,15,0,0,15,0
2024-09-11,P0004,0,0,1,0,0
2024-09-11,P0005,121,0,5,116,0
2024-09-11,P0006,80,0,4,76,0
2024-09-11,P0007,257,0,0,257,0
2024-09-11,P0008,214,0,0,214,0
2024-09-11,P0009,0,0,5,0,0
2024-09-11,P0010,0,0,7,0,0
2024-09-11,P0011,55,0,5,47,3
2024-09-11,P0012,199,0,0,199,0
2024-09-11,P0013,140,0,2,138,0
2024-09-11,P0014,93,0,0,93,0
2024-09-11,P0015,28,0,4,24,0
2024-09-11,P0016,26,0,5,21,0
2024-09-11,P0017,0,0,1,0,0
2024-09-11,P0018,73,0,3,70,0
2024-09-11,P0019,312,0,0,312,0
2024-09-11,P0020,198,0,0,198,0
2024-09-11,P0021,0,34,13,21,0
2024-09-11,P0022,0,0,3,0,0
2024-09-11,P0023,295,14,0,309,0
2024-09-11,P0024,228,12,0,240,0
2024-09-11,P0025,35,0,4,31,0
2024-09-11,P0026,365,18,0,383,0
2024-09-11,P0027,338,0,2,336,0
2024-09-11,P0028,13,0,0,13,0
2024-09-11,P0029,0,0,6,0,0
2024-09-11,P0030,8,0,0,8,0
2024-09-11,P0031,393,0,1,392,0
2024-09-11,P0032,46,0,2,44,0
2024-09-11,P0033,99,0,2,97,0
2024-09-11,P0034,199,0,0,199,0
2024-09-11,P0035,36,0,8,26,2
2024-09-11,P0036,0,0,3,0,0
2024-09-11,P0037,28,0,6,22,0
2024-09-11,P0038,63,16,1,78,0
2024-09-11,P0039,0,0,1,0,0
2024-09-11,P0040,115,0,2,113,0
2024-09-11,P0041,140,0,1,139,0
2024-09-11,P0042,130,0,0,130,0
2024-09-11,P0043,264,0,0,264,0
2024-09-11,P0044,106,0,19,87,0
2024-09-11,P0045,95,0,0,95,0
2024-09-11,P0046,0,0,8,0,0
2024-09-11,P0047,63,0,1,62,0
2024-09-11,P0048,136,0,10,126,0
2024-09-11,P0049,56,0,5,51,0
2024-09-11,P0050,144,0,0,144,0
2024-09-11,P0051,72,0,2,70,0
2024-09-11,P0052,208,0,1,207,0
2024-09-11,P0053,53,0,0,53,0
2024-09-11,P0054,251,0,1,250,0
2024-09-11,P0055,355,0,0,355,0
2024-09-11,P0056,0,18,0,18,0
2024-09-11,P0057,266,0,0,266,0
2024-09-11,P0058,0,0,6,0,0
2024-09-11,P0059,65,0,8,57,0
2024-09-11,P0060,18,0,3,15,0
2024-09-11,P0061,0,0,5,0,0
2024-09-11,P0062,286,0,0,286,0
2024-09-11,P0063,0,0,7,0,0
2024-09-11,P0064,152,0,0,152,0
2024-09-11,P0065,193,0,11,182,0
2024-09-11,P0066,337,0,19,318,0
2024-09-11,P0067,20,0,2,18,0
2024-09-11,P0068,221,0,0,221,0
2024-09-11,P0069,148,11,1,158,0
2024-09-11,P0070,0,0,6,0,0
2024-09-11,P0071,158,0,0,158,0
2024-09-11,P0072,260,0,0,260,0
2024-09-11,P0073,0,0,0,0,0
2024-09-11,P0074,31,0,6,25,0
2024-09-11,P0075,10,0,1,9,0
2024-09-11,P0076,21,0,0,21,0
2024-09-11,P0077,322,0,0,322,0
2024-09-11,P0078,38,0,2,36,0
2024-09-11,P0079,0,0,30,0,0
2024-09-11,P0080,307,0,0,307,0
2024-09-12,P0001,0,0,3,0,0
2024-09-12,P0002,312,0,0,312,0
2024-09-12,P0003,15,0,6,9,0
2024-09-12,P0004,0,0,4,0,0
2024-09-12,P0005,116,0,2,114,0
2024-09-12,P0006,76,0,0,76,0
2024-09-12,P0007,257,0,2,255,0
2024-09-12,P0008,214,0,0,214,0
2024-09-12,P0009,0,0,6,0,0
2024-09-12,P0010,0,0,9,0,0
2024-09-12,P0011,47,0,4,43,0
2024-09-12,P0012,199,17,0,216,0
2024-09-12,P0013,138,0,0,138,0
2024-09-12,P0014,93,0,0,93,0
2024-09-12,P0015,24,0,8,16,0
2024-09-12,P0016,21,0,3,18,0
2024-09-12,P0017,0,0,0,0,0
2024-09-12,P0018,70,0,2,68,0
2024-09-12,P0019,312,0,0,312,0
2024-09-12,P0020,198,0,0,198,0
2024-09-12,P0021,21,38,14,45,0
2024-09-12,P0022,0,0,0,0,0
2024-09-12,P0023,309,0,0,309,0
2024-09-12,P0024,240,0,0,240,0
2024-09-12,P0025,31,0,4,27,0
2024-09-12,P0026,383,0,0,383,0
2024-09-12,P0027,336,0,3,333,0
2024-09-12,P0028,13,0,0,13,0
2024-09-12,P0029,0,13,0,13,0
2024-09-12,P0030,8,0,5,3,0
2024-09-12,P0031,392,0,0,392,0
2024-09-12,P0032,44,0,2,42,0
2024-09-12,P0033,97,0,0,97,0
2024-09-12,P0034,199,0,3,196,0
2024-09-12,P0035,26,0,1,25,0
2024-09-12,P0036,0,0,1,0,0
2024-09-12,P0037,22,0,5,17,0
2024-09-12,P0038,78,0,0,78,0
2024-09-12,P0039,0,0,0,0,0
2024-09-12,P0040,113,0,0,113,0
2024-09-12,P0041,139,0,2,137,0
2024-09-12,P0042,130,0,0,130,0
2024-09-12,P0043,264,0,0,264,0
2024-09-12,P0044,87,0,11,76,0
2024-09-12,P0045,95,0,1,94,0
2024-09-12,P0046,0,0,2,0,0
2024-09-12,P0047,62,0,0,62,0
2024-09-12,P0048,126,0,3,123,0
2024-09-12,P0049,51,0,6,45,0
2024-09-12,P0050,144,0,0,144,0
2024-09-12,P0051,70,0,2,68,0
2024-09-12,P0052,207,0,5,202,0
2024-09-12,P0053,53,0,0,53,0
2024-09-12,P0054,250,0,0,250,0
2024-09-12,P0055,355,0,0,355,0
2024-09-12,P0056,18,0,0,18,0
2024-09-12,P0057,266,0,0,266,0
2024-09-12,P0058,0,0,15,0,0
2024-09-12,P0059,57,0,15,42,0
2024-09-12,P0060,15,0,16,0,0
2024-09-12,P0061,0,0,0,0,0
2024-09-12,P0062,286,0,0,286,0
2024-09-12,P0063,0,0,11,0,0
2024-09-12,P0064,152,0,1,151,0
2024-09-12,P0065,182,0,27,155,0
2024-09-12,P0066,318,0,21,297,0
2024-09-12,P0067,18,0,1,16,1
2024-09-12,P0068,221,0,0,221,0
2024-09-12,P0069,158,0,0,158,0
2024-09-12,P0070,0,0,7,0,0
2024-09-12,P0071,158,0,0,158,0
2024-09-12,P0072,260,0,0,260,0
2024-09-12,P0073,0,0,3,0,0
2024-09-12,P0074,25,0,8,17,0
2024-09-12,P0075,9,0,6,3,0
2024-09-12,P0076,21,0,4,17,0
2024-09-12,P0077,322,0,3,319,0
2024-09-12,P0078,36,0,0,36,0
2024-09-12,P0079,0,0,40,0,0
2024-09-12,P0080,307,0,0,307,0
2024-09-13,P0001,0,0,2,0,0
2024-09-13,P0002,312,0,0,312,0
2024-09-13,P0003,9,0,4,5,0
2024-09-13,P0004,0,35,5,30,0
2024-09-13,P0005,114,0,0,114,0
2024-09-13,P0006,76,0,1,75,0
2024-09-13,P0007,255,0,0,255,0
2024-09-13,P0008,214,0,0,214,0
2024-09-13,P0009,0,0,7,0,0
2024-09-13,P0010,0,0,7,0,0
2024-09-13,P0011,43,0,5,38,0
2024-09-13,P0012,216,0,6,210,0
2024-09-13,P0013,138,0,1,137,0
2024-09-13,P0014,93,0,1,90,2
2024-09-13,P0015,16,0,2,14,0
2024-09-13,P0016,18,0,0,18,0
2024-09-13,P0017,0,0,1,0,0
2024-09-13,P0018,68,0,2,66,0
2024-09-13,P0019,312,0,0,312,0
2024-09-13,P0020,198,17,0,215,0
2024-09-13,P0021,45,0,6,39,0
2024-09-13,P0022,0,0,2,0,0
2024-09-13,P0023,309,0,0,309,0
2024-09-13,P0024,240,0,0,240,0
2024-09-13,P0025,27,0,1,26,0
2024-09-13,P0026,383,0,0,383,0
2024-09-13,P0027,333,21,0,354,0
2024-09-13,P0028,13,19,4,26,2
2024-09-13,P0029,13,0,5,8,0
2024-09-13,P0030,3,20,2,21,0
2024-09-13,P0031,392,0,0,392,0
2024-09-13,P0032,42,0,3,39,0
2024-09-13,P0033,97,0,0,97,0
2024-09-13,P0034,196,0,0,196,0
2024-09-13,P0035,25,0,4,21,0
2024-09-13,P0036,0,0,0,0,0
2024-09-13,P0037,17,0,2,15,0
2024-09-13,P0038,78,0,5,73,0
2024-09-13,P0039,0,0,1,0,0
2024-09-13,P0040,113,0,4,109,0
2024-09-13,P0041,137,0,4,133,0
2024-09-13,P0042,130,0,0,130,0
2024-09-13,P0043,264,0,0,264,0
2024-09-13,P0044,76,0,9,67,0
2024-09-13,P0045,94,0,0,94,0
2024-09-13,P0046,0,0,14,0,0
2024-09-13,P0047,62,0,0,62,0
2024-09-13,P0048,123,0,3,120,0
2024-09-13,P0049,45,0,0,45,0
2024-09-13,P0050,144,0,0,144,0
2024-09-13,P0051,68,0,3,65,0
2024-09-13,P0052,202,0,0,202,0
2024-09-13,P0053,53,0,0,53,0
2024-09-13,P0054,250,0,1,249,0
2024-09-13,P0055,355,0,0,355,0
2024-09-13,P0056,18,0,1,17,0
2024-09-13,P0057,266,21,0,287,0
2024-09-13,P0058,0,0,4,0,0
2024-09-13,P0059,42,0,9,33,0
2024-09-13,P0060,0,0,4,0,0
2024-09-13,P0061,0,0,0,0,0
2024-09-13,P0062,286,0,0,286,0
2024-09-13,P0063,0,0,9,0,0
2024-09-13,P0064,151,0,1,150,0
2024-09-13,P0065,155,0,12,143,0
2024-09-13,P0066,297,0,6,291,0
2024-09-13,P0067,16,0,7,9,0
2024-09-13,P0068,221,22,0,243,0
2024-09-13,P0069,158,0,0,158,0
2024-09-13,P0070,0,0,6,0,0
2024-09-13,P0071,158,0,0,158,0
2024-09-13,P0072,260,0,0,260,0
2024-09-13,P0073,0,0,1,0,0
2024-09-13,P0074,17,0,4,13,0
2024-09-13,P0075,3,0,3,0,0
2024-09-13,P0076,17,0,0,17,0
2024-09-13,P0077,319,0,0,319,0
2024-09-13,P0078,36,0,3,33,0
2024-09-13,P0079,0,0,31,0,0
2024-09-13,P0080,307,0,0,304,3
2024-09-14,P0001,0,0,4,0,0
2024-09-14,P0002,312,0,3,309,0
2024-09-14,P0003,5,28,12,20,1
2024-09-14,P0004,30,0,1,28,1
2024-09-14,P0005,114,0,4,110,0
2024-09-14,P0006,75,0,0,75,0
2024-09-14,P0007,255,0,1,254,0
2024-09-14,P0008,214,0,8,206,0
2024-09-14,P0009,0,0,6,0,0
2024-09-14,P0010,0,0,7,0,0
2024-09-14,P0011,38,0,7,31,0
2024-09-14,P0012,210,0,0,210,0
2024-09-14,P0013,137,0,0,137,0
2024-09-14,P0014,90,0,4,86,0
2024-09-14,P0015,14,0,7,7,0
2024-09-14,P0016,18,0,4,14,0
2024-09-14,P0017,0,0,2,0,0
2024-09-14,P0018,66,0,0,66,0
2024-09-14,P0019,312,0,4,308,0
2024-09-14,P0020,215,0,0,215,0
2024-09-14,P0021,39,0,1,38,0
2024-09-14,P0022,0,0,4,0,0
2024-09-14,P0023,309,0,0,306,3
2024-09-14,P0024,240,0,0,240,0
2024-09-14,P0025,26,0,7,19,0
2024-09-14,P0026,383,0,0,383,0
2024-09-14,P0027,354,0,0,354,0
2024-09-14,P0028,26,0,8,18,0
2024-09-14,P0029,8,0,3,5,0
2024-09-14,P0030,21,0,1,20,0
2024-09-14,P0031,392,0,1,391,0
2024-09-14,P0032,39,0,0,39,0
2024-09-14,P0033,97,0,0,97,0
2024-09-14,P0034,196,0,0,196,0
2024-09-14,P0035,21,16,0,37,0
2024-09-14,P0036,0,0,1,0,0
2024-09-14,P0037,15,0,6,9,0
2024-09-14,P0038,73,0,4,69,0
2024-09-14,P0039,0,0,1,0,0
2024-09-14,P0040,109,0,0,109,0
2024-09-14,P0041,133,0,1,132,0
2024-09-14,P0042,130,0,0,130,0
2024-09-14,P0043,264,0,1,263,0
2024-09-14,P0044,67,0,20,47,0
2024-09-14,P0045,94,0,0,94,0
2024-09-14,P0046,0,0,11,0,0
2024-09-14,P0047,62,13,0,75,0
2024-09-14,P0048,120,29,12,137,0
2024-09-14,P0049,45,0,7,38,0
2024-09-14,P0050,144,0,1,143,0
2024-09-14,P0051,65,0,5,60,0
2024-09-14,P0052,202,0,0,202,0
2024-09-14,P0053,53,0,0,53,0
2024-09-14,P0054,249,0,0,249,0
2024-09-14,P0055,355,0,0,355,0
2024-09-14,P0056,17,25,1,41,0
2024-09-14,P0057,287,0,0,287,0
2024-09-14,P0058,0,66,13,53,0
2024-09-14,P0059,33,0,15,18,0
2024-09-14,P0060,0,0,3,0,0
2024-09-14,P0061,0,0,0,0,0
2024-09-14,P0062,286,0,0,286,0
2024-09-14,P0063,0,0,21,0,0
2024-09-14,P0064,150,0,3,147,0
2024-09-14,P0065,143,0,12,131,0
2024-09-14,P0066,291,0,25,265,1
2024-09-14,P0067,9,0,6,3,0
2024-09-14,P0068,243,0,3,240,0
2024-09-14,P0069,158,0,1,157,0
2024-09-14,P0070,0,0,9,0,0
2024-09-14,P0071,158,0,0,158,0
2024-09-14,P0072,260,0,0,257,3
2024-09-14,P0073,0,0,3,0,0
2024-09-14,P0074,13,0,16,0,0
2024-09-14,P0075,0,0,5,0,0
2024-09-14,P0076,17,0,0,17,0
2024-09-14,P0077,319,14,0,333,0
2024-09-14,P0078,33,0,2,31,0
2024-09-14,P0079,0,0,59,0,0
2024-09-14,P0080,304,0,0,304,0
2024-09-15,P0001,0,0,2,0,0
2024-09-15,P0002,309,0,2,307,0
2024-09-15,P0003,20,0,5,13,2
2024-09-15,P0004,28,0,8,20,0
2024-09-15,P0005,110,0,4,106,0
2024-09-15,P0006,75,0,2,73,0
2024-09-15,P0007,254,0,0,254,0
2024-09-15,P0008,206,0,0,205,1
2024-09-15,P0009,0,0,7,0,0
2024-09-15,P0010,0,0,11,0,0
2024-09-15,P0011,31,0,2,29,0
2024-09-15,P0012,210,0,0,210,0
2024-09-15,P0013,137,20,0,157,0
2024-09-15,P0014,86,0,0,86,0
2024-09-15,P0015,7,34,14,27,0
2024-09-15,P0016,14,0,5,9,0
2024-09-15,P0017,0,17,5,12,0
2024-09-15,P0018,66,0,6,60,0
2024-09-15,P0019,308,18,0,326,0
2024-09-15,P0020,215,0,0,215,0
2024-09-15,P0021,38,0,3,35,0
2024-09-15,P0022,0,0,2,0,0
2024-09-15,P0023,306,0,0,304,2
2024-09-15,P0024,240,0,0,240,0
2024-09-15,P0025,19,0,5,14,0
2024-09-15,P0026,383,0,0,383,0
2024-09-15,P0027,354,22,4,372,0
2024-09-15,P0028,18,0,0,18,0
2024-09-15,P0029,5,0,5,0,0
2024-09-15,P0030,20,0,3,17,0
2024-09-15,P0031,391,0,0,391,0
2024-09-15,P0032,39,0,8,31,0
2024-09-15,P0033,97,0,0,97,0
2024-09-15,P0034,196,0,0,196,0
2024-09-15,P0035,37,0,6,31,0
2024-09-15,P0036,0,0,6,0,0
2024-09-15,P0037,9,0,5,4,0
2024-09-15,P0038,69,0,0,69,0
2024-09-15,P0039,0,0,0,0,0
2024-09-15,P0040,109,0,0,109,0
2024-09-15,P0041,132,0,5,127,0
2024-09-15,P0042,130,0,0,130,0
2024-09-15,P0043,263,10,1,272,0
2024-09-15,P0044,47,0,23,24,0
2024-09-15,P0045,94,0,0,94,0
2024-09-15,P0046,0,0,8,0,0
2024-09-15,P0047,75,0,0,75,0
2024-09-15,P0048,137,0,0,137,0
2024-09-15,P0049,38,0,4,34,0
2024-09-15,P0050,143,0,2,141,0
2024-09-15,P0051,60,13,1,72,0
2024-09-15,P0052,202,0,0,202,0
2024-09-15,P0053,53,0,5,48,0
2024-09-15,P0054,249,0,0,249,0
2024-09-15,P0055,355,0,0,355,0
2024-09-15,P0056,41,0,1,40,0
2024-09-15,P0057,287,0,0,287,0
2024-09-15,P0058,53,0,6,47,0
2024-09-15,P0059,18,0,13,5,0
2024-09-15,P0060,0,0,4,0,0
2024-09-15,P0061,0,0,0,0,0
2024-09-15,P0062,286,0,0,286,0
2024-09-15,P0063,0,34,12,22,0
2024-09-15,P0064,147,0,0,147,0
2024-09-15,P0065,131,0,22,109,0
2024-09-15,P0066,265,0,14,251,0
2024-09-15,P0067,3,31,8,26,0
2024-09-15,P0068,240,0,0,240,0
2024-09-15,P0069,157,10,3,164,0
2024-09-15,P0070,0,0,8,0,0
2024-09-15,P0071,158,0,4,154,0
2024-09-15,P0072,257,11,0,268,0
2024-09-15,P0073,0,0,2,0,0
2024-09-15,P0074,0,0,12,0,0
2024-09-15,P0075,0,0,7,0,0
2024-09-15,P0076,17,0,9,8,0
2024-09-15,P0077,333,0,0,333,0
2024-09-15,P0078,31,0,2,29,0
2024-09-15,P0079,0,0,28,0,0
2024-09-15,P0080,304,0,0,304,0
2024-09-16,P0001,0,0,5,0,0
2024-09-16,P0002,307,0,0,307,0
2024-09-16,P0003,13,0,6,7,0
2024-09-16,P0004,20,0,3,17,0
2024-09-16,P0005,106,0,0,106,0
2024-09-16,P0006,73,0,2,71,0
2024-09-16,P0007,254,0,1,253,0
2024-09-16,P0008,205,0,0,205,0
2024-09-16,P0009,0,0,3,0,0
2024-09-16,P0010,0,0,14,0,0
2024-09-16,P0011,29,0,6,23,0
2024-09-16,P0012,210,0,1,209,0
2024-09-16,P0013,157,0,3,154,0
2024-09-16,P0014,86,0,1,85,0
2024-09-16,P0015,27,0,2,25,0
2024-09-16,P0016,9,0,5,4,0
2024-09-16,P0017,12,31,9,34,0
2024-09-16,P0018,60,0,2,58,0
2024-09-16,P0019,326,0,0,326,0
2024-09-16,P0020,215,0,2,213,0
2024-09-16,P0021,35,0,9,26,0
2024-09-16,P0022,0,0,4,0,0
2024-09-16,P0023,304,0,0,304,0
2024-09-16,P0024,240,0,0,240,0
2024-09-16,P0025,14,0,2,12,0
2024-09-16,P0026,383,0,0,383,0
2024-09-16,P0027,372,0,0,372,0
2024-09-16,P0028,18,0,0,18,0
2024-09-16,P0029,0,0,3,0,0
2024-09-16,P0030,17,0,12,5,0
2024-09-16,P0031,391,0,1,390,0
2024-09-16,P0032,31,26,3,54,0
2024-09-16,P0033,97,0,2,95,0
2024-09-16,P0034,196,0,0,196,0
2024-09-16,P0035,31,0,1,30,0
2024-09-16,P0036,0,0,5,0,0
2024-09-16,P0037,4,0,2,2,0
2024-09-16,P0038,69,0,0,69,0
2024-09-16,P0039,0,0,1,0,0
2024-09-16,P0040,109,0,2,107,0
2024-09-16,P0041,127,0,3,124,0
2024-09-16,P0042,130,0,0,130,0
2024-09-16,P0043,272,0,0,272,0
2024-09-16,P0044,24,0,29,0,0
2024-09-16,P0045,94,0,0,94,0
2024-09-16,P0046,0,0,6,0,0
2024-09-16,P0047,75,0,5,70,0
2024-09-16,P0048,137,0,2,135,0
2024-09-16,P0049,34,0,0,34,0
2024-09-16,P0050,141,0,2,139,0
2024-09-16,P0051,72,0,0,72,0
2024-09-16,P0052,202,0,0,202,0
2024-09-16,P0053,48,0,1,47,0
2024-09-16,P0054,249,0,0,249,0
2024-09-16,P0055,355,0,5,350,0
2024-09-16,P0056,40,0,5,35,0
2024-09-16,P0057,287,12,0,299,0
2024-09-16,P0058,47,0,11,36,0
2024-09-16,P0059,5,0,14,0,0
2024-09-16,P0060,0,0,7,0,0
2024-09-16,P0061,0,0,0,0,0
2024-09-16,P0062,286,0,0,286,0
2024-09-16,P0063,22,0,3,19,0
2024-09-16,P0064,147,15,1,161,0
2024-09-16,P0065,109,0,6,103,0
2024-09-16,P0066,251,0,17,234,0
2024-09-16,P0067,26,0,9,17,0
2024-09-16,P0068,240,0,0,240,0
2024-09-16,P0069,164,0,0,164,0
2024-09-16,P0070,0,0,4,0,0
2024-09-16,P0071,154,0,0,154,0
2024-09-16,P0072,268,0,1,267,0
2024-09-16,P0073,0,0,0,0,1
2024-09-16,P0074,0,0,7,0,0
2024-09-16,P0075,0,0,0,0,0
2024-09-16,P0076,8,0,0,8,0
2024-09-16,P0077,333,0,0,333,0
2024-09-16,P0078,29,0,3,26,0
2024-09-16,P0079,0,0,15,0,0
2024-09-16,P0080,304,0,0,304,0
2024-09-17,P0001,0,0,0,0,0
2024-09-17,P0002,307,16,0,323,0
2024-09-17,P0003,7,0,0,7,0
2024-09-17,P0004,17,0,3,14,0
2024-09-17,P0005,106,0,1,105,0
2024-09-17,P0006,71,0,2,69,0
2024-09-17,P0007,253,0,1,252,0
2024-09-17,P0008,205,0,0,205,0
2024-09-17,P0009,0,0,7,0,0
2024-09-17,P0010,0,0,20,0,0
2024-09-17,P0011,23,0,2,21,0
2024-09-17,P0012,209,0,0,209,0
2024-09-17,P0013,154,0,5,149,0
2024-09-17,P0014,85,0,1,84,0
2024-09-17,P0015,25,0,3,22,0
2024-09-17,P0016,4,42,4,42,0
2024-09-17,P0017,34,0,5,29,0
2024-09-17,P0018,58,0,0,58,0
2024-09-17,P0019,326,0,0,326,0
2024-09-17,P0020,213,0,0,213,0
2024-09-17,P0021,26,32,7,51,0
2024-09-17,P0022,0,0,5,0,0
2024-09-17,P0023,304,0,0,304,0
2024-09-17,P0024,240,0,0,240,0
2024-09-17,P0025,12,0,4,8,0
2024-09-17,P0026,383,0,4,379,0
2024-09-17,P0027,372,0,0,372,0
2024-09-17,P0028,18,0,0,18,0
2024-09-17,P0029,0,0,4,0,0
2024-09-17,P0030,5,0,0,5,0
2024-09-17,P0031,390,0,9,381,0
2024-09-17,P0032,54,15,1,68,0
2024-09-17,P0033,95,0,3,92,0
2024-09-17,P0034,196,0,1,195,0
2024-09-17,P0035,30,0,5,25,0
2024-09-17,P0036,0,0,6,0,0
2024-09-17,P0037,2,0,0,2,0
2024-09-17,P0038,69,0,2,67,0
2024-09-17,P0039,0,0,0,0,0
2024-09-17,P0040,107,0,0,107,0
2024-09-17,P0041,124,0,0,124,0
2024-09-17,P0042,130,0,0,130,0
2024-09-17,P0043,272,0,0,272,0
2024-09-17,P0044,0,0,16,0,0
2024-09-17,P0045,94,0,2,92,0
2024-09-17,P0046,0,0,5,0,0
2024-09-17,P0047,70,0,2,68,0
2024-09-17,P0048,135,0,1,134,0
2024-09-17,P0049,34,0,0,34,0
2024-09-17,P0050,139,0,0,139,0
2024-09-17,P0051,72,0,0,72,0
2024-09-17,P0052,202,0,0,202,0
2024-09-17,P0053,47,0,1,46,0
2024-09-17,P0054,249,0,2,247,0
2024-09-17,P0055,350,0,0,350,0
2024-09-17,P0056,35,0,0,35,0
2024-09-17,P0057,299,0,0,299,0
2024-09-17,P0058,36,0,2,34,0
2024-09-17,P0059,0,0,7,0,0
2024-09-17,P0060,0,0,6,0,0
2024-09-17,P0061,0,0,0,0,0
2024-09-17,P0062,286,0,2,284,0
2024-09-17,P0063,19,0,11,8,0
2024-09-17,P0064,161,0,0,161,0
2024-09-17,P0065,103,0,7,96,0
2024-09-17,P0066,234,0,17,217,0
2024-09-17,P0067,17,0,0,17,0
2024-09-17,P0068,240,0,1,239,0
2024-09-17,P0069,164,0,0,164,0
2024-09-17,P0070,0,0,4,0,0
2024-09-17,P0071,154,0,0,154,0
2024-09-17,P0072,267,0,0,267,0
2024-09-17,P0073,0,0,6,0,0
2024-09-17,P0074,0,0,8,0,0
2024-09-17,P0075,0,0,1,0,0
2024-09-17,P0076,8,0,6,2,0
2024-09-17,P0077,333,0,0,333,0
2024-09-17,P0078,26,0,0,26,0
2024-09-17,P0079,0,0,23,0,0
2024-09-17,P0080,304,22,0,326,0
2024-09-18,P0001,0,0,4,0,0
2024-09-18,P0002,323,0,0,323,0
2024-09-18,P0003,7,0,3,4,0
2024-09-18,P0004,14,0,6,8,0
2024-09-18,P0005,105,0,0,102,3
2024-09-18,P0006,69,0,0,69,0
2024-09-18,P0007,252,0,0,250,2
2024-09-18,P0008,205,0,0,205,0
2024-09-18,P0009,0,0,5,0,0
2024-09-18,P0010,0,0,15,0,0
2024-09-18,P0011,21,0,1,20,0
2024-09-18,P0012,209,0,2,207,0
2024-09-18,P0013,149,0,0,149,0
2024-09-18,P0014,84,0,5,79,0
2024-09-18,P0015,22,0,8,14,0
2024-09-18,P0016,42,46,5,83,0
2024-09-18,P0017,29,0,10,19,0
2024-09-18,P0018,58,0,0,58,0
2024-09-18,P0019,326,0,0,326,0
2024-09-18,P0020,213,0,0,213,0
2024-09-18,P0021,51,0,5,46,0
2024-09-18,P0022,0,0,0,0,0
2024-09-18,P0023,304,0,0,304,0
2024-09-18,P0024,240,0,0,240,0
2024-09-18,P0025,8,16,5,19,0
2024-09-18,P0026,379,0,0,379,0
2024-09-18,P0027,372,0,0,372,0
2024-09-18,P0028,18,17,1,34,0
2024-09-18,P0029,0,17,4,13,0
2024-09-18,P0030,5,0,2,0,3
2024-09-18,P0031,381,0,0,380,1
2024-09-18,P0032,68,0,4,62,2
2024-09-18,P0033,92,0,0,92,0
2024-09-18,P0034,195,0,0,195,0
2024-09-18,P0035,25,0,5,20,0
2024-09-18,P0036,0,0,5,0,0
2024-09-18,P0037,2,0,8,0,0
2024-09-18,P0038,67,0,5,62,0
2024-09-18,P0039,0,0,0,0,0
2024-09-18,P0040,107,0,0,107,0
2024-09-18,P0041,124,0,0,124,0
2024-09-18,P0042,130,0,1,129,0
2024-09-18,P0043,272,10,1,281,0
2024-09-18,P0044,0,0,18,0,0
2024-09-18,P0045,92,0,0,92,0
2024-09-18,P0046,0,38,4,34,0
2024-09-18,P0047,68,0,1,67,0
2024-09-18,P0048,134,29,0,163,0
2024-09-18,P0049,34,0,2,32,0
2024-09-18,P0050,139,0,0,139,0
2024-09-18,P0051,72,0,0,72,0
2024-09-18,P0052,202,0,0,202,0
2024-09-18,P0053,46,0,3,43,0
2024-09-18,P0054,247,0,4,243,0
2024-09-18,P0055,350,0,0,350,0
2024-09-18,P0056,35,0,3,32,0
2024-09-18,P0057,299,0,0,299,0
2024-09-18,P0058,34,0,10,24,0
2024-09-18,P0059,0,0,9,0,0
2024-09-18,P0060,0,0,6,0,0
2024-09-18,P0061,0,0,0,0,0
2024-09-18,P0062,284,0,0,284,0
2024-09-18,P0063,8,37,1,44,0
2024-09-18,P0064,161,0,0,161,0
2024-09-18,P0065,96,85,11,170,0
2024-09-18,P0066,217,93,15,295,0
2024-09-18,P0067,17,25,1,41,0
2024-09-18,P0068,239,0,0,239,0
2024-09-18,P0069,164,0,0,164,0
2024-09-18,P0070,0,0,8,0,0
2024-09-18,P0071,154,0,2,152,0
2024-09-18,P0072,267,0,0,267,0
2024-09-18,P0073,0,0,0,0,0
2024-09-18,P0074,0,0,3,0,0
2024-09-18,P0075,0,0,3,0,0
2024-09-18,P0076,2,0,5,0,0
2024-09-18,P0077,333,0,0,333,0
2024-09-18,P0078,26,0,0,26,0
2024-09-18,P0079,0,0,28,0,0
2024-09-18,P0080,326,0,0,325,1
2024-09-19,P0001,0,0,0,0,0
2024-09-19,P0002,323,0,0,323,0
2024-09-19,P0003,4,0,3,1,0
2024-09-19,P0004,8,0,4,4,0
2024-09-19,P0005,102,0,6,96,0
2024-09-19,P0006,69,0,0,69,0
2024-09-19,P0007,250,0,2,248,0
2024-09-19,P0008,205,0,2,203,0
2024-09-19,P0009,0,0,2,0,0
2024-09-19,P0010,0,0,5,0,0
2024-09-19,P0011,20,0,1,19,0
2024-09-19,P0012,207,12,0,219,0
2024-09-19,P0013,149,0,0,147,2
2024-09-19,P0014,79,0,3,76,0
2024-09-19,P0015,14,0,4,9,1
2024-09-19,P0016,83,46,4,125,0
2024-09-19,P0017,19,0,5,14,0
2024-09-19,P0018,58,0,1,57,0
2024-09-19,P0019,326,0,1,325,0
2024-09-19,P0020,213,0,3,210,0
2024-09-19,P0021,46,0,16,30,0
2024-09-19,P0022,0,0,1,0,0
2024-09-19,P0023,304,0,0,304,0
2024-09-19,P0024,240,0,0,240,0
2024-09-19,P0025,19,26,0,43,2
2024-09-19,P0026,379,0,0,379,0
2024-09-19,P0027,372,0,0,372,0
2024-09-19,P0028,34,13,0,47,0
2024-09-19,P0029,13,0,4,9,0
2024-09-19,P0030,0,0,1,0,0
2024-09-19,P0031,380,0,0,380,0
2024-09-19,P0032,62,0,3,59,0
2024-09-19,P0033,92,0,3,89,0
2024-09-19,P0034,195,0,1,194,0
2024-09-19,P0035,20,0,0,20,0
2024-09-19,P0036,0,0,2,0,0
2024-09-19,P0037,0,0,6,0,0
2024-09-19,P0038,62,0,1,61,0
2024-09-19,P0039,0,0,0,0,0
2024-09-19,P0040,107,0,0,107,0
2024-09-19,P0041,124,0,0,124,0
2024-09-19,P0042,129,0,0,129,0
2024-09-19,P0043,281,0,0,281,0
2024-09-19,P0044,0,0,27,0,0
2024-09-19,P0045,92,0,3,89,0
2024-09-19,P0046,34,0,13,21,0
2024-09-19,P0047,67,0,4,63,0
2024-09-19,P0048,163,0,1,162,0
2024-09-19,P0049,32,0,0,32,0
2024-09-19,P0050,139,21,6,151,3
2024-09-19,P0051,72,0,3,67,2
2024-09-19,P0052,202,0,0,202,0
2024-09-19,P0053,43,0,2,41,0
2024-09-19,P0054,243,0,0,243,0
2024-09-19,P0055,350,0,0,350,0
2024-09-19,P0056,32,0,1,31,0
2024-09-19,P0057,299,0,1,298,0
2024-09-19,P0058,24,0,6,18,0
2024-09-19,P0059,0,95,10,85,0
2024-09-19,P0060,0,0,1,0,0
2024-09-19,P0061,0,0,1,0,0
2024-09-19,P0062,284,0,0,284,0
2024-09-19,P0063,44,0,5,39,0
2024-09-19,P0064,161,12,5,168,0
2024-09-19,P0065,170,0,16,154,0
2024-09-19,P0066,295,0,20,275,0
2024-09-19,P0067,41,0,3,38,0
2024-09-19,P0068,239,0,0,239,0
2024-09-19,P0069,164,13,0,177,0
2024-09-19,P0070,0,0,1,0,0
2024-09-19,P0071,152,0,0,152,0
2024-09-19,P0072,267,0,0,267,0
2024-09-19,P0073,0,0,2,0,0
2024-09-19,P0074,0,0,4,0,0
2024-09-19,P0075,0,29,0,29,0
2024-09-19,P0076,0,0,0,0,0
2024-09-19,P0077,333,0,0,333,0
2024-09-19,P0078,26,0,0,26,0
2024-09-19,P0079,0,0,25,0,1
2024-09-19,P0080,325,0,0,325,0
2024-09-20,P0001,0,0,8,0,0
2024-09-20,P0002,323,0,0,323,0
2024-09-20,P0003,1,19,5,15,0
2024-09-20,P0004,4,0,0,4,0
2024-09-20,P0005,96,11,1,106,0
2024-09-20,P0006,69,0,5,64,0
2024-09-20,P0007,248,0,0,248,0
2024-09-20,P0008,203,0,0,203,0
2024-09-20,P0009,0,53,0,53,0
2024-09-20,P0010,0,0,4,0,0
2024-09-20,P0011,19,0,0,19,0
2024-09-20,P0012,219,0,4,215,0
2024-09-20,P0013,147,0,0,147,0
2024-09-20,P0014,76,0,0,76,0
2024-09-20,P0015,9,0,5,4,0
2024-09-20,P0016,125,0,2,123,0
2024-09-20,P0017,14,0,3,11,0
2024-09-20,P0018,57,0,1,56,0
2024-09-20,P0019,325,0,6,319,0
2024-09-20,P0020,210,0,0,210,0
2024-09-20,P0021,30,0,4,26,0
2024-09-20,P0022,0,0,3,0,0
2024-09-20,P0023,304,0,0,304,0
2024-09-20,P0024,240,0,3,237,0
2024-09-20,P0025,43,0,0,43,0
2024-09-20,P0026,379,0,0,379,0
2024-09-20,P0027,372,0,0,372,0
2024-09-20,P0028,47,0,0,47,0
2024-09-20,P0029,9,0,5,4,0
2024-09-20,P0030,0,0,5,0,0
2024-09-20,P0031,380,0,1,379,0
2024-09-20,P0032,59,0,5,54,0
2024-09-20,P0033,89,0,0,89,0
2024-09-20,P0034,194,0,0,194,0
2024-09-20,P0035,20,0,12,8,0
2024-09-20,P0036,0,0,1,0,0
2024-09-20,P0037,0,0,0,0,0
2024-09-20,P0038,61,0,6,55,0
2024-09-20,P0039,0,0,1,0,0
2024-09-20,P0040,107,0,0,107,0
2024-09-20,P0041,124,0,3,121,0
2024-09-20,P0042,129,0,0,129,0
2024-09-20,P0043,281,0,0,281,0
2024-09-20,P0044,0,0,12,0,0
2024-09-20,P0045,89,0,0,89,0
2024-09-20,P0046,21,0,3,18,0
2024-09-20,P0047,63,0,0,63,0
2024-09-20,P0048,162,0,10,152,0
2024-09-20,P0049,32,0,0,32,0
2024-09-20,P0050,151,0,0,151,0
2024-09-20,P0051,67,0,12,55,0
2024-09-20,P0052,202,0,0,202,0
2024-09-20,P0053,41,0,5,36,0
2024-09-20,P0054,243,0,0,243,0
2024-09-20,P0055,350,0,1,349,0
2024-09-20,P0056,31,0,0,28,3
2024-09-20,P0057,298,14,1,311,0
2024-09-20,P0058,18,69,7,80,0
2024-09-20,P0059,85,0,18,67,0
2024-09-20,P0060,0,0,7,0,0
2024-09-20,P0061,0,0,2,0,0
2024-09-20,P0062,284,0,0,284,0
2024-09-20,P0063,39,43,10,72,0
2024-09-20,P0064,168,0,0,168,0
2024-09-20,P0065,154,0,9,145,0
2024-09-20,P0066,275,0,18,257,0
2024-09-20,P0067,38,0,3,35,0
2024-09-20,P0068,239,19,0,256,2
2024-09-20,P0069,177,0,0,177,0
2024-09-20,P0070,0,0,16,0,0
2024-09-20,P0071,152,0,1,151,0
2024-09-20,P0072,267,0,0,267,0
2024-09-20,P0073,0,0,0,0,0
2024-09-20,P0074,0,0,6,0,0
2024-09-20,P0075,29,0,4,25,0
2024-09-20,P0076,0,0,4,0,0
2024-09-20,P0077,333,0,0,333,0
2024-09-20,P0078,26,0,3,23,0
2024-09-20,P0079,0,0,31,0,3
2024-09-20,P0080,325,0,0,325,0
2024-09-21,P0001,0,0,2,0,0
2024-09-21,P0002,323,0,1,322,0
2024-09-21,P0003,15,0,7,8,0
2024-09-21,P0004,4,0,1,3,0
2024-09-21,P0005,106,0,3,103,0
2024-09-21,P0006,64,0,0,64,0
2024-09-21,P0007,248,0,1,247,0
2024-09-21,P0008,203,0,0,203,0
2024-09-21,P0009,53,0,5,48,0
2024-09-21,P0010,0,0,14,0,0
2024-09-21,P0011,19,0,11,8,0
2024-09-21,P0012,215,0,1,214,0
2024-09-21,P0013,147,0,1,146,0
2024-09-21,P0014,76,0,5,71,0
2024-09-21,P0015,4,0,18,0,0
2024-09-21,P0016,123,0,7,116,0
2024-09-21,P0017,11,0,0,9,2
2024-09-21,P0018,56,0,2,54,0
2024-09-21,P0019,319,19,0,338,0
2024-09-21,P0020,210,0,0,210,0
2024-09-21,P0021,26,0,4,22,0
2024-09-21,P0022,0,0,5,0,0
2024-09-21,P0023,304,0,0,304,0
2024-09-21,P0024,237,0,0,237,0
2024-09-21,P0025,43,0,3,40,0
2024-09-21,P0026,379,0,0,379,0
2024-09-21,P0027,372,0,0,372,0
2024-09-21,P0028,47,0,2,42,3
2024-09-21,P0029,4,17,4,17,0
2024-09-21,P0030,0,0,3,0,0
2024-09-21,P0031,379,14,5,388,0
2024-09-21,P0032,54,0,0,54,0
2024-09-21,P0033,89,0,4,85,0
2024-09-21,P0034,194,0,0,194,0
2024-09-21,P0035,8,0,3,5,0
2024-09-21,P0036,0,0,5,0,0
2024-09-21,P0037,0,0,13,0,0
2024-09-21,P0038,55,0,2,53,0
2024-09-21,P0039,0,0,4,0,0
2024-09-21,P0040,107,0,4,101,2
2024-09-21,P0041,121,0,0,119,2
2024-09-21,P0042,129,0,1,128,0
2024-09-21,P0043,281,0,1,280,0
2024-09-21,P0044,0,0,21,0,0
2024-09-21,P0045,89,0,1,88,0
2024-09-21,P0046,18,0,11,7,0
2024-09-21,P0047,63,0,0,63,0
2024-09-21,P0048,152,0,7,145,0
2024-09-21,P0049,32,0,0,32,0
2024-09-21,P0050,151,0,6,145,0
2024-09-21,P0051,55,0,6,49,0
2024-09-21,P0052,202,0,0,202,0
2024-09-21,P0053,36,0,11,25,0
2024-09-21,P0054,243,0,4,239,0
2024-09-21,P0055,349,19,5,363,0
2024-09-21,P0056,28,0,0,28,0
2024-09-21,P0057,311,0,1,310,0
2024-09-21,P0058,80,0,20,60,0
2024-09-21,P0059,67,0,21,46,0
2024-09-21,P0060,0,0,8,0,0
2024-09-21,P0061,0,0,2,0,0
2024-09-21,P0062,284,0,0,284,0
2024-09-21,P0063,72,0,11,61,0
2024-09-21,P0064,168,0,2,166,0
2024-09-21,P0065,145,0,19,126,0
2024-09-21,P0066,257,0,20,237,0
2024-09-21,P0067,35,0,5,30,0
2024-09-21,P0068,256,0,2,254,0
2024-09-21,P0069,177,0,0,177,0
2024-09-21,P0070,0,0,15,0,0
2024-09-21,P0071,151,0,0,151,0
2024-09-21,P0072,267,0,4,263,0
2024-09-21,P0073,0,0,0,0,0
2024-09-21,P0074,0,0,19,0,0
2024-09-21,P0075,25,0,2,23,0
2024-09-21,P0076,0,0,0,0,0
2024-09-21,P0077,333,0,0,333,0
2024-09-21,P0078,23,0,0,23,0
2024-09-21,P0079,0,0,37,0,0
2024-09-21,P0080,325,0,0,325,0
2024-09-22,P0001,0,0,19,0,0
2024-09-22,P0002,322,0,0,322,0
2024-09-22,P0003,8,0,4,2,2
2024-09-22,P0004,3,0,8,0,0
2024-09-22,P0005,103,19,0,122,0
2024-09-22,P0006,64,0,1,63,0
2024-09-22,P0007,247,0,1,246,0
2024-09-22,P0008,203,0,0,203,0
2024-09-22,P0009,48,54,7,95,0
2024-09-22,P0010,0,0,13,0,0
2024-09-22,P0011,8,0,7,1,0
2024-09-22,P0012,214,0,2,212,0
2024-09-22,P0013,146,0,0,146,0
2024-09-22,P0014,71,0,5,66,0
2024-09-22,P0015,0,0,8,0,0
2024-09-22,P0016,116,0,5,111,0
2024-09-22,P0017,9,0,5,4,0
2024-09-22,P0018,54,0,6,48,0
2024-09-22,P0019,338,0,0,338,0
2024-09-22,P0020,210,0,0,210,0
2024-09-22,P0021,22,0,8,14,0
2024-09-22,P0022,0,0,0,0,0
2024-09-22,P0023,304,0,0,304,0
2024-09-22,P0024,237,0,0,237,0
2024-09-22,P0025,40,0,8,32,0
2024-09-22,P0026,379,0,2,377,0
2024-09-22,P0027,372,0,0,372,0
2024-09-22,P0028,42,0,6,36,0
2024-09-22,P0029,17,0,5,12,0
2024-09-22,P0030,0,0,1,0,0
2024-09-22,P0031,388,0,0,388,0
2024-09-22,P0032,54,0,10,44,0
2024-09-22,P0033,85,0,0,85,0
2024-09-22,P0034,194,0,4,190,0
2024-09-22,P0035,5,0,2,3,0
2024-09-22,P0036,0,18,4,14,0
2024-09-22,P0037,0,0,3,0,0
2024-09-22,P0038,53,0,7,46,0
2024-09-22,P0039,0,0,0,0,0
2024-09-22,P0040,101,18,0,119,0
2024-09-22,P0041,119,0,1,118,0
2024-09-22,P0042,128,0,0,128,0
2024-09-22,P0043,280,0,0,280,0
2024-09-22,P0044,0,0,32,0,0
2024-09-22,P0045,88,0,2,86,0
2024-09-22,P0046,7,0,0,7,0
2024-09-22,P0047,63,0,3,60,0
2024-09-22,P0048,145,0,8,137,0
2024-09-22,P0049,32,0,3,29,0
2024-09-22,P0050,145,0,1,142,2
2024-09-22,P0051,49,0,4,45,0
2024-09-22,P0052,202,0,2,200,0
2024-09-22,P0053,25,0,0,25,0
2024-09-22,P0054,239,0,1,238,0
2024-09-22,P0055,363,0,2,361,0
2024-09-22,P0056,28,0,5,23,0
2024-09-22,P0057,310,0,3,307,0
2024-09-22,P0058,60,0,7,53,0
2024-09-22,P0059,46,0,14,32,0
2024-09-22,P0060,0,0,4,0,1
2024-09-22,P0061,0,22,0,22,0
2024-09-22,P0062,284,0,0,284,0
2024-09-22,P0063,61,0,16,45,0
2024-09-22,P0064,166,0,0,166,0
2024-09-22,P0065,126,95,13,208,0
2024-09-22,P0066,237,0,24,213,0
2024-09-22,P0067,30,0,14,16,0
2024-09-22,P0068,254,16,5,265,0
2024-09-22,P0069,177,0,1,176,0
2024-09-22,P0070,0,0,6,0,0
2024-09-22,P0071,151,0,8,143,0
2024-09-22,P0072,263,0,0,263,0
2024-09-22,P0073,0,0,4,0,0
2024-09-22,P0074,0,0,11,0,0
2024-09-22,P0075,23,0,0,23,0
2024-09-22,P0076,0,0,0,0,0
2024-09-22,P0077,333,0,0,333,0
2024-09-22,P0078,23,0,2,21,0
2024-09-22,P0079,0,0,40,0,0
2024-09-22,P0080,325,20,0,345,0
2024-09-23,P0001,0,0,5,0,0
2024-09-23,P0002,322,0,0,322,0
2024-09-23,P0003,2,0,5,0,0
2024-09-23,P0004,0,0,2,0,0
2024-09-23,P0005,122,0,8,114,0
2024-09-23,P0006,63,0,2,61,0
2024-09-23,P0007,246,0,0,246,0
2024-09-23,P0008,203,0,0,203,0
2024-09-23,P0009,95,0,13,82,0
2024-09-23,P0010,0,0,3,0,0
2024-09-23,P0011,1,0,0,1,0
2024-09-23,P0012,212,0,0,209,3
2024-09-23,P0013,146,0,0,146,0
2024-09-23,P0014,66,0,0,66,0
2024-09-23,P0015,0,0,4,0,0
2024-09-23,P0016,111,0,8,103,0
2024-09-23,P0017,4,0,1,3,0
2024-09-23,P0018,48,0,1,47,0
2024-09-23,P0019,338,0,0,338,0
2024-09-23,P0020,210,0,0,210,0
2024-09-23,P0021,14,0,3,11,0
2024-09-23,P0022,0,0,0,0,0
2024-09-23,P0023,304,0,0,304,0
2024-09-23,P0024,237,0,0,237,0
2024-09-23,P0025,32,0,5,27,0
2024-09-23,P0026,377,0,0,377,0
2024-09-23,P0027,372,0,0,372,0
2024-09-23,P0028,36,0,0,36,0
2024-09-23,P0029,12,0,2,10,0
2024-09-23,P0030,0,0,1,0,0
2024-09-23,P0031,388,0,0,388,0
2024-09-23,P0032,44,19,3,60,0
2024-09-23,P0033,85,0,2,83,0
2024-09-23,P0034,190,0,1,189,0
2024-09-23,P0035,3,0,5,0,0
2024-09-23,P0036,14,0,0,14,0
2024-09-23,P0037,0,0,5,0,0
2024-09-23,P0038,46,0,6,40,0
2024-09-23,P0039,0,16,13,3,0
2024-09-23,P0040,119,0,1,118,0
2024-09-23,P0041,118,0,0,118,0
2024-09-23,P0042,128,0,0,128,0
2024-09-23,P0043,280,10,0,290,0
2024-09-23,P0044,0,0,15,0,0
2024-09-23,P0045,86,0,0,86,0
2024-09-23,P0046,7,0,1,6,0
2024-09-23,P0047,60,0,7,53,0
2024-09-23,P0048,137,0,5,132,0
2024-09-23,P0049,29,0,3,24,2
2024-09-23,P0050,142,17,1,158,0
2024-09-23,P0051,45,0,2,43,0
2024-09-23,P0052,200,0,0,200,0
2024-09-23,P0053,25,0,2,23,0
2024-09-23,P0054,238,0,0,238,0
2024-09-23,P0055,361,0,0,361,0
2024-09-23,P0056,23,0,6,17,0
2024-09-23,P0057,307,10,0,317,0
2024-09-23,P0058,53,0,5,48,0
2024-09-23,P0059,32,0,14,18,0
2024-09-23,P0060,0,0,6,0,0
2024-09-23,P0061,22,0,2,20,0
2024-09-23,P0062,284,0,0,284,0
2024-09-23,P0063,45,0,11,34,0
2024-09-23,P0064,166,0,0,166,0
2024-09-23,P0065,208,0,12,196,0
2024-09-23,P0066,213,0,13,200,0
2024-09-23,P0067,16,0,0,16,0
2024-09-23,P0068,265,0,3,262,0
2024-09-23,P0069,176,0,0,176,0
2024-09-23,P0070,0,0,2,0,0
2024-09-23,P0071,143,0,0,143,0
2024-09-23,P0072,263,14,0,277,0
2024-09-23,P0073,0,0,0,0,0
2024-09-23,P0074,0,0,3,0,0
2024-09-23,P0075,23,0,6,17,0
2024-09-23,P0076,0,0,1,0,0
2024-09-23,P0077,333,0,0,333,0
2024-09-23,P0078,21,0,3,18,0
2024-09-23,P0079,0,0,12,0,0
2024-09-23,P0080,345,0,0,345,0
2024-09-24,P0001,0,0,3,0,0
2024-09-24,P0002,322,0,0,322,0
2024-09-24,P0003,0,0,4,0,0
2024-09-24,P0004,0,0,5,0,0
2024-09-24,P0005,114,0,0,114,0
2024-09-24,P0006,61,0,0,61,0
2024-09-24,P0007,246,15,0,261,0
2024-09-24,P0008,203,0,0,203,0
2024-09-24,P0009,82,0,7,75,0
2024-09-24,P0010,0,37,1,36,0
2024-09-24,P0011,1,0,1,0,0
2024-09-24,P0012,209,0,0,209,0
2024-09-24,P0013,146,0,0,146,0
2024-09-24,P0014,66,0,4,62,0
2024-09-24,P0015,0,0,4,0,0
2024-09-24,P0016,103,0,1,102,0
2024-09-24,P0017,3,0,3,0,0
2024-09-24,P0018,47,0,1,46,0
2024-09-24,P0019,338,17,0,355,0
2024-09-24,P0020,210,0,0,210,0
2024-09-24,P0021,11,0,8,3,0
2024-09-24,P0022,0,0,3,0,0
2024-09-24,P0023,304,0,0,304,0
2024-09-24,P0024,237,0,0,237,0
2024-09-24,P0025,27,0,1,26,0
2024-09-24,P0026,377,0,0,377,0
2024-09-24,P0027,372,0,0,372,0
2024-09-24,P0028,36,0,0,36,0
2024-09-24,P0029,10,0,4,6,0
2024-09-24,P0030,0,0,0,0,0
2024-09-24,P0031,388,0,0,388,0
2024-09-24,P0032,60,0,4,56,0
2024-09-24,P0033,83,22,0,105,0
2024-09-24,P0034,189,0,4,185,0
2024-09-24,P0035,0,0,0,0,0
2024-09-24,P0036,14,0,2,12,0
2024-09-24,P0037,0,0,2,0,0
2024-09-24,P0038,40,0,0,40,0
2024-09-24,P0039,3,18,5,16,0
2024-09-24,P0040,118,12,0,130,0
2024-09-24,P0041,118,0,0,118,0
2024-09-24,P0042,128,0,0,128,0
2024-09-24,P0043,290,0,2,288,0
2024-09-24,P0044,0,0,12,0,0
2024-09-24,P0045,86,16,0,102,0
2024-09-24,P0046,6,0,4,2,0
2024-09-24,P0047,53,0,2,51,0
2024-09-24,P0048,132,0,2,130,0
2024-09-24,P0049,24,0,0,24,0
2024-09-24,P0050,158,0,2,156,0
2024-09-24,P0051,43,0,0,43,0
2024-09-24,P0052,200,0,2,198,0
2024-09-24,P0053,23,0,1,22,0
2024-09-24,P0054,238,0,0,238,0
2024-09-24,P0055,361,11,0,372,0
2024-09-24,P0056,17,27,0,44,0
2024-09-24,P0057,317,14,0,331,0
2024-09-24,P0058,48,0,7,41,0
2024-09-24,P0059,18,0,13,5,0
2024-09-24,P0060,0,0,7,0,0
2024-09-24,P0061,20,0,1,19,0
2024-09-24,P0062,284,0,0,284,0
2024-09-24,P0063,34,0,15,19,0
2024-09-24,P0064,166,0,1,163,2
2024-09-24,P0065,196,113,23,286,0
2024-09-24,P0066,200,0,12,188,0
2024-09-24,P0067,16,0,5,11,0
2024-09-24,P0068,262,0,5,257,0
2024-09-24,P0069,176,0,0,176,0
2024-09-24,P0070,0,32,10,22,0
2024-09-24,P0071,143,0,0,143,0
2024-09-24,P0072,277,0,0,277,0
2024-09-24,P0073,0,0,1,0,0
2024-09-24,P0074,0,0,19,0,0
2024-09-24,P0075,17,0,2,15,0
2024-09-24,P0076,0,0,0,0,0
2024-09-24,P0077,333,0,0,333,0
2024-09-24,P0078,18,0,1,17,0
2024-09-24,P0079,0,0,38,0,0
2024-09-24,P0080,345,0,0,345,0
2024-09-25,P0001,0,0,1,0,0
2024-09-25,P0002,322,0,0,322,0
2024-09-25,P0003,0,0,0,0,0
2024-09-25,P0004,0,0,0,0,0
2024-09-25,P0005,114,0,1,113,0
2024-09-25,P0006,61,11,1,71,0
2024-09-25,P0007,261,0,0,261,0
2024-09-25,P0008,203,0,0,203,0
2024-09-25,P0009,75,0,5,70,0
2024-09-25,P0010,36,0,11,25,0
2024-09-25,P0011,0,0,12,0,0
2024-09-25,P0012,209,0,0,209,0
2024-09-25,P0013,146,0,0,146,0
2024-09-25,P0014,62,0,4,58,0
2024-09-25,P0015,0,0,7,0,0
2024-09-25,P0016,102,0,0,102,0
2024-09-25,P0017,0,0,2,0,0
2024-09-25,P0018,46,0,2,44,0
2024-09-25,P0019,355,0,0,355,0
2024-09-25,P0020,210,0,0,210,0
2024-09-25,P0021,3,0,9,0,0
2024-09-25,P0022,0,0,5,0,0
2024-09-25,P0023,304,0,0,304,0
2024-09-25,P0024,237,0,0,237,0
2024-09-25,P0025,26,0,0,26,0
2024-09-25,P0026,377,18,0,395,0
2024-09-25,P0027,372,0,3,369,0
2024-09-25,P0028,36,0,0,36,0
2024-09-25,P0029,6,0,1,5,0
2024-09-25,P0030,0,0,0,0,0
2024-09-25,P0031,388,0,0,388,0
2024-09-25,P0032,56,0,5,49,2
2024-09-25,P0033,105,0,1,104,0
2024-09-25,P0034,185,0,0,185,0
2024-09-25,P0035,0,0,2,0,0
2024-09-25,P0036,12,0,2,10,0
2024-09-25,P0037,0,0,7,0,0
2024-09-25,P0038,40,0,0,40,0
2024-09-25,P0039,16,0,6,10,0
2024-09-25,P0040,130,0,0,130,0
2024-09-25,P0041,118,0,4,114,0
2024-09-25,P0042,128,0,0,128,0
2024-09-25,P0043,288,0,0,288,0
2024-09-25,P0044,0,0,16,0,0
2024-09-25,P0045,102,0,2,100,0
2024-09-25,P0046,2,0,4,0,0
2024-09-25,P0047,51,0,1,50,0
2024-09-25,P0048,130,0,1,129,0
2024-09-25,P0049,24,0,0,24,0
2024-09-25,P0050,156,0,0,156,0
2024-09-25,P0051,43,0,0,43,0
2024-09-25,P0052,198,0,0,198,0
2024-09-25,P0053,22,0,0,22,0
2024-09-25,P0054,238,0,0,238,0
2024-09-25,P0055,372,0,0,372,0
2024-09-25,P0056,44,0,1,43,0
2024-09-25,P0057,331,0,0,331,0
2024-09-25,P0058,41,0,9,30,2
2024-09-25,P0059,5,0,5,0,0
2024-09-25,P0060,0,0,3,0,0
2024-09-25,P0061,19,0,2,17,0
2024-09-25,P0062,284,0,0,284,0
2024-09-25,P0063,19,0,10,9,0
2024-09-25,P0064,163,0,0,163,0
2024-09-25,P0065,286,0,9,277,0
2024-09-25,P0066,188,0,8,180,0
2024-09-25,P0067,11,0,10,1,0
2024-09-25,P0068,257,0,0,257,0
2024-09-25,P0069,176,0,6,170,0
2024-09-25,P0070,22,0,4,18,0
2024-09-25,P0071,143,0,0,143,0
2024-09-25,P0072,277,0,0,277,0
2024-09-25,P0073,0,0,0,0,0
2024-09-25,P0074,0,0,9,0,0
2024-09-25,P0075,15,0,0,15,0
2024-09-25,P0076,0,0,1,0,0
2024-09-25,P0077,333,0,0,333,0
2024-09-25,P0078,17,0,7,10,0
2024-09-25,P0079,0,0,33,0,0
2024-09-25,P0080,345,18,0,363,0
2024-09-26,P0001,0,0,13,0,0
2024-09-26,P0002,322,0,0,322,0
2024-09-26,P0003,0,0,0,0,0
2024-09-26,P0004,0,0,2,0,0
2024-09-26,P0005,113,0,0,113,0
2024-09-26,P0006,71,0,1,70,0
2024-09-26,P0007,261,0,0,261,0
2024-09-26,P0008,203,0,0,203,0
2024-09-26,P0009,70,0,4,66,0
2024-09-26,P0010,25,0,11,14,0
2024-09-26,P0011,0,0,0,0,0
2024-09-26,P0012,209,0,1,208,0
2024-09-26,P0013,146,0,0,146,0
2024-09-26,P0014,58,0,6,52,0
2024-09-26,P0015,0,61,7,54,0
2024-09-26,P0016,102,0,2,100,0
2024-09-26,P0017,0,0,4,0,0
2024-09-26,P0018,44,18,1,61,0
2024-09-26,P0019,355,0,0,355,0
2024-09-26,P0020,210,0,0,210,0
2024-09-26,P0021,0,0,9,0,0
2024-09-26,P0022,0,0,0,0,0
2024-09-26,P0023,304,0,0,304,0
2024-09-26,P0024,237,0,0,237,0
2024-09-26,P0025,26,0,2,24,0
2024-09-26,P0026,395,0,0,395,0
2024-09-26,P0027,369,0,0,369,0
2024-09-26,P0028,36,0,0,36,0
2024-09-26,P0029,5,0,3,2,0
2024-09-26,P0030,0,0,6,0,0
2024-09-26,P0031,388,0,0,388,0
2024-09-26,P0032,49,31,1,79,0
2024-09-26,P0033,104,11,0,115,0
2024-09-26,P0034,185,0,0,185,0
2024-09-26,P0035,0,0,5,0,0
2024-09-26,P0036,10,0,5,5,0
2024-09-26,P0037,0,0,3,0,2
2024-09-26,P0038,40,0,8,32,0
2024-09-26,P0039,10,0,0,10,0
2024-09-26,P0040,130,0,0,130,0
2024-09-26,P0041,114,0,7,107,0
2024-09-26,P0042,128,0,0,128,0
2024-09-26,P0043,288,20,0,308,0
2024-09-26,P0044,0,0,11,0,0
2024-09-26,P0045,100,0,0,100,0
2024-09-26,P0046,0,0,0,0,0
2024-09-26,P0047,50,0,4,46,0
2024-09-26,P0048,129,35,4,160,0
2024-09-26,P0049,24,0,2,22,0
2024-09-26,P0050,156,0,0,156,0
2024-09-26,P0051,43,0,1,42,0
2024-09-26,P0052,198,0,0,198,0
2024-09-26,P0053,22,0,0,22,0
2024-09-26,P0054,238,0,0,238,0
2024-09-26,P0055,372,0,0,372,0
2024-09-26,P0056,43,0,1,42,0
2024-09-26,P0057,331,11,2,340,0
2024-09-26,P0058,30,0,2,26,2
2024-09-26,P0059,0,0,15,0,0
2024-09-26,P0060,0,0,6,0,0
2024-09-26,P0061,17,0,3,14,0
2024-09-26,P0062,284,0,0,284,0
2024-09-26,P0063,9,0,5,2,2
2024-09-26,P0064,163,0,0,163,0
2024-09-26,P0065,277,0,12,265,0
2024-09-26,P0066,180,0,13,167,0
2024-09-26,P0067,1,0,1,0,0
2024-09-26,P0068,257,0,3,254,0
2024-09-26,P0069,170,13,2,181,0
2024-09-26,P0070,18,0,4,14,0
2024-09-26,P0071,143,0,0,143,0
2024-09-26,P0072,277,0,0,277,0
2024-09-26,P0073,0,0,1,0,0
2024-09-26,P0074,0,0,11,0,0
2024-09-26,P0075,15,0,1,14,0
2024-09-26,P0076,0,0,1,0,0
2024-09-26,P0077,333,0,0,333,0
2024-09-26,P0078,10,0,0,10,0
2024-09-26,P0079,0,149,24,125,0
2024-09-26,P0080,363,0,2,361,0
2024-09-27,P0001,0,0,1,0,0
2024-09-27,P0002,322,0,0,322,0
2024-09-27,P0003,0,0,1,0,0
2024-09-27,P0004,0,0,8,0,0
2024-09-27,P0005,113,0,4,109,0
2024-09-27,P0006,70,0,3,67,0
2024-09-27,P0007,261,0,0,261,0
2024-09-27,P0008,203,0,0,203,0
2024-09-27,P0009,66,0,5,61,0
2024-09-27,P0010,14,0,2,12,0
2024-09-27,P0011,0,0,0,0,0
2024-09-27,P0012,208,0,1,207,0
2024-09-27,P0013,146,0,0,146,0
2024-09-27,P0014,52,0,8,44,0
2024-09-27,P0015,54,0,8,46,0
2024-09-27,P0016,100,0,1,99,0
2024-09-27,P0017,0,0,8,0,0
2024-09-27,P0018,61,0,2,59,0
2024-09-27,P0019,355,0,0,355,0
2024-09-27,P0020,210,0,0,210,0
2024-09-27,P0021,0,0,8,0,0
2024-09-27,P0022,0,0,3,0,0
2024-09-27,P0023,304,0,0,304,0
2024-09-27,P0024,237,0,0,237,0
2024-09-27,P0025,24,0,0,24,0
2024-09-27,P0026,395,0,0,395,0
2024-09-27,P0027,369,0,1,368,0
2024-09-27,P0028,36,0,4,32,0
2024-09-27,P0029,2,0,1,1,0
2024-09-27,P0030,0,0,1,0,0
2024-09-27,P0031,388,0,0,388,0
2024-09-27,P0032,79,0,4,75,0
2024-09-27,P0033,115,0,0,115,0
2024-09-27,P0034,185,0,0,185,0
2024-09-27,P0035,0,0,4,0,0
2024-09-27,P0036,5,0,1,4,0
2024-09-27,P0037,0,0,8,0,0
2024-09-27,P0038,32,0,0,32,0
2024-09-27,P0039,10,0,0,10,0
2024-09-27,P0040,130,0,0,130,0
2024-09-27,P0041,107,0,0,107,0
2024-09-27,P0042,128,0,0,128,0
2024-09-27,P0043,308,0,0,308,0
2024-09-27,P0044,0,0,20,0,0
2024-09-27,P0045,100,0,1,99,0
2024-09-27,P0046,0,0,15,0,0
2024-09-27,P0047,46,0,2,44,0
2024-09-27,P0048,160,0,7,153,0
2024-09-27,P0049,22,0,3,19,0
2024-09-27,P0050,156,0,4,152,0
2024-09-27,P0051,42,14,0,56,0
2024-09-27,P0052,198,0,0,198,0
2024-09-27,P0053,22,0,0,22,0
2024-09-27,P0054,238,0,0,238,0
2024-09-27,P0055,372,0,0,372,0
2024-09-27,P0056,42,0,1,41,0
2024-09-27,P0057,340,0,0,340,0
2024-09-27,P0058,26,0,16,10,0
2024-09-27,P0059,0,0,15,0,0
2024-09-27,P0060,0,0,7,0,0
2024-09-27,P0061,14,0,0,14,0
2024-09-27,P0062,284,0,0,284,0
2024-09-27,P0063,2,0,8,0,0
2024-09-27,P0064,163,0,0,163,0
2024-09-27,P0065,265,0,12,253,0
2024-09-27,P0066,167,0,12,155,0
2024-09-27,P0067,0,0,2,0,0
2024-09-27,P0068,254,0,0,254,0
2024-09-27,P0069,181,0,1,178,2
2024-09-27,P0070,14,0,9,5,0
2024-09-27,P0071,143,20,1,162,0
2024-09-27,P0072,277,0,1,276,0
2024-09-27,P0073,0,0,0,0,0
2024-09-27,P0074,0,0,17,0,0
2024-09-27,P0075,14,0,11,3,0
2024-09-27,P0076,0,0,0,0,0
2024-09-27,P0077,333,0,0,333,0
2024-09-27,P0078,10,0,3,7,0
2024-09-27,P0079,125,252,27,350,0
2024-09-27,P0080,361,12,1,372,0
2024-09-28,P0001,0,0,8,0,0
2024-09-28,P0002,322,11,0,333,0
2024-09-28,P0003,0,0,5,0,0
2024-09-28,P0004,0,0,1,0,0
2024-09-28,P0005,109,0,0,107,2
2024-09-28,P0006,67,0,0,67,0
2024-09-28,P0007,261,0,0,261,0
2024-09-28,P0008,203,0,0,203,0
2024-09-28,P0009,61,0,7,54,0
2024-09-28,P0010,12,0,3,9,0
2024-09-28,P0011,0,0,1,0,0
2024-09-28,P0012,207,0,2,205,0
2024-09-28,P0013,146,0,0,146,0
2024-09-28,P0014,44,0,1,43,0
2024-09-28,P0015,46,0,18,28,0
2024-09-28,P0016,99,0,5,94,0
2024-09-28,P0017,0,0,2,0,0
2024-09-28,P0018,59,0,9,50,0
2024-09-28,P0019,355,0,0,355,0
2024-09-28,P0020,210,0,0,210,0
2024-09-28,P0021,0,0,15,0,0
2024-09-28,P0022,0,25,4,21,0
2024-09-28,P0023,304,0,0,304,0
2024-09-28,P0024,237,15,0,252,0
2024-09-28,P0025,24,0,0,24,0
2024-09-28,P0026,395,0,0,395,0
2024-09-28,P0027,368,0,4,364,0
2024-09-28,P0028,32,0,0,32,0
2024-09-28,P0029,1,0,2,0,0
2024-09-28,P0030,0,21,4,17,0
2024-09-28,P0031,388,0,1,387,0
2024-09-28,P0032,75,0,2,73,0
2024-09-28,P0033,115,0,5,110,0
2024-09-28,P0034,185,0,0,185,0
2024-09-28,P0035,0,0,7,0,0
2024-09-28,P0036,4,0,4,0,0
2024-09-28,P0037,0,0,1,0,0
2024-09-28,P0038,32,0,0,32,0
2024-09-28,P0039,10,0,0,10,0
2024-09-28,P0040,130,0,0,130,0
2024-09-28,P0041,107,0,0,107,0
2024-09-28,P0042,128,0,0,128,0
2024-09-28,P0043,308,0,0,308,0
2024-09-28,P0044,0,0,32,0,0
2024-09-28,P0045,99,0,2,97,0
2024-09-28,P0046,0,29,12,17,0
2024-09-28,P0047,44,0,5,39,0
2024-09-28,P0048,153,0,0,153,0
2024-09-28,P0049,19,0,0,19,0
2024-09-28,P0050,152,22,3,171,0
2024-09-28,P0051,56,0,2,54,0
2024-09-28,P0052,198,0,0,198,0
2024-09-28,P0053,22,0,0,22,0
2024-09-28,P0054,238,0,0,238,0
2024-09-28,P0055,372,0,0,372,0
2024-09-28,P0056,41,26,9,58,0
2024-09-28,P0057,340,0,0,340,0
2024-09-28,P0058,10,0,13,0,0
2024-09-28,P0059,0,0,14,0,0
2024-09-28,P0060,0,43,1,42,0
2024-09-28,P0061,14,0,4,10,0
2024-09-28,P0062,284,0,0,284,0
2024-09-28,P0063,0,0,11,0,0
2024-09-28,P0064,163,0,0,163,0
2024-09-28,P0065,253,0,18,235,0
2024-09-28,P0066,155,0,27,128,0
2024-09-28,P0067,0,0,1,0,0
2024-09-28,P0068,254,0,2,252,0
2024-09-28,P0069,178,0,0,178,0
2024-09-28,P0070,5,0,8,0,0
2024-09-28,P0071,162,0,0,162,0
2024-09-28,P0072,276,0,0,276,0
2024-09-28,P0073,0,0,5,0,0
2024-09-28,P0074,0,0,6,0,0
2024-09-28,P0075,3,0,7,0,0
2024-09-28,P0076,0,0,1,0,0
2024-09-28,P0077,333,0,0,333,0
2024-09-28,P0078,7,0,1,6,0
2024-09-28,P0079,350,0,30,320,0
2024-09-28,P0080,372,0,0,372,0
2024-09-29,P0001,0,0,5,0,0
2024-09-29,P0002,333,0,0,333,0
2024-09-29,P0003,0,0,5,0,0
2024-09-29,P0004,0,0,8,0,0
2024-09-29,P0005,107,0,5,102,0
2024-09-29,P0006,67,0,1,66,0
2024-09-29,P0007,261,0,0,261,0
2024-09-29,P0008,203,0,0,203,0
2024-09-29,P0009,54,0,13,41,0
2024-09-29,P0010,9,0,17,0,0
2024-09-29,P0011,0,0,3,0,0
2024-09-29,P0012,205,0,0,205,0
2024-09-29,P0013,146,23,0,169,0
2024-09-29,P0014,43,0,8,35,0
2024-09-29,P0015,28,0,11,17,0
2024-09-29,P0016,94,0,6,88,0
2024-09-29,P0017,0,0,3,0,0
2024-09-29,P0018,50,0,1,49,0
2024-09-29,P0019,355,0,4,351,0
2024-09-29,P0020,210,0,2,208,0
2024-09-29,P0021,0,0,9,0,0
2024-09-29,P0022,21,0,5,16,0
2024-09-29,P0023,304,0,0,304,0
2024-09-29,P0024,252,17,0,269,0
2024-09-29,P0025,24,26,3,47,0
2024-09-29,P0026,395,0,0,395,0
2024-09-29,P0027,364,0,0,364,0
2024-09-29,P0028,32,0,0,32,0
2024-09-29,P0029,0,0,6,0,0
2024-09-29,P0030,17,0,6,11,0
2024-09-29,P0031,387,0,0,387,0
2024-09-29,P0032,73,0,0,73,0
2024-09-29,P0033,110,18,2,126,0
2024-09-29,P0034,185,0,0,185,0
2024-09-29,P0035,0,0,0,0,0
2024-09-29,P0036,0,0,1,0,0
2024-09-29,P0037,0,0,12,0,0
2024-09-29,P0038,32,0,3,29,0
2024-09-29,P0039,10,0,5,5,0
2024-09-29,P0040,130,0,0,130,0
2024-09-29,P0041,107,22,10,119,0
2024-09-29,P0042,128,11,2,137,0
2024-09-29,P0043,308,0,0,308,0
2024-09-29,P0044,0,0,17,0,0
2024-09-29,P0045,97,0,0,97,0
2024-09-29,P0046,17,0,13,4,0
2024-09-29,P0047,39,0,3,36,0
2024-09-29,P0048,153,0,2,151,0
2024-09-29,P0049,19,0,2,15,2
2024-09-29,P0050,171,0,3,168,0
2024-09-29,P0051,54,0,4,50,0
2024-09-29,P0052,198,16,5,209,0
2024-09-29,P0053,22,0,3,19,0
2024-09-29,P0054,238,0,0,238,0
2024-09-29,P0055,372,0,4,368,0
2024-09-29,P0056,58,0,8,50,0
2024-09-29,P0057,340,0,1,339,0
2024-09-29,P0058,0,0,15,0,0
2024-09-29,P0059,0,0,18,0,0
2024-09-29,P0060,42,0,10,32,0
2024-09-29,P0061,10,0,2,8,0
2024-09-29,P0062,284,0,0,284,0
2024-09-29,P0063,0,0,14,0,0
2024-09-29,P0064,163,0,4,159,0
2024-09-29,P0065,235,0,33,202,0
2024-09-29,P0066,128,0,17,111,0
2024-09-29,P0067,0,0,5,0,0
2024-09-29,P0068,252,0,0,252,0
2024-09-29,P0069,178,0,0,178,0
2024-09-29,P0070,0,0,3,0,0
2024-09-29,P0071,162,0,0,162,0
2024-09-29,P0072,276,0,0,276,0
2024-09-29,P0073,0,0,1,0,0
2024-09-29,P0074,0,0,13,0,0
2024-09-29,P0075,0,0,3,0,0
2024-09-29,P0076,0,0,2,0,0
2024-09-29,P0077,333,0,0,333,0
2024-09-29,P0078,6,0,5,1,0
2024-09-29,P0079,320,0,45,275,0
2024-09-29,P0080,372,0,0,372,0
2024-09-30,P0001,0,0,10,0,0
2024-09-30,P0002,333,0,0,333,0
2024-09-30,P0003,0,0,1,0,0
2024-09-30,P0004,0,0,9,0,0
2024-09-30,P0005,102,0,3,99,0
2024-09-30,P0006,66,0,2,64,0
2024-09-30,P0007,261,0,0,261,0
2024-09-30,P0008,203,0,0,203,0
2024-09-30,P0009,41,0,6,35,0
2024-09-30,P0010,0,43,10,33,0
2024-09-30,P0011,0,0,0,0,1
2024-09-30,P0012,205,0,0,205,0
2024-09-30,P0013,169,0,0,169,0
2024-09-30,P0014,35,0,4,31,0
2024-09-30,P0015,17,0,7,10,0
2024-09-30,P0016,88,0,6,82,0
2024-09-30,P0017,0,26,0,26,0
2024-09-30,P0018,49,0,2,47,0
2024-09-30,P0019,351,18,0,369,0
2024-09-30,P0020,208,0,0,208,0
2024-09-30,P0021,0,0,8,0,0
2024-09-30,P0022,16,0,0,16,0
2024-09-30,P0023,304,0,0,304,0
2024-09-30,P0024,269,11,0,280,0
2024-09-30,P0025,47,0,2,45,0
2024-09-30,P0026,395,0,0,392,3
2024-09-30,P0027,364,0,0,364,0
2024-09-30,P0028,32,0,2,30,0
2024-09-30,P0029,0,0,3,0,0
2024-09-30,P0030,11,0,0,11,0
2024-09-30,P0031,387,0,6,381,0
2024-09-30,P0032,73,0,8,65,0
2024-09-30,P0033,126,0,1,125,0
2024-09-30,P0034,185,0,0,185,0
2024-09-30,P0035,0,0,1,0,0
2024-09-30,P0036,0,0,0,0,0
2024-09-30,P0037,0,0,5,0,0
2024-09-30,P0038,29,0,6,23,0
2024-09-30,P0039,5,0,0,5,0
2024-09-30,P0040,130,0,0,130,0
2024-09-30,P0041,119,0,0,119,0
2024-09-30,P0042,137,0,1,136,0
2024-09-30,P0043,308,0,0,307,1
2024-09-30,P0044,0,0,13,0,0
2024-09-30,P0045,97,18,0,115,0
2024-09-30,P0046,4,0,9,0,0
2024-09-30,P0047,36,0,0,36,0
2024-09-30,P0048,151,0,6,145,0
2024-09-30,P0049,15,0,0,15,0
2024-09-30,P0050,168,0,3,165,0
2024-09-30,P0051,50,0,0,50,0
2024-09-30,P0052,209,0,2,207,0
2024-09-30,P0053,19,0,3,16,0
2024-09-30,P0054,238,0,0,238,0
2024-09-30,P0055,368,0,1,367,0
2024-09-30,P0056,50,0,1,49,0
2024-09-30,P0057,339,0,0,339,0
2024-09-30,P0058,0,0,8,0,0
2024-09-30,P0059,0,0,4,0,0
2024-09-30,P0060,32,0,1,31,0
2024-09-30,P0061,8,0,2,6,0
2024-09-30,P0062,284,0,0,281,3
2024-09-30,P0063,0,0,6,0,3
2024-09-30,P0064,159,0,0,159,0
2024-09-30,P0065,202,0,14,188,0
2024-09-30,P0066,111,0,11,100,0
2024-09-30,P0067,0,0,0,0,3
2024-09-30,P0068,252,0,0,252,0
2024-09-30,P0069,178,0,7,171,0
2024-09-30,P0070,0,0,12,0,0
2024-09-30,P0071,162,0,0,162,0
2024-09-30,P0072,276,0,0,276,0
2024-09-30,P0073,0,0,1,0,0
2024-09-30,P0074,0,0,18,0,0
2024-09-30,P0075,0,20,0,20,0
2024-09-30,P0076,0,14,0,14,0
2024-09-30,P0077,333,0,0,333,0
2024-09-30,P0078,1,20,0,21,0
2024-09-30,P0079,275,0,44,231,0
2024-09-30,P0080,372,0,0,372,0
2024-10-01,P0001,0,34,10,24,0
2024-10-01,P0002,333,0,3,330,0
2024-10-01,P0003,0,0,0,0,0
2024-10-01,P0004,0,0,0,0,0
2024-10-01,P0005,99,0,1,98,0
2024-10-01,P0006,64,0,0,64,0
2024-10-01,P0007,261,0,7,254,0
2024-10-01,P0008,203,0,2,201,0
2024-10-01,P0009,35,0,13,22,0
2024-10-01,P0010,33,0,17,16,0
2024-10-01,P0011,0,0,3,0,0
2024-10-01,P0012,205,0,0,205,0
2024-10-01,P0013,169,0,3,166,0
2024-10-01,P0014,31,0,6,25,0
2024-10-01,P0015,10,0,4,6,0
2024-10-01,P0016,82,38,11,109,0
2024-10-01,P0017,26,0,5,21,0
2024-10-01,P0018,47,0,0,47,0
2024-10-01,P0019,369,0,0,368,1
2024-10-01,P0020,208,0,2,206,0
2024-10-01,P0021,0,0,9,0,0
2024-10-01,P0022,16,19,1,34,0
2024-10-01,P0023,304,0,0,304,0
2024-10-01,P0024,280,0,1,279,0
2024-10-01,P0025,45,17,2,60,0
2024-10-01,P0026,392,0,0,392,0
2024-10-01,P0027,364,0,0,364,0
2024-10-01,P0028,30,0,5,25,0
2024-10-01,P0029,0,0,9,0,0
2024-10-01,P0030,11,19,7,23,0
2024-10-01,P0031,381,0,0,381,0
2024-10-01,P0032,65,0,3,62,0
2024-10-01,P0033,125,0,4,121,0
2024-10-01,P0034,185,0,0,185,0
2024-10-01,P0035,0,0,0,0,0
2024-10-01,P0036,0,0,1,0,2
2024-10-01,P0037,0,44,9,35,0
2024-10-01,P0038,23,0,6,17,0
2024-10-01,P0039,5,0,0,5,0
2024-10-01,P0040,130,0,0,130,0
2024-10-01,P0041,119,0,0,119,0
2024-10-01,P0042,136,0,0,136,0
2024-10-01,P0043,307,0,0,307,0
2024-10-01,P0044,0,0,22,0,0
2024-10-01,P0045,115,0,2,113,0
2024-10-01,P0046,0,0,3,0,0
2024-10-01,P0047,36,0,0,36,0
2024-10-01,P0048,145,0,3,142,0
2024-10-01,P0049,15,0,2,13,0
2024-10-01,P0050,165,0,0,165,0
2024-10-01,P0051,50,0,0,50,0
2024-10-01,P0052,207,22,4,225,0
2024-10-01,P0053,16,0,1,15,0
2024-10-01,P0054,238,0,0,238,0
2024-10-01,P0055,367,0,0,367,0
2024-10-01,P0056,49,0,7,42,0
2024-10-01,P0057,339,0,0,339,0
2024-10-01,P0058,0,0,7,0,0
2024-10-01,P0059,0,0,21,0,0
2024-10-01,P0060,31,0,8,23,0
2024-10-01,P0061,6,0,0,6,0
2024-10-01,P0062,281,0,0,281,0
2024-10-01,P0063,0,0,11,0,0
2024-10-01,P0064,159,0,0,159,0
2024-10-01,P0065,188,0,12,176,0
2024-10-01,P0066,100,0,11,89,0
2024-10-01,P0067,0,0,4,0,0
2024-10-01,P0068,252,0,1,251,0
2024-10-01,P0069,171,0,1,170,0
2024-10-01,P0070,0,0,11,0,0
2024-10-01,P0071,162,0,0,162,0
2024-10-01,P0072,276,0,0,276,0
2024-10-01,P0073,0,0,2,0,0
2024-10-01,P0074,0,0,18,0,0
2024-10-01,P0075,20,0,7,13,0
2024-10-01,P0076,14,0,6,8,0
2024-10-01,P0077,333,0,1,332,0
2024-10-01,P0078,21,0,3,18,0
2024-10-01,P0079,231,0,45,186,0
2024-10-01,P0080,372,0,1,371,0
2024-10-02,P0001,24,0,19,5,0
2024-10-02,P0002,330,0,0,330,0
2024-10-02,P0003,0,0,0,0,0
2024-10-02,P0004,0,0,6,0,0
2024-10-02,P0005,98,0,3,95,0
2024-10-02,P0006,64,0,1,63,0
2024-10-02,P0007,254,0,0,254,0
2024-10-02,P0008,201,0,0,201,0
2024-10-02,P0009,22,0,6,16,0
2024-10-02,P0010,16,0,8,8,0
2024-10-02,P0011,0,0,8,0,0
2024-10-02,P0012,205,0,4,201,0
2024-10-02,P0013,166,0,3,163,0
2024-10-02,P0014,25,0,1,24,0
2024-10-02,P0015,6,0,6,0,0
2024-10-02,P0016,109,0,6,103,0
2024-10-02,P0017,21,19,0,40,0
2024-10-02,P0018,47,0,3,44,0
2024-10-02,P0019,368,0,0,368,0
2024-10-02,P0020,206,0,1,205,0
2024-10-02,P0021,0,0,1,0,0
2024-10-02,P0022,34,13,5,42,0
2024-10-02,P0023,304,0,1,303,0
2024-10-02,P0024,279,0,1,278,0
2024-10-02,P0025,60,0,2,58,0
2024-10-02,P0026,392,0,0,392,0
2024-10-02,P0027,364,0,0,364,0
2024-10-02,P0028,25,0,4,21,0
2024-10-02,P0029,0,0,1,0,3
2024-10-02,P0030,23,0,4,19,0
2024-10-02,P0031,381,0,0,381,0
2024-10-02,P0032,62,0,4,58,0
2024-10-02,P0033,121,0,7,114,0
2024-10-02,P0034,185,0,0,185,0
2024-10-02,P0035,0,0,1,0,0
2024-10-02,P0036,0,0,1,0,0
2024-10-02,P0037,35,0,3,32,0
2024-10-02,P0038,17,0,0,17,0
2024-10-02,P0039,5,0,6,0,0
2024-10-02,P0040,130,0,0,130,0
2024-10-02,P0041,119,0,1,118,0
2024-10-02,P0042,136,0,3,133,0
2024-10-02,P0043,307,0,3,304,0
2024-10-02,P0044,0,0,26,0,0
2024-10-02,P0045,113,0,6,107,0
2024-10-02,P0046,0,0,13,0,0
2024-10-02,P0047,36,0,0,36,0
2024-10-02,P0048,142,20,3,159,0
2024-10-02,P0049,13,0,3,10,0
2024-10-02,P0050,165,0,1,164,0
2024-10-02,P0051,50,0,4,46,0
2024-10-02,P0052,225,0,0,225,0
2024-10-02,P0053,15,0,0,15,0
2024-10-02,P0054,238,0,1,237,0
2024-10-02,P0055,367,0,0,367,0
2024-10-02,P0056,42,0,0,42,0
2024-10-02,P0057,339,0,1,338,0
2024-10-02,P0058,0,0,26,0,0
2024-10-02,P0059,0,0,26,0,0
2024-10-02,P0060,23,53,5,71,0
2024-10-02,P0061,6,22,5,23,0
2024-10-02,P0062,281,0,0,281,0
2024-10-02,P0063,0,0,6,0,0
2024-10-02,P0064,159,0,3,156,0
2024-10-02,P0065,176,0,8,168,0
2024-10-02,P0066,89,0,11,78,0
2024-10-02,P0067,0,0,8,0,0
2024-10-02,P0068,251,0,0,251,0
2024-10-02,P0069,170,0,3,167,0
2024-10-02,P0070,0,0,7,0,0
2024-10-02,P0071,162,0,0,162,0
2024-10-02,P0072,276,0,0,276,0
2024-10-02,P0073,0,0,11,0,0
2024-10-02,P0074,0,0,20,0,0
2024-10-02,P0075,13,15,1,27,0
2024-10-02,P0076,8,0,3,5,0
2024-10-02,P0077,332,0,0,332,0
2024-10-02,P0078,18,21,5,34,0
2024-10-02,P0079,186,0,37,149,0
2024-10-02,P0080,371,0,0,371,0
2024-10-03,P0001,5,0,5,0,0
2024-10-03,P0002,330,0,0,330,0
2024-10-03,P0003,0,0,0,0,0
2024-10-03,P0004,0,0,6,0,3
2024-10-03,P0005,95,13,2,106,0
2024-10-03,P0006,63,0,0,63,0
2024-10-03,P0007,254,0,0,254,0
2024-10-03,P0008,201,0,0,201,0
2024-10-03,P0009,16,0,16,0,0
2024-10-03,P0010,8,0,5,0,3
2024-10-03,P0011,0,0,7,0,0
2024-10-03,P0012,201,0,4,197,0
2024-10-03,P0013,163,0,0,163,0
2024-10-03,P0014,24,0,0,24,0
2024-10-03,P0015,0,0,11,0,0
2024-10-03,P0016,103,0,8,95,0
2024-10-03,P0017,40,0,14,26,0
2024-10-03,P0018,44,0,2,42,0
2024-10-03,P0019,368,0,0,368,0
2024-10-03,P0020,205,0,0,205,0
2024-10-03,P0021,0,0,18,0,0
2024-10-03,P0022,42,0,5,37,0
2024-10-03,P0023,303,0,0,303,0
2024-10-03,P0024,278,0,2,276,0
2024-10-03,P0025,58,0,1,57,0
2024-10-03,P0026,392,0,0,392,0
2024-10-03,P0027,364,0,0,364,0
2024-10-03,P0028,21,0,3,18,0
2024-10-03,P0029,0,0,3,0,0
2024-10-03,P0030,19,0,1,18,0
2024-10-03,P0031,381,0,3,378,0
2024-10-03,P0032,58,0,11,47,0
2024-10-03,P0033,114,0,0,114,0
2024-10-03,P0034,185,0,0,185,0
2024-10-03,P0035,0,0,3,0,2
2024-10-03,P0036,0,0,4,0,0
2024-10-03,P0037,32,0,13,19,0
2024-10-03,P0038,17,0,8,9,0
2024-10-03,P0039,0,0,7,0,0
2024-10-03,P0040,130,0,0,130,0
2024-10-03,P0041,118,0,2,116,0
2024-10-03,P0042,133,0,0,133,0
2024-10-03,P0043,304,0,0,304,0
2024-10-03,P0044,0,0,28,0,0
2024-10-03,P0045,107,0,4,103,0
2024-10-03,P0046,0,0,15,0,0
2024-10-03,P0047,36,0,0,36,0
2024-10-03,P0048,159,0,5,154,0
2024-10-03,P0049,10,0,1,9,0
2024-10-03,P0050,164,0,9,155,0
2024-10-03,P0051,46,0,0,46,0
2024-10-03,P0052,225,12,0,237,0
2024-10-03,P0053,15,0,5,10,0
2024-10-03,P0054,237,0,0,237,0
2024-10-03,P0055,367,0,0,367,0
2024-10-03,P0056,42,0,0,42,0
2024-10-03,P0057,338,0,0,338,0
2024-10-03,P0058,0,0,8,0,0
2024-10-03,P0059,0,0,22,0,0
2024-10-03,P0060,71,0,4,67,0
2024-10-03,P0061,23,0,3,20,0
2024-10-03,P0062,281,0,0,281,0
2024-10-03,P0063,0,0,2,0,0
2024-10-03,P0064,156,0,3,153,0
2024-10-03,P0065,168,0,22,146,0
2024-10-03,P0066,78,0,17,58,3
2024-10-03,P0067,0,0,5,0,0
2024-10-03,P0068,251,0,0,251,0
2024-10-03,P0069,167,0,0,164,3
2024-10-03,P0070,0,0,5,0,0
2024-10-03,P0071,162,0,1,161,0
2024-10-03,P0072,276,0,0,276,0
2024-10-03,P0073,0,0,0,0,0
2024-10-03,P0074,0,0,8,0,0
2024-10-03,P0075,27,0,1,26,0
2024-10-03,P0076,5,0,0,5,0
2024-10-03,P0077,332,0,0,332,0
2024-10-03,P0078,34,0,5,29,0
2024-10-03,P0079,149,0,26,123,0
2024-10-03,P0080,371,0,0,371,0
2024-10-04,P0001,0,0,9,0,0
2024-10-04,P0002,330,0,0,330,0
2024-10-04,P0003,0,0,2,0,0
2024-10-04,P0004,0,0,4,0,0
2024-10-04,P0005,106,0,1,105,0
2024-10-04,P0006,63,0,1,62,0
2024-10-04,P0007,254,0,0,254,0
2024-10-04,P0008,201,0,0,201,0
2024-10-04,P0009,0,42,8,34,0
2024-10-04,P0010,0,0,4,0,0
2024-10-04,P0011,0,0,1,0,0
2024-10-04,P0012,197,20,0,217,0
2024-10-04,P0013,163,0,0,163,0
2024-10-04,P0014,24,0,1,23,0
2024-10-04,P0015,0,0,13,0,0
2024-10-04,P0016,95,0,3,92,0
2024-10-04,P0017,26,0,8,18,0
2024-10-04,P0018,42,19,1,60,0
2024-10-04,P0019,368,0,1,367,0
2024-10-04,P0020,205,0,0,205,0
2024-10-04,P0021,0,0,13,0,0
2024-10-04,P0022,37,0,1,36,0
2024-10-04,P0023,303,0,0,303,0
2024-10-04,P0024,276,0,0,276,0
2024-10-04,P0025,57,0,3,54,0
2024-10-04,P0026,392,0,0,392,0
2024-10-04,P0027,364,0,2,362,0
2024-10-04,P0028,18,0,0,18,0
2024-10-04,P0029,0,0,8,0,0
2024-10-04,P0030,18,0,3,15,0
2024-10-04,P0031,378,10,0,388,0
2024-10-04,P0032,47,0,7,40,0
2024-10-04,P0033,114,0,0,114,0
2024-10-04,P0034,185,0,0,185,0
2024-10-04,P0035,0,0,4,0,0
2024-10-04,P0036,0,13,0,13,0
2024-10-04,P0037,19,27,4,42,0
2024-10-04,P0038,9,0,10,0,0
2024-10-04,P0039,0,0,4,0,0
2024-10-04,P0040,130,0,0,130,0
2024-10-04,P0041,116,0,0,116,0
2024-10-04,P0042,133,0,0,133,0
2024-10-04,P0043,304,0,0,304,0
2024-10-04,P0044,0,94,16,78,0
2024-10-04,P0045,103,0,0,103,0
2024-10-04,P0046,0,0,22,0,0
2024-10-04,P0047,36,0,5,31,0
2024-10-04,P0048,154,0,16,138,0
2024-10-04,P0049,9,0,0,9,0
2024-10-04,P0050,155,0,5,150,0
2024-10-04,P0051,46,0,1,45,0
2024-10-04,P0052,237,0,0,237,0
2024-10-04,P0053,10,19,10,19,0
2024-10-04,P0054,237,0,0,237,0
2024-10-04,P0055,367,0,0,367,0
2024-10-04,P0056,42,0,7,35,0
2024-10-04,P0057,338,14,0,352,0
2024-10-04,P0058,0,54,29,25,0
2024-10-04,P0059,0,0,11,0,3
2024-10-04,P0060,67,0,9,58,0
2024-10-04,P0061,20,0,5,15,0
2024-10-04,P0062,281,0,0,281,0
2024-10-04,P0063,0,0,6,0,0
2024-10-04,P0064,153,0,4,149,0
2024-10-04,P0065,146,0,27,119,0
2024-10-04,P0066,58,0,17,41,0
2024-10-04,P0067,0,0,4,0,0
2024-10-04,P0068,251,0,0,251,0
2024-10-04,P0069,164,0,2,162,0
2024-10-04,P0070,0,0,11,0,0
2024-10-04,P0071,161,0,1,160,0
2024-10-04,P0072,276,0,0,276,0
2024-10-04,P0073,0,0,0,0,0
2024-10-04,P0074,0,0,10,0,0
2024-10-04,P0075,26,0,4,22,0
2024-10-04,P0076,5,0,0,5,0
2024-10-04,P0077,332,0,0,332,0
2024-10-04,P0078,29,0,1,28,0
2024-10-04,P0079,123,0,54,69,0
2024-10-04,P0080,371,0,0,371,0
2024-10-05,P0001,0,0,10,0,0
2024-10-05,P0002,330,0,1,329,0
2024-10-05,P0003,0,0,6,0,0
2024-10-05,P0004,0,0,7,0,0
2024-10-05,P0005,105,0,5,100,0
2024-10-05,P0006,62,0,3,59,0
2024-10-05,P0007,254,0,2,252,0
2024-10-05,P0008,201,19,0,220,0
2024-10-05,P0009,34,0,8,26,0
2024-10-05,P0010,0,0,21,0,0
2024-10-05,P0011,0,0,8,0,3
2024-10-05,P0012,217,0,0,217,0
2024-10-05,P0013,163,0,4,159,0
2024-10-05,P0014,23,0,7,16,0
2024-10-05,P0015,0,0,10,0,0
2024-10-05,P0016,92,0,11,81,0
2024-10-05,P0017,18,0,1,17,0
2024-10-05,P0018,60,0,3,57,0
2024-10-05,P0019,367,0,0,367,0
2024-10-05,P0020,205,20,2,223,0
2024-10-05,P0021,0,0,12,0,0
2024-10-05,P0022,36,0,0,36,0
2024-10-05,P0023,303,0,0,303,0
2024-10-05,P0024,276,0,1,275,0
2024-10-05,P0025,54,23,5,72,0
2024-10-05,P0026,392,0,2,390,0
2024-10-05,P0027,362,0,0,362,0
2024-10-05,P0028,18,0,4,14,0
2024-10-05,P0029,0,0,9,0,0
2024-10-05,P0030,15,0,5,10,0
2024-10-05,P0031,388,0,0,388,0
2024-10-05,P0032,40,0,4,36,0
2024-10-05,P0033,114,15,1,128,0
2024-10-05,P0034,185,0,0,185,0
2024-10-05,P0035,0,0,5,0,0
2024-10-05,P0036,13,24,2,35,0
2024-10-05,P0037,42,0,4,38,0
2024-10-05,P0038,0,0,4,0,0
2024-10-05,P0039,0,0,4,0,0
2024-10-05,P0040,130,0,0,130,0
2024-10-05,P0041,116,0,1,115,0
2024-10-05,P0042,133,0,7,126,0
2024-10-05,P0043,304,0,0,304,0
2024-10-05,P0044,78,0,42,36,0
2024-10-05,P0045,103,16,0,119,0
2024-10-05,P0046,0,0,15,0,0
2024-10-05,P0047,31,0,7,24,0
2024-10-05,P0048,138,0,0,138,0
2024-10-05,P0049,9,0,1,8,0
2024-10-05,P0050,150,0,3,147,0
2024-10-05,P0051,45,0,9,36,0
2024-10-05,P0052,237,0,1,236,0
2024-10-05,P0053,19,0,10,9,0
2024-10-05,P0054,237,0,0,237,0
2024-10-05,P0055,367,0,0,367,0
2024-10-05,P0056,35,0,4,31,0
2024-10-05,P0057,352,11,3,360,0
2024-10-05,P0058,25,0,28,0,0
2024-10-05,P0059,0,0,24,0,0
2024-10-05,P0060,58,0,18,40,0
2024-10-05,P0061,15,0,9,6,0
2024-10-05,P0062,281,0,0,281,0
2024-10-05,P0063,0,0,27,0,0
2024-10-05,P0064,149,0,3,146,0
2024-10-05,P0065,119,0,19,100,0
2024-10-05,P0066,41,73,34,80,0
2024-10-05,P0067,0,0,5,0,0
2024-10-05,P0068,251,0,0,251,0
2024-10-05,P0069,162,0,1,161,0
2024-10-05,P0070,0,0,15,0,0
2024-10-05,P0071,160,0,7,153,0
2024-10-05,P0072,276,0,0,276,0
2024-10-05,P0073,0,0,0,0,0
2024-10-05,P0074,0,0,10,0,0
2024-10-05,P0075,22,0,0,22,0
2024-10-05,P0076,5,0,17,0,0
2024-10-05,P0077,332,0,0,332,0
2024-10-05,P0078,28,0,0,28,0
2024-10-05,P0079,69,0,52,17,0
2024-10-05,P0080,371,0,2,369,0
2024-10-06,P0001,0,48,15,33,0
2024-10-06,P0002,329,0,3,326,0
2024-10-06,P0003,0,0,10,0,0
2024-10-06,P0004,0,0,4,0,0
2024-10-06,P0005,100,0,7,93,0
2024-10-06,P0006,59,0,1,58,0
2024-10-06,P0007,252,0,1,251,0
2024-10-06,P0008,220,0,0,220,0
2024-10-06,P0009,26,0,6,20,0
2024-10-06,P0010,0,0,25,0,1
2024-10-06,P0011,0,0,2,0,0
2024-10-06,P0012,217,0,0,217,0
2024-10-06,P0013,159,0,0,159,0
2024-10-06,P0014,16,0,4,12,0
2024-10-06,P0015,0,0,10,0,0
2024-10-06,P0016,81,0,18,63,0
2024-10-06,P0017,17,0,11,6,0
2024-10-06,P0018,57,0,4,53,0
2024-10-06,P0019,367,0,0,367,0
2024-10-06,P0020,223,0,1,222,0
2024-10-06,P0021,0,0,13,0,0
2024-10-06,P0022,36,0,7,29,0
2024-10-06,P0023,303,0,0,303,0
2024-10-06,P0024,275,0,0,275,0
2024-10-06,P0025,72,0,11,61,0
2024-10-06,P0026,390,0,0,390,0
2024-10-06,P0027,362,0,0,362,0
2024-10-06,P0028,14,0,1,13,0
2024-10-06,P0029,0,0,6,0,0
2024-10-06,P0030,10,12,5,17,0
2024-10-06,P0031,388,0,1,387,0
2024-10-06,P0032,36,28,3,61,0
2024-10-06,P0033,128,0,2,126,0
2024-10-06,P0034,185,0,1,184,0
2024-10-06,P0035,0,0,10,0,0
2024-10-06,P0036,35,0,11,24,0
2024-10-06,P0037,38,0,5,33,0
2024-10-06,P0038,0,0,1,0,0
2024-10-06,P0039,0,19,0,19,0
2024-10-06,P0040,130,0,0,130,0
2024-10-06,P0041,115,0,0,115,0
2024-10-06,P0042,126,0,3,123,0
2024-10-06,P0043,304,0,1,303,0
2024-10-06,P0044,36,0,32,4,0
2024-10-06,P0045,119,0,6,113,0
2024-10-06,P0046,0,0,8,0,0
2024-10-06,P0047,24,18,6,36,0
2024-10-06,P0048,138,0,0,138,0
2024-10-06,P0049,8,0,0,8,0
2024-10-06,P0050,147,0,6,141,0
2024-10-06,P0051,36,18,7,47,0
2024-10-06,P0052,236,0,2,234,0
2024-10-06,P0053,9,0,5,4,0
2024-10-06,P0054,237,20,1,256,0
2024-10-06,P0055,367,0,0,367,0
2024-10-06,P0056,31,0,4,27,0
2024-10-06,P0057,360,0,5,355,0
2024-10-06,P0058,0,0,16,0,0
2024-10-06,P0059,0,0,16,0,0
2024-10-06,P0060,40,0,11,29,0
2024-10-06,P0061,6,0,5,1,0
2024-10-06,P0062,281,0,0,281,0
2024-10-06,P0063,0,0,27,0,0
2024-10-06,P0064,146,0,0,146,0
2024-10-06,P0065,100,0,17,83,0
2024-10-06,P0066,80,118,42,156,0
2024-10-06,P0067,0,0,28,0,0
2024-10-06,P0068,251,0,0,251,0
2024-10-06,P0069,161,0,3,158,0
2024-10-06,P0070,0,0,6,0,0
2024-10-06,P0071,153,0,3,150,0
2024-10-06,P0072,276,0,10,266,0
2024-10-06,P0073,0,0,1,0,0
2024-10-06,P0074,0,0,10,0,0
2024-10-06,P0075,22,0,5,17,0
2024-10-06,P0076,0,0,2,0,0
2024-10-06,P0077,332,0,0,332,0
2024-10-06,P0078,28,0,6,22,0
2024-10-06,P0079,17,0,49,0,0
2024-10-06,P0080,369,0,2,367,0
2024-10-07,P0001,33,0,7,25,1
2024-10-07,P0002,326,0,4,322,0
2024-10-07,P0003,0,0,3,0,0
2024-10-07,P0004,0,0,14,0,0
2024-10-07,P0005,93,0,12,81,0
2024-10-07,P0006,58,14,5,67,0
2024-10-07,P0007,251,0,0,251,0
2024-10-07,P0008,220,0,0,220,0
2024-10-07,P0009,20,0,11,9,0
2024-10-07,P0010,0,0,6,0,0
2024-10-07,P0011,0,0,5,0,0
2024-10-07,P0012,217,0,0,217,0
2024-10-07,P0013,159,0,1,158,0
2024-10-07,P0014,12,0,3,9,0
2024-10-07,P0015,0,0,3,0,0
2024-10-07,P0016,63,0,8,55,0
2024-10-07,P0017,6,0,1,5,0
2024-10-07,P0018,53,0,1,52,0
2024-10-07,P0019,367,0,0,367,0
2024-10-07,P0020,222,0,0,222,0
2024-10-07,P0021,0,0,17,0,0
2024-10-07,P0022,29,0,1,28,0
2024-10-07,P0023,303,0,0,303,0
2024-10-07,P0024,275,0,0,275,0
2024-10-07,P0025,61,0,2,59,0
2024-10-07,P0026,390,0,0,390,0
2024-10-07,P0027,362,0,0,362,0
2024-10-07,P0028,13,0,5,8,0
2024-10-07,P0029,0,16,7,9,0
2024-10-07,P0030,17,0,2,15,0
2024-10-07,P0031,387,0,1,386,0
2024-10-07,P0032,61,0,5,56,0
2024-10-07,P0033,126,0,0,126,0
2024-10-07,P0034,184,0,0,184,0
2024-10-07,P0035,0,0,12,0,0
2024-10-07,P0036,24,0,0,24,0
2024-10-07,P0037,33,0,9,24,0
2024-10-07,P0038,0,0,9,0,0
2024-10-07,P0039,19,18,4,32,1
2024-10-07,P0040,130,0,0,130,0
2024-10-07,P0041,115,0,0,115,0
2024-10-07,P0042,123,13,0,136,0
2024-10-07,P0043,303,0,0,303,0
2024-10-07,P0044,4,122,34,92,0
2024-10-07,P0045,113,0,0,111,2
2024-10-07,P0046,0,0,13,0,0
2024-10-07,P0047,36,0,4,32,0
2024-10-07,P0048,138,0,5,133,0
2024-10-07,P0049,8,0,0,8,0
2024-10-07,P0050,141,0,1,140,0
2024-10-07,P0051,47,0,1,46,0
2024-10-07,P0052,234,0,0,234,0
2024-10-07,P0053,4,0,1,3,0
2024-10-07,P0054,256,0,0,256,0
2024-10-07,P0055,367,11,1,377,0
2024-10-07,P0056,27,0,5,22,0
2024-10-07,P0057,355,0,1,354,0
2024-10-07,P0058,0,0,18,0,0
2024-10-07,P0059,0,57,21,36,0
2024-10-07,P0060,29,0,19,10,0
2024-10-07,P0061,1,0,0,1,0
2024-10-07,P0062,281,0,0,281,0
2024-10-07,P0063,0,0,8,0,0
2024-10-07,P0064,146,0,1,145,0
2024-10-07,P0065,83,0,22,61,0
2024-10-07,P0066,156,73,20,209,0
2024-10-07,P0067,0,38,3,35,0
2024-10-07,P0068,251,0,5,246,0
2024-10-07,P0069,158,0,2,156,0
2024-10-07,P0070,0,0,6,0,0
2024-10-07,P0071,150,0,0,150,0
2024-10-07,P0072,266,0,0,266,0
2024-10-07,P0073,0,0,12,0,0
2024-10-07,P0074,0,0,17,0,0
2024-10-07,P0075,17,0,0,17,0
2024-10-07,P0076,0,0,4,0,0
2024-10-07,P0077,332,0,0,332,0
2024-10-07,P0078,22,0,3,19,0
2024-10-07,P0079,0,0,52,0,0
2024-10-07,P0080,367,0,0,367,0
2024-10-08,P0001,25,0,1,24,0
2024-10-08,P0002,322,0,1,321,0
2024-10-08,P0003,0,0,3,0,0
2024-10-08,P0004,0,0,5,0,0
2024-10-08,P0005,81,0,2,79,0
2024-10-08,P0006,67,0,2,65,0
2024-10-08,P0007,251,0,0,251,0
2024-10-08,P0008,220,0,0,220,0
2024-10-08,P0009,9,0,16,0,0
2024-10-08,P0010,0,0,6,0,0
2024-10-08,P0011,0,0,11,0,0
2024-10-08,P0012,217,0,1,214,2
2024-10-08,P0013,158,0,0,158,0
2024-10-08,P0014,9,0,3,6,0
2024-10-08,P0015,0,46,13,32,1
2024-10-08,P0016,55,0,11,44,0
2024-10-08,P0017,5,29,5,29,0
2024-10-08,P0018,52,0,7,45,0
2024-10-08,P0019,367,0,0,367,0
2024-10-08,P0020,222,13,1,234,0
2024-10-08,P0021,0,0,3,0,0
2024-10-08,P0022,28,0,8,20,0
2024-10-08,P0023,303,0,0,303,0
2024-10-08,P0024,275,17,4,288,0
2024-10-08,P0025,59,0,6,53,0
2024-10-08,P0026,390,0,0,390,0
2024-10-08,P0027,362,0,0,362,0
2024-10-08,P0028,8,0,0,8,0
2024-10-08,P0029,9,0,2,7,0
2024-10-08,P0030,15,0,4,11,0
2024-10-08,P0031,386,0,0,386,0
2024-10-08,P0032,56,0,10,46,0
2024-10-08,P0033,126,0,0,126,0
2024-10-08,P0034,184,17,0,201,0
2024-10-08,P0035,0,18,5,13,0
2024-10-08,P0036,24,0,0,24,0
2024-10-08,P0037,24,0,8,16,0
2024-10-08,P0038,0,0,3,0,0
2024-10-08,P0039,32,0,0,32,0
2024-10-08,P0040,130,0,2,128,0
2024-10-08,P0041,115,0,2,113,0
2024-10-08,P0042,136,0,1,135,0
2024-10-08,P0043,303,0,0,303,0
2024-10-08,P0044,92,106,23,175,0
2024-10-08,P0045,111,0,0,111,0
2024-10-08,P0046,0,0,22,0,0
2024-10-08,P0047,32,0,0,32,0
2024-10-08,P0048,133,30,9,154,0
2024-10-08,P0049,8,0,4,4,0
2024-10-08,P0050,140,0,0,140,0
2024-10-08,P0051,46,0,1,45,0
2024-10-08,P0052,234,18,0,252,0
2024-10-08,P0053,3,0,3,0,0
2024-10-08,P0054,256,13,0,269,0
2024-10-08,P0055,377,0,3,374,0
2024-10-08,P0056,22,0,2,20,0
2024-10-08,P0057,354,0,0,354,0
2024-10-08,P0058,0,0,15,0,0
2024-10-08,P0059,36,0,14,22,0
2024-10-08,P0060,10,0,19,0,0
2024-10-08,P0061,1,0,0,1,0
2024-10-08,P0062,281,0,0,281,0
2024-10-08,P0063,0,0,16,0,0
2024-10-08,P0064,145,0,0,145,0
2024-10-08,P0065,61,0,23,38,0
2024-10-08,P0066,209,87,34,262,0
2024-10-08,P0067,35,0,4,31,0
2024-10-08,P0068,246,0,1,245,0
2024-10-08,P0069,156,0,0,156,0
2024-10-08,P0070,0,0,0,0,0
2024-10-08,P0071,150,0,1,149,0
2024-10-08,P0072,266,0,0,266,0
2024-10-08,P0073,0,0,6,0,0
2024-10-08,P0074,0,0,8,0,0
2024-10-08,P0075,17,23,4,36,0
2024-10-08,P0076,0,0,5,0,0
2024-10-08,P0077,332,0,0,332,0
2024-10-08,P0078,19,0,5,14,0
2024-10-08,P0079,0,0,37,0,0
2024-10-08,P0080,367,0,0,367,0
2024-10-09,P0001,24,0,7,17,0
2024-10-09,P0002,321,0,1,320,0
2024-10-09,P0003,0,0,2,0,0
2024-10-09,P0004,0,0,2,0,0
2024-10-09,P0005,79,24,1,102,0
2024-10-09,P0006,65,0,3,62,0
2024-10-09,P0007,251,12,0,263,0
2024-10-09,P0008,220,0,0,220,0
2024-10-09,P0009,0,0,13,0,0
2024-10-09,P0010,0,0,10,0,0
2024-10-09,P0011,0,0,3,0,0
2024-10-09,P0012,214,0,0,214,0
2024-10-09,P0013,158,0,4,154,0
2024-10-09,P0014,6,0,1,5,0
2024-10-09,P0015,32,0,15,17,0
2024-10-09,P0016,44,0,6,38,0
2024-10-09,P0017,29,0,1,28,0
2024-10-09,P0018,45,0,3,42,0
2024-10-09,P0019,367,10,0,377,0
2024-10-09,P0020,234,10,2,242,0
2024-10-09,P0021,0,0,8,0,0
2024-10-09,P0022,20,0,4,16,0
2024-10-09,P0023,303,0,0,303,0
2024-10-09,P0024,288,0,0,288,0
2024-10-09,P0025,53,0,0,53,0
2024-10-09,P0026,390,0,0,390,0
2024-10-09,P0027,362,21,0,383,0
2024-10-09,P0028,8,0,2,6,0
2024-10-09,P0029,7,0,6,1,0
2024-10-09,P0030,11,0,1,10,0
2024-10-09,P0031,386,0,0,386,0
2024-10-09,P0032,46,0,3,43,0
2024-10-09,P0033,126,0,0,126,0
2024-10-09,P0034,201,0,0,201,0
2024-10-09,P0035,13,0,0,13,0
2024-10-09,P0036,24,0,1,23,0
2024-10-09,P0037,16,0,11,5,0
2024-10-09,P0038,0,0,0,0,0
2024-10-09,P0039,32,0,2,30,0
2024-10-09,P0040,128,0,0,128,0
2024-10-09,P0041,113,0,4,109,0
2024-10-09,P0042,135,0,0,135,0
2024-10-09,P0043,303,0,6,297,0
2024-10-09,P0044,175,0,20,155,0
2024-10-09,P0045,111,0,0,111,0
2024-10-09,P0046,0,0,2,0,1
2024-10-09,P0047,32,0,3,29,0
2024-10-09,P0048,154,0,11,143,0
2024-10-09,P0049,4,0,1,3,0
2024-10-09,P0050,140,0,8,132,0
2024-10-09,P0051,45,0,0,45,0
2024-10-09,P0052,252,0,0,252,0
2024-10-09,P0053,0,0,4,0,0
2024-10-09,P0054,269,0,0,269,0
2024-10-09,P0055,374,0,0,374,0
2024-10-09,P0056,20,0,4,16,0
2024-10-09,P0057,354,0,0,354,0
2024-10-09,P0058,0,0,7,0,0
2024-10-09,P0059,22,0,9,13,0
2024-10-09,P0060,0,0,17,0,0
2024-10-09,P0061,1,0,0,1,0
2024-10-09,P0062,281,0,0,281,0
2024-10-09,P0063,0,0,2,0,0
2024-10-09,P0064,145,0,4,141,0
2024-10-09,P0065,38,0,32,6,0
2024-10-09,P0066,262,0,25,237,0
2024-10-09,P0067,31,0,2,29,0
2024-10-09,P0068,245,11,3,253,0
2024-10-09,P0069,156,0,2,151,3
2024-10-09,P0070,0,0,8,0,0
2024-10-09,P0071,149,0,7,142,0
2024-10-09,P0072,266,0,0,266,0
2024-10-09,P0073,0,0,0,0,0
2024-10-09,P0074,0,0,23,0,0
2024-10-09,P0075,36,0,5,31,0
2024-10-09,P0076,0,0,4,0,0
2024-10-09,P0077,332,0,0,332,0
2024-10-09,P0078,14,0,1,13,0
2024-10-09,P0079,0,266,46,220,0
2024-10-09,P0080,367,0,0,367,0
2024-10-10,P0001,17,0,3,14,0
2024-10-10,P0002,320,0,0,320,0
2024-10-10,P0003,0,0,2,0,0
2024-10-10,P0004,0,0,6,0,0
2024-10-10,P0005,102,0,3,99,0
2024-10-10,P0006,62,0,3,59,0
2024-10-10,P0007,263,21,0,284,0
2024-10-10,P0008,220,0,0,220,0
2024-10-10,P0009,0,0,5,0,0
2024-10-10,P0010,0,45,21,24,0
2024-10-10,P0011,0,0,0,0,0
2024-10-10,P0012,214,0,0,214,0
2024-10-10,P0013,154,0,0,152,2
2024-10-10,P0014,5,0,7,0,0
2024-10-10,P0015,17,0,12,5,0
2024-10-10,P0016,38,0,1,37,0
2024-10-10,P0017,28,0,6,22,0
2024-10-10,P0018,42,0,1,41,0
2024-10-10,P0019,377,0,0,377,0
2024-10-10,P0020,242,0,0,242,0
2024-10-10,P0021,0,0,1,0,0
2024-10-10,P0022,16,0,0,16,0
2024-10-10,P0023,303,0,0,303,0
2024-10-10,P0024,288,0,0,288,0
2024-10-10,P0025,53,0,6,47,0
2024-10-10,P0026,390,0,0,390,0
2024-10-10,P0027,383,0,0,383,0
2024-10-10,P0028,6,0,2,4,0
2024-10-10,P0029,1,0,2,0,0
2024-10-10,P0030,10,0,8,2,0
2024-10-10,P0031,386,0,4,379,3
2024-10-10,P0032,43,0,14,29,0
2024-10-10,P0033,126,0,4,122,0
2024-10-10,P0034,201,0,5,196,0
2024-10-10,P0035,13,0,1,12,0
2024-10-10,P0036,23,0,0,23,0
2024-10-10,P0037,5,0,14,0,0
2024-10-10,P0038,0,0,2,0,0
2024-10-10,P0039,30,0,4,26,0
2024-10-10,P0040,128,0,0,128,0
2024-10-10,P0041,109,0,0,109,0
2024-10-10,P0042,135,0,0,135,0
2024-10-10,P0043,297,0,0,297,0
2024-10-10,P0044,155,0,11,144,0
2024-10-10,P0045,111,0,1,110,0
2024-10-10,P0046,0,0,8,0,0
2024-10-10,P0047,29,0,2,27,0
2024-10-10,P0048,143,0,1,142,0
2024-10-10,P0049,3,16,2,17,0
2024-10-10,P0050,132,0,2,130,0
2024-10-10,P0051,45,0,4,41,0
2024-10-10,P0052,252,0,0,252,0
2024-10-10,P0053,0,0,3,0,0
2024-10-10,P0054,269,0,1,268,0
2024-10-10,P0055,374,0,0,374,0
2024-10-10,P0056,16,0,8,8,0
2024-10-10,P0057,354,0,0,354,0
2024-10-10,P0058,0,0,12,0,0
2024-10-10,P0059,13,0,23,0,0
2024-10-10,P0060,0,0,32,0,0
2024-10-10,P0061,1,0,0,1,0
2024-10-10,P0062,281,0,0,281,0
2024-10-10,P0063,0,0,9,0,0
2024-10-10,P0064,141,0,2,139,0
2024-10-10,P0065,6,0,24,0,0
2024-10-10,P0066,237,0,24,213,0
2024-10-10,P0067,29,0,2,27,0
2024-10-10,P0068,253,0,3,250,0
2024-10-10,P0069,151,0,0,151,0
2024-10-10,P0070,0,0,6,0,0
2024-10-10,P0071,142,0,0,142,0
2024-10-10,P0072,266,0,0,266,0
2024-10-10,P0073,0,0,0,0,0
2024-10-10,P0074,0,0,8,0,0
2024-10-10,P0075,31,0,3,28,0
2024-10-10,P0076,0,0,5,0,1
2024-10-10,P0077,332,0,0,332,0
2024-10-10,P0078,13,0,6,7,0
2024-10-10,P0079,220,0,38,182,0
2024-10-10,P0080,367,0,0,367,0
2024-10-11,P0001,14,0,7,7,0
2024-10-11,P0002,320,0,0,320,0
2024-10-11,P0003,0,0,0,0,0
2024-10-11,P0004,0,0,4,0,0
2024-10-11,P0005,99,0,4,95,0
2024-10-11,P0006,59,0,0,59,0
2024-10-11,P0007,284,0,3,281,0
2024-10-11,P0008,220,0,0,220,0
2024-10-11,P0009,0,0,8,0,0
2024-10-11,P0010,24,0,12,12,0
2024-10-11,P0011,0,0,1,0,0
2024-10-11,P0012,214,0,1,213,0
2024-10-11,P0013,152,0,0,152,0
2024-10-11,P0014,0,0,6,0,0
2024-10-11,P0015,5,0,3,2,0
2024-10-11,P0016,37,0,3,34,0
2024-10-11,P0017,22,0,8,14,0
2024-10-11,P0018,41,0,0,41,0
2024-10-11,P0019,377,0,0,377,0
2024-10-11,P0020,242,0,0,242,0
2024-10-11,P0021,0,39,4,35,0
2024-10-11,P0022,16,0,0,16,0
2024-10-11,P0023,303,0,0,303,0
2024-10-11,P0024,288,0,0,288,0
2024-10-11,P0025,47,0,0,47,0
2024-10-11,P0026,390,0,0,390,0
2024-10-11,P0027,383,0,1,382,0
2024-10-11,P0028,4,0,3,0,3
2024-10-11,P0029,0,0,3,0,1
2024-10-11,P0030,2,25,1,26,0
2024-10-11,P0031,379,0,0,379,0
2024-10-11,P0032,29,0,7,22,0
2024-10-11,P0033,122,0,0,122,0
2024-10-11,P0034,196,0,0,196,0
2024-10-11,P0035,12,0,3,9,0
2024-10-11,P0036,23,0,8,15,0
2024-10-11,P0037,0,0,8,0,0
2024-10-11,P0038,0,0,7,0,0
2024-10-11,P0039,26,0,2,24,0
2024-10-11,P0040,128,0,0,128,0
2024-10-11,P0041,109,0,0,109,0
2024-10-11,P0042,135,0,0,135,0
2024-10-11,P0043,297,0,0,297,0
2024-10-11,P0044,144,0,27,117,0
2024-10-11,P0045,110,0,2,108,0
2024-10-11,P0046,0,0,20,0,0
2024-10-11,P0047,27,0,1,26,0
2024-10-11,P0048,142,0,12,130,0
2024-10-11,P0049,17,0,3,14,0
2024-10-11,P0050,130,0,3,127,0
2024-10-11,P0051,41,0,1,40,0
2024-10-11,P0052,252,0,1,251,0
2024-10-11,P0053,0,0,2,0,0
2024-10-11,P0054,268,0,0,268,0
2024-10-11,P0055,374,0,0,374,0
2024-10-11,P0056,8,0,0,8,0
2024-10-11,P0057,354,0,1,353,0
2024-10-11,P0058,0,0,25,0,0
2024-10-11,P0059,0,0,12,0,0
2024-10-11,P0060,0,0,9,0,0
2024-10-11,P0061,1,0,0,1,0
2024-10-11,P0062,281,0,0,281,0
2024-10-11,P0063,0,58,10,48,0
2024-10-11,P0064,139,0,5,134,0
2024-10-11,P0065,0,0,21,0,0
2024-10-11,P0066,213,0,21,192,0
2024-10-11,P0067,27,0,3,24,0
2024-10-11,P0068,250,0,0,250,0
2024-10-11,P0069,151,14,1,164,0
2024-10-11,P0070,0,0,2,0,0
2024-10-11,P0071,142,0,1,141,0
2024-10-11,P0072,266,0,1,265,0
2024-10-11,P0073,0,18,3,15,0
2024-10-11,P0074,0,0,23,0,0
2024-10-11,P0075,28,20,0,48,0
2024-10-11,P0076,0,0,3,0,0
2024-10-11,P0077,332,12,0,342,2
2024-10-11,P0078,7,0,7,0,0
2024-10-11,P0079,182,0,49,133,0
2024-10-11,P0080,367,0,4,363,0
2024-10-12,P0001,7,27,8,26,0
2024-10-12,P0002,320,0,0,320,0
2024-10-12,P0003,0,20,4,16,0
2024-10-12,P0004,0,0,4,0,0
2024-10-12,P0005,95,0,4,91,0
2024-10-12,P0006,59,0,6,53,0
2024-10-12,P0007,281,0,0,281,0
2024-10-12,P0008,220,0,0,220,0
2024-10-12,P0009,0,0,18,0,0
2024-10-12,P0010,12,0,9,3,0
2024-10-12,P0011,0,26,6,20,0
2024-10-12,P0012,213,0,0,213,0
2024-10-12,P0013,152,0,0,152,0
2024-10-12,P0014,0,0,3,0,0
2024-10-12,P0015,2,0,12,0,0
2024-10-12,P0016,34,0,16,18,0
2024-10-12,P0017,14,0,4,10,0
2024-10-12,P0018,41,0,8,33,0
2024-10-12,P0019,377,0,0,377,0
2024-10-12,P0020,242,16,1,257,0
2024-10-12,P0021,35,0,18,17,0
2024-10-12,P0022,16,0,1,15,0
2024-10-12,P0023,303,0,0,303,0
2024-10-12,P0024,288,0,0,288,0
2024-10-12,P0025,47,0,6,41,0
2024-10-12,P0026,390,0,0,390,0
2024-10-12,P0027,382,0,0,382,0
2024-10-12,P0028,0,0,4,0,0
2024-10-12,P0029,0,0,10,0,0
2024-10-12,P0030,26,0,8,18,0
2024-10-12,P0031,379,0,1,376,2
2024-10-12,P0032,22,0,2,20,0
2024-10-12,P0033,122,0,0,122,0
2024-10-12,P0034,196,0,2,194,0
2024-10-12,P0035,9,21,6,24,0
2024-10-12,P0036,15,25,0,40,0
2024-10-12,P0037,0,0,8,0,0
2024-10-12,P0038,0,0,5,0,0
2024-10-12,P0039,24,0,0,24,0
2024-10-12,P0040,128,0,0,128,0
2024-10-12,P0041,109,0,0,109,0
2024-10-12,P0042,135,0,8,127,0
2024-10-12,P0043,297,0,0,297,0
2024-10-12,P0044,117,0,32,85,0
2024-10-12,P0045,108,0,0,108,0
2024-10-12,P0046,0,0,14,0,0
2024-10-12,P0047,26,0,5,21,0
2024-10-12,P0048,130,0,12,118,0
2024-10-12,P0049,14,0,3,11,0
2024-10-12,P0050,127,0,0,127,0
2024-10-12,P0051,40,0,6,34,0
2024-10-12,P0052,251,21,0,272,0
2024-10-12,P0053,0,0,4,0,0
2024-10-12,P0054,268,0,3,265,0
2024-10-12,P0055,374,0,0,374,0
2024-10-12,P0056,8,21,2,27,0
2024-10-12,P0057,353,0,2,351,0
2024-10-12,P0058,0,0,12,0,0
2024-10-12,P0059,0,0,15,0,0
2024-10-12,P0060,0,0,22,0,0
2024-10-12,P0061,1,0,2,0,1
2024-10-12,P0062,281,0,0,281,0
2024-10-12,P0063,48,72,17,103,0
2024-10-12,P0064,134,0,6,128,0
2024-10-12,P0065,0,0,16,0,0
2024-10-12,P0066,192,0,25,167,0
2024-10-12,P0067,24,0,17,7,0
2024-10-12,P0068,250,0,2,248,0
2024-10-12,P0069,164,0,3,159,2
2024-10-12,P0070,0,0,11,0,0
2024-10-12,P0071,141,0,1,140,0
2024-10-12,P0072,265,0,0,265,0
2024-10-12,P0073,15,0,1,14,0
2024-10-12,P0074,0,0,20,0,0
2024-10-12,P0075,48,0,7,41,0
2024-10-12,P0076,0,0,0,0,0
2024-10-12,P0077,342,0,0,342,0
2024-10-12,P0078,0,0,4,0,0
2024-10-12,P0079,133,0,73,60,0
2024-10-12,P0080,363,11,0,374,0
2024-10-13,P0001,26,0,4,22,0
2024-10-13,P0002,320,0,3,317,0
2024-10-13,P0003,16,0,3,13,0
2024-10-13,P0004,0,0,10,0,0
2024-10-13,P0005,91,0,1,90,0
2024-10-13,P0006,53,0,7,46,0
2024-10-13,P0007,281,11,1,291,0
2024-10-13,P0008,220,0,0,220,0
2024-10-13,P0009,0,0,16,0,0
2024-10-13,P0010,3,0,5,0,0
2024-10-13,P0011,20,0,2,18,0
2024-10-13,P0012,213,0,0,213,0
2024-10-13,P0013,152,0,2,150,0
2024-10-13,P0014,0,0,3,0,0
2024-10-13,P0015,0,0,12,0,0
2024-10-13,P0016,18,0,13,5,0
2024-10-13,P0017,10,0,13,0,0
2024-10-13,P0018,33,0,8,25,0
2024-10-13,P0019,377,0,0,377,0
2024-10-13,P0020,257,0,0,257,0
2024-10-13,P0021,17,0,12,5,0
2024-10-13,P0022,15,0,8,5,2
2024-10-13,P0023,303,0,0,303,0
2024-10-13,P0024,288,0,0,288,0
2024-10-13,P0025,41,0,0,41,0
2024-10-13,P0026,390,0,0,390,0
2024-10-13,P0027,382,0,0,382,0
2024-10-13,P0028,0,18,13,5,0
2024-10-13,P0029,0,0,7,0,0
2024-10-13,P0030,18,0,8,10,0
2024-10-13,P0031,376,0,0,376,0
2024-10-13,P0032,20,0,1,19,0
2024-10-13,P0033,122,0,0,122,0
2024-10-13,P0034,194,0,1,193,0
2024-10-13,P0035,24,0,5,19,0
2024-10-13,P0036,40,0,0,40,0
2024-10-13,P0037,0,38,13,25,0
2024-10-13,P0038,0,23,9,14,0
2024-10-13,P0039,24,0,0,24,0
2024-10-13,P0040,128,0,0,128,0
2024-10-13,P0041,109,0,0,109,0
2024-10-13,P0042,127,0,2,125,0
2024-10-13,P0043,297,0,0,297,0
2024-10-13,P0044,85,0,28,57,0
2024-10-13,P0045,108,0,0,108,0
2024-10-13,P0046,0,0,10,0,0
2024-10-13,P0047,21,0,0,21,0
2024-10-13,P0048,118,0,3,115,0
2024-10-13,P0049,11,0,7,4,0
2024-10-13,P0050,127,0,9,118,0
2024-10-13,P0051,34,0,0,34,0
2024-10-13,P0052,272,0,0,272,0
2024-10-13,P0053,0,0,1,0,1
2024-10-13,P0054,265,0,1,264,0
2024-10-13,P0055,374,0,1,373,0
2024-10-13,P0056,27,0,12,15,0
2024-10-13,P0057,351,0,0,351,0
2024-10-13,P0058,0,68,15,53,0
2024-10-13,P0059,0,0,18,0,0
2024-10-13,P0060,0,0,26,0,0
2024-10-13,P0061,0,0,3,0,0
2024-10-13,P0062,281,0,0,281,0
2024-10-13,P0063,103,0,8,95,0
2024-10-13,P0064,128,0,0,128,0
2024-10-13,P0065,0,0,15,0,0
2024-10-13,P0066,167,0,23,144,0
2024-10-13,P0067,7,0,11,0,0
2024-10-13,P0068,248,0,5,243,0
2024-10-13,P0069,159,0,0,159,0
2024-10-13,P0070,0,0,10,0,0
2024-10-13,P0071,140,10,0,150,0
2024-10-13,P0072,265,20,2,283,0
2024-10-13,P0073,14,0,6,8,0
2024-10-13,P0074,0,0,14,0,1
2024-10-13,P0075,41,0,0,41,0
2024-10-13,P0076,0,0,2,0,0
2024-10-13,P0077,342,0,0,342,0
2024-10-13,P0078,0,0,5,0,0
2024-10-13,P0079,60,0,61,0,0
2024-10-13,P0080,374,0,0,374,0
2024-10-14,P0001,22,0,5,17,0
2024-10-14,P0002,317,0,0,317,0
2024-10-14,P0003,13,0,7,6,0
2024-10-14,P0004,0,0,6,0,0
2024-10-14,P0005,90,0,1,89,0
2024-10-14,P0006,46,0,5,41,0
2024-10-14,P0007,291,0,2,289,0
2024-10-14,P0008,220,0,4,216,0
2024-10-14,P0009,0,0,12,0,0
2024-10-14,P0010,0,0,17,0,0
2024-10-14,P0011,18,0,5,13,0
2024-10-14,P0012,213,12,0,225,0
2024-10-14,P0013,150,0,0,150,0
2024-10-14,P0014,0,0,3,0,0
2024-10-14,P0015,0,0,13,0,0
2024-10-14,P0016,5,0,4,1,0
2024-10-14,P0017,0,0,1,0,0
2024-10-14,P0018,25,0,1,24,0
2024-10-14,P0019,377,0,0,377,0
2024-10-14,P0020,257,0,0,257,0
2024-10-14,P0021,5,0,6,0,0
2024-10-14,P0022,5,0,1,4,0
2024-10-14,P0023,303,0,1,302,0
2024-10-14,P0024,288,0,3,285,0
2024-10-14,P0025,41,0,2,39,0
2024-10-14,P0026,390,0,0,390,0
2024-10-14,P0027,382,0,0,382,0
2024-10-14,P0028,5,0,1,2,2
2024-10-14,P0029,0,0,0,0,0
2024-10-14,P0030,10,0,6,4,0
2024-10-14,P0031,376,0,1,375,0
2024-10-14,P0032,19,0,4,15,0
2024-10-14,P0033,122,0,0,122,0
2024-10-14,P0034,193,0,0,193,0
2024-10-14,P0035,19,0,9,10,0
2024-10-14,P0036,40,0,4,36,0
2024-10-14,P0037,25,0,2,23,0
2024-10-14,P0038,14,0,2,12,0
2024-10-14,P0039,24,0,5,19,0
2024-10-14,P0040,128,0,0,128,0
2024-10-14,P0041,109,0,3,106,0
2024-10-14,P0042,125,0,0,125,0
2024-10-14,P0043,297,0,2,295,0
2024-10-14,P0044,57,0,25,32,0
2024-10-14,P0045,108,0,1,107,0
2024-10-14,P0046,0,0,18,0,0
2024-10-14,P0047,21,0,6,15,0
2024-10-14,P0048,115,0,7,108,0
2024-10-14,P0049,4,0,0,4,0
2024-10-14,P0050,118,0,0,118,0
2024-10-14,P0051,34,0,2,32,0
2024-10-14,P0052,272,0,0,272,0
2024-10-14,P0053,0,0,1,0,0
2024-10-14,P0054,264,0,0,264,0
2024-10-14,P0055,373,0,0,373,0
2024-10-14,P0056,15,0,8,7,0
2024-10-14,P0057,351,0,0,351,0
2024-10-14,P0058,53,0,9,42,2
2024-10-14,P0059,0,78,20,58,0
2024-10-14,P0060,0,0,9,0,1
2024-10-14,P0061,0,0,0,0,0
2024-10-14,P0062,281,0,0,281,0
2024-10-14,P0063,95,0,10,85,0
2024-10-14,P0064,128,0,0,128,0
2024-10-14,P0065,0,0,11,0,0
2024-10-14,P0066,144,0,14,130,0
2024-10-14,P0067,0,0,4,0,0
2024-10-14,P0068,243,16,0,259,0
2024-10-14,P0069,159,0,0,159,0
2024-10-14,P0070,0,34,7,27,0
2024-10-14,P0071,150,0,5,145,0
2024-10-14,P0072,283,0,3,280,0
2024-10-14,P0073,8,0,0,8,0
2024-10-14,P0074,0,0,10,0,0
2024-10-14,P0075,41,0,2,39,0
2024-10-14,P0076,0,0,2,0,0
2024-10-14,P0077,342,0,0,342,0
2024-10-14,P0078,0,25,6,19,0
2024-10-14,P0079,0,0,54,0,0
2024-10-14,P0080,374,0,1,373,0
2024-10-15,P0001,17,0,13,4,0
2024-10-15,P0002,317,0,1,316,0
2024-10-15,P0003,6,0,5,1,0
2024-10-15,P0004,0,0,5,0,0
2024-10-15,P0005,89,0,3,86,0
2024-10-15,P0006,41,0,2,39,0
2024-10-15,P0007,289,0,0,289,0
2024-10-15,P0008,216,11,0,227,0
2024-10-15,P0009,0,0,14,0,0
2024-10-15,P0010,0,0,13,0,0
2024-10-15,P0011,13,0,0,13,0
2024-10-15,P0012,225,0,0,225,0
2024-10-15,P0013,150,0,0,150,0
2024-10-15,P0014,0,0,1,0,0
2024-10-15,P0015,0,0,10,0,0
2024-10-15,P0016,1,36,4,33,0
2024-10-15,P0017,0,0,9,0,0
2024-10-15,P0018,24,0,1,23,0
2024-10-15,P0019,377,0,1,376,0
2024-10-15,P0020,257,0,3,254,0
2024-10-15,P0021,0,0,9,0,0
2024-10-15,P0022,4,0,1,3,0
2024-10-15,P0023,302,0,0,302,0
2024-10-15,P0024,285,0,0,285,0
2024-10-15,P0025,39,0,2,37,0
2024-10-15,P0026,390,0,0,390,0
2024-10-15,P0027,382,0,1,381,0
2024-10-15,P0028,2,0,3,0,0
2024-10-15,P0029,0,0,0,0,2
2024-10-15,P0030,4,18,14,8,0
2024-10-15,P0031,375,0,2,373,0
2024-10-15,P0032,15,0,8,7,0
2024-10-15,P0033,122,0,1,121,0
2024-10-15,P0034,193,0,0,193,0
2024-10-15,P0035,10,0,5,5,0
2024-10-15,P0036,36,0,2,34,0
2024-10-15,P0037,23,0,12,11,0
2024-10-15,P0038,12,0,3,9,0
2024-10-15,P0039,19,0,5,14,0
2024-10-15,P0040,128,18,0,146,0
2024-10-15,P0041,106,0,0,106,0
2024-10-15,P0042,125,15,0,137,3
2024-10-15,P0043,295,0,0,295,0
2024-10-15,P0044,32,0,28,4,0
2024-10-15,P0045,107,0,0,107,0
2024-10-15,P0046,0,0,9,0,0
2024-10-15,P0047,15,13,8,20,0
2024-10-15,P0048,108,0,11,97,0
2024-10-15,P0049,4,0,2,2,0
2024-10-15,P0050,118,0,9,108,1
2024-10-15,P0051,32,0,0,32,0
2024-10-15,P0052,272,0,0,271,1
2024-10-15,P0053,0,0,11,0,0
2024-10-15,P0054,264,0,0,264,0
2024-10-15,P0055,373,0,2,371,0
2024-10-15,P0056,7,0,5,2,0
2024-10-15,P0057,351,0,0,351,0
2024-10-15,P0058,42,0,14,28,0
2024-10-15,P0059,58,0,11,47,0
2024-10-15,P0060,0,0,15,0,0
2024-10-15,P0061,0,0,5,0,0
2024-10-15,P0062,281,0,0,281,0
2024-10-15,P0063,85,0,6,79,0
2024-10-15,P0064,128,0,2,125,1
2024-10-15,P0065,0,0,18,0,0
2024-10-15,P0066,130,0,22,108,0
2024-10-15,P0067,0,0,4,0,0
2024-10-15,P0068,259,0,0,259,0
2024-10-15,P0069,159,0,4,155,0
2024-10-15,P0070,27,0,11,16,0
2024-10-15,P0071,145,0,0,145,0
2024-10-15,P0072,280,0,0,280,0
2024-10-15,P0073,8,0,2,6,0
2024-10-15,P0074,0,0,10,0,0
2024-10-15,P0075,39,30,1,68,0
2024-10-15,P0076,0,0,5,0,0
2024-10-15,P0077,342,0,0,342,0
2024-10-15,P0078,19,0,0,19,0
2024-10-15,P0079,0,0,48,0,0
2024-10-15,P0080,373,0,0,373,0
2024-10-16,P0001,4,0,8,0,0
2024-10-16,P0002,316,0,0,316,0
2024-10-16,P0003,1,0,3,0,2
2024-10-16,P0004,0,0,5,0,0
2024-10-16,P0005,86,0,3,83,0
2024-10-16,P0006,39,16,0,55,0
2024-10-16,P0007,289,0,0,289,0
2024-10-16,P0008,227,0,0,227,0
2024-10-16,P0009,0,0,16,0,0
2024-10-16,P0010,0,0,7,0,0
2024-10-16,P0011,13,0,5,8,0
2024-10-16,P0012,225,0,1,224,0
2024-10-16,P0013,150,0,0,150,0
2024-10-16,P0014,0,0,6,0,0
2024-10-16,P0015,0,0,8,0,0
2024-10-16,P0016,33,0,7,26,0
2024-10-16,P0017,0,0,2,0,0
2024-10-16,P0018,23,0,5,18,0
2024-10-16,P0019,376,0,0,376,0
2024-10-16,P0020,254,0,0,254,0
2024-10-16,P0021,0,0,15,0,0
2024-10-16,P0022,3,0,3,0,0
2024-10-16,P0023,302,0,0,302,0
2024-10-16,P0024,285,0,2,283,0
2024-10-16,P0025,37,23,3,57,0
2024-10-16,P0026,390,0,5,385,0
2024-10-16,P0027,381,0,0,378,3
2024-10-16,P0028,0,19,0,19,0
2024-10-16,P0029,0,0,9,0,0
2024-10-16,P0030,8,0,5,3,0
2024-10-16,P0031,373,0,4,369,0
2024-10-16,P0032,7,0,5,2,0
2024-10-16,P0033,121,0,0,121,0
2024-10-16,P0034,193,15,3,205,0
2024-10-16,P0035,5,0,5,0,0
2024-10-16,P0036,34,23,3,54,0
2024-10-16,P0037,11,0,8,3,0
2024-10-16,P0038,9,0,7,2,0
2024-10-16,P0039,14,0,5,9,0
2024-10-16,P0040,146,0,0,146,0
2024-10-16,P0041,106,0,2,104,0
2024-10-16,P0042,137,17,2,152,0
2024-10-16,P0043,295,0,1,294,0
2024-10-16,P0044,4,0,22,0,0
2024-10-16,P0045,107,0,0,107,0
2024-10-16,P0046,0,0,10,0,0
2024-10-16,P0047,20,0,0,20,0
2024-10-16,P0048,97,0,7,90,0
2024-10-16,P0049,2,0,3,0,0
2024-10-16,P0050,108,0,3,105,0
2024-10-16,P0051,32,0,0,32,0
2024-10-16,P0052,271,0,0,269,2
2024-10-16,P0053,0,0,8,0,0
2024-10-16,P0054,264,0,0,264,0
2024-10-16,P0055,371,0,6,365,0
2024-10-16,P0056,2,0,2,0,0
2024-10-16,P0057,351,16,0,367,0
2024-10-16,P0058,28,0,16,12,0
2024-10-16,P0059,47,0,6,41,0
2024-10-16,P0060,0,0,19,0,0
2024-10-16,P0061,0,0,0,0,0
2024-10-16,P0062,281,0,0,281,0
2024-10-16,P0063,79,0,15,63,1
2024-10-16,P0064,125,0,2,123,0
2024-10-16,P0065,0,0,27,0,0
2024-10-16,P0066,108,0,22,86,0
2024-10-16,P0067,0,0,12,0,0
2024-10-16,P0068,259,0,0,259,0
2024-10-16,P0069,155,0,3,152,0
2024-10-16,P0070,16,0,4,12,0
2024-10-16,P0071,145,0,6,137,2
2024-10-16,P0072,280,0,0,280,0
2024-10-16,P0073,6,0,2,4,0
2024-10-16,P0074,0,0,8,0,0
2024-10-16,P0075,68,0,3,65,0
2024-10-16,P0076,0,0,0,0,0
2024-10-16,P0077,342,13,0,355,0
2024-10-16,P0078,19,0,1,18,0
2024-10-16,P0079,0,0,68,0,0
2024-10-16,P0080,373,0,0,373,0
2024-10-17,P0001,0,0,7,0,0
2024-10-17,P0002,316,0,1,315,0
2024-10-17,P0003,0,0,12,0,0
2024-10-17,P0004,0,41,10,31,0
2024-10-17,P0005,83,0,5,78,0
2024-10-17,P0006,55,14,4,65,0
2024-10-17,P0007,289,0,2,287,0
2024-10-17,P0008,227,0,0,226,1
2024-10-17,P0009,0,0,14,0,0
2024-10-17,P0010,0,0,17,0,0
2024-10-17,P0011,8,0,2,6,0
2024-10-17,P0012,224,0,0,224,0
2024-10-17,P0013,150,0,0,150,0
2024-10-17,P0014,0,0,2,0,0
2024-10-17,P0015,0,0,10,0,0
2024-10-17,P0016,26,0,16,10,0
2024-10-17,P0017,0,0,4,0,0
2024-10-17,P0018,18,0,0,18,0
2024-10-17,P0019,376,0,0,376,0
2024-10-17,P0020,254,0,0,254,0
2024-10-17,P0021,0,0,9,0,0
2024-10-17,P0022,0,0,2,0,0
2024-10-17,P0023,302,0,0,302,0
2024-10-17,P0024,283,0,0,283,0
2024-10-17,P0025,57,0,2,55,0
2024-10-17,P0026,385,0,0,385,0
2024-10-17,P0027,378,18,2,394,0
2024-10-17,P0028,19,0,1,18,0
2024-10-17,P0029,0,0,3,0,0
2024-10-17,P0030,3,0,6,0,0
2024-10-17,P0031,369,0,0,369,0
2024-10-17,P0032,2,0,5,0,0
2024-10-17,P0033,121,0,2,119,0
2024-10-17,P0034,205,0,4,201,0
2024-10-17,P0035,0,0,5,0,2
2024-10-17,P0036,54,18,3,69,0
2024-10-17,P0037,3,0,0,3,0
2024-10-17,P0038,2,0,3,0,0
2024-10-17,P0039,9,0,4,5,0
2024-10-17,P0040,146,10,4,152,0
2024-10-17,P0041,104,0,4,100,0
2024-10-17,P0042,152,0,0,152,0
2024-10-17,P0043,294,0,1,293,0
2024-10-17,P0044,0,0,17,0,0
2024-10-17,P0045,107,0,3,104,0
2024-10-17,P0046,0,0,1,0,0
2024-10-17,P0047,20,0,1,19,0
2024-10-17,P0048,90,0,4,86,0
2024-10-17,P0049,0,0,0,0,0
2024-10-17,P0050,105,0,0,105,0
2024-10-17,P0051,32,0,0,32,0
2024-10-17,P0052,269,0,6,263,0
2024-10-17,P0053,0,0,10,0,0
2024-10-17,P0054,264,0,0,264,0
2024-10-17,P0055,365,0,0,365,0
2024-10-17,P0056,0,0,0,0,0
2024-10-17,P0057,367,0,0,367,0
2024-10-17,P0058,12,0,29,0,0
2024-10-17,P0059,41,0,7,34,0
2024-10-17,P0060,0,0,13,0,2
2024-10-17,P0061,0,17,0,17,0
2024-10-17,P0062,281,0,0,281,0
2024-10-17,P0063,63,0,25,38,0
2024-10-17,P0064,123,0,0,123,0
2024-10-17,P0065,0,0,45,0,0
2024-10-17,P0066,86,62,16,132,0
2024-10-17,P0067,0,0,0,0,0
2024-10-17,P0068,259,0,0,257,2
2024-10-17,P0069,152,0,3,149,0
2024-10-17,P0070,12,0,7,5,0
2024-10-17,P0071,137,0,0,137,0
2024-10-17,P0072,280,0,0,280,0
2024-10-17,P0073,4,0,6,0,0
2024-10-17,P0074,0,0,29,0,0
2024-10-17,P0075,65,0,3,62,0
2024-10-17,P0076,0,0,1,0,0
2024-10-17,P0077,355,0,0,355,0
2024-10-17,P0078,18,0,4,14,0
2024-10-17,P0079,0,0,42,0,0
2024-10-17,P0080,373,0,0,373,0
2024-10-18,P0001,0,0,11,0,0
2024-10-18,P0002,315,0,1,314,0
2024-10-18,P0003,0,0,2,0,0
2024-10-18,P0004,31,0,1,30,0
2024-10-18,P0005,78,0,5,73,0
2024-10-18,P0006,65,0,0,65,0
2024-10-18,P0007,287,0,0,287,0
2024-10-18,P0008,226,0,1,225,0
2024-10-18,P0009,0,0,13,0,0
2024-10-18,P0010,0,0,3,0,0
2024-10-18,P0011,6,0,6,0,0
2024-10-18,P0012,224,0,0,224,0
2024-10-18,P0013,150,0,3,147,0
2024-10-18,P0014,0,0,2,0,0
2024-10-18,P0015,0,0,20,0,0
2024-10-18,P0016,10,0,5,5,0
2024-10-18,P0017,0,0,2,0,0
2024-10-18,P0018,18,0,13,5,0
2024-10-18,P0019,376,0,0,376,0
2024-10-18,P0020,254,0,0,254,0
2024-10-18,P0021,0,0,6,0,0
2024-10-18,P0022,0,0,5,0,0
2024-10-18,P0023,302,0,0,302,0
2024-10-18,P0024,283,0,0,283,0
2024-10-18,P0025,55,13,0,68,0
2024-10-18,P0026,385,0,0,385,0
2024-10-18,P0027,394,0,0,394,0
2024-10-18,P0028,18,0,1,17,0
2024-10-18,P0029,0,20,5,15,0
2024-10-18,P0030,0,0,6,0,0
2024-10-18,P0031,369,0,0,369,0
2024-10-18,P0032,0,0,3,0,0
2024-10-18,P0033,119,0,1,118,0
2024-10-18,P0034,201,0,2,199,0
2024-10-18,P0035,0,0,4,0,0
2024-10-18,P0036,69,0,6,63,0
2024-10-18,P0037,3,0,5,0,0
2024-10-18,P0038,0,0,4,0,0
2024-10-18,P0039,5,0,1,4,0
2024-10-18,P0040,152,0,4,148,0
2024-10-18,P0041,100,0,5,95,0
2024-10-18,P0042,152,0,0,152,0
2024-10-18,P0043,293,0,4,289,0
2024-10-18,P0044,0,0,15,0,0
2024-10-18,P0045,104,0,0,104,0
2024-10-18,P0046,0,0,11,0,0
2024-10-18,P0047,19,0,0,19,0
2024-10-18,P0048,86,0,0,86,0
2024-10-18,P0049,0,0,2,0,0
2024-10-18,P0050,105,0,2,103,0
2024-10-18,P0051,32,0,3,29,0
2024-10-18,P0052,263,0,2,261,0
2024-10-18,P0053,0,23,6,17,0
2024-10-18,P0054,264,0,0,264,0
2024-10-18,P0055,365,0,0,365,0
2024-10-18,P0056,0,0,0,0,0
2024-10-18,P0057,367,0,0,367,0
2024-10-18,P0058,0,0,11,0,0
2024-10-18,P0059,34,0,8,26,0
2024-10-18,P0060,0,0,20,0,0
2024-10-18,P0061,17,0,0,17,0
2024-10-18,P0062,281,0,0,281,0
2024-10-18,P0063,38,0,7,31,0
2024-10-18,P0064,123,0,0,123,0
2024-10-18,P0065,0,0,20,0,0
2024-10-18,P0066,132,0,17,115,0
2024-10-18,P0067,0,0,7,0,0
2024-10-18,P0068,257,0,0,257,0
2024-10-18,P0069,149,0,0,149,0
2024-10-18,P0070,5,0,4,1,0
2024-10-18,P0071,137,0,0,137,0
2024-10-18,P0072,280,0,0,280,0
2024-10-18,P0073,0,10,3,7,0
2024-10-18,P0074,0,0,20,0,0
2024-10-18,P0075,62,0,10,52,0
2024-10-18,P0076,0,0,0,0,0
2024-10-18,P0077,355,0,0,355,0
2024-10-18,P0078,14,0,1,13,0
2024-10-18,P0079,0,0,39,0,0
2024-10-18,P0080,373,0,0,373,0
2024-10-19,P0001,0,0,17,0,0
2024-10-19,P0002,314,0,0,314,0
2024-10-19,P0003,0,22,4,18,0
2024-10-19,P0004,30,0,5,25,0
2024-10-19,P0005,73,0,6,67,0
2024-10-19,P0006,65,0,0,65,0
2024-10-19,P0007,287,0,2,285,0
2024-10-19,P0008,225,0,2,223,0
2024-10-19,P0009,0,0,13,0,0
2024-10-19,P0010,0,0,18,0,0
2024-10-19,P0011,0,0,4,0,0
2024-10-19,P0012,224,0,1,223,0
2024-10-19,P0013,147,0,0,147,0
2024-10-19,P0014,0,0,5,0,0
2024-10-19,P0015,0,0,12,0,0
2024-10-19,P0016,5,0,11,0,0
2024-10-19,P0017,0,0,9,0,1
2024-10-19,P0018,5,0,8,0,0
2024-10-19,P0019,376,0,5,369,2
2024-10-19,P0020,254,0,1,253,0
2024-10-19,P0021,0,0,8,0,0
2024-10-19,P0022,0,0,3,0,0
2024-10-19,P0023,302,0,0,299,3
2024-10-19,P0024,283,0,5,278,0
2024-10-19,P0025,68,0,3,65,0
2024-10-19,P0026,385,0,0,385,0
2024-10-19,P0027,394,0,1,393,0
2024-10-19,P0028,17,0,4,13,0
2024-10-19,P0029,15,0,10,5,0
2024-10-19,P0030,0,0,3,0,0
2024-10-19,P0031,369,0,0,369,0
2024-10-19,P0032,0,0,6,0,0
2024-10-19,P0033,118,0,4,114,0
2024-10-19,P0034,199,0,0,199,0
2024-10-19,P0035,0,0,1,0,0
2024-10-19,P0036,63,0,2,61,0
2024-10-19,P0037,0,0,10,0,0
2024-10-19,P0038,0,0,2,0,0
2024-10-19,P0039,4,0,3,1,0
2024-10-19,P0040,148,0,0,148,0
2024-10-19,P0041,95,0,2,93,0
2024-10-19,P0042,152,0,0,152,0
2024-10-19,P0043,289,0,7,282,0
2024-10-19,P0044,0,0,35,0,0
2024-10-19,P0045,104,0,6,98,0
2024-10-19,P0046,0,0,24,0,0
2024-10-19,P0047,19,0,3,16,0
2024-10-19,P0048,86,0,4,82,0
2024-10-19,P0049,0,0,2,0,0
2024-10-19,P0050,103,25,0,128,0
2024-10-19,P0051,29,0,3,26,0
2024-10-19,P0052,261,0,0,261,0
2024-10-19,P0053,17,0,0,17,0
2024-10-19,P0054,264,0,0,264,0
2024-10-19,P0055,365,0,0,365,0
2024-10-19,P0056,0,0,3,0,0
2024-10-19,P0057,367,0,0,367,0
2024-10-19,P0058,0,0,17,0,0
2024-10-19,P0059,26,0,13,13,0
2024-10-19,P0060,0,0,8,0,0
2024-10-19,P0061,17,0,0,17,0
2024-10-19,P0062,281,0,0,281,0
2024-10-19,P0063,31,0,16,15,0
2024-10-19,P0064,123,0,4,119,0
2024-10-19,P0065,0,0,55,0,0
2024-10-19,P0066,115,0,21,94,0
2024-10-19,P0067,0,0,11,0,2
2024-10-19,P0068,257,0,4,253,0
2024-10-19,P0069,149,0,0,149,0
2024-10-19,P0070,1,26,4,23,0
2024-10-19,P0071,137,0,0,136,1
2024-10-19,P0072,280,0,1,279,0
2024-10-19,P0073,7,0,7,0,0
2024-10-19,P0074,0,76,27,49,0
2024-10-19,P0075,52,0,4,48,0
2024-10-19,P0076,0,0,3,0,0
2024-10-19,P0077,355,0,0,355,0
2024-10-19,P0078,13,0,1,9,3
2024-10-19,P0079,0,0,66,0,2
2024-10-19,P0080,373,0,0,373,0
2024-10-20,P0001,0,0,8,0,0
2024-10-20,P0002,314,0,2,312,0
2024-10-20,P0003,18,0,6,12,0
2024-10-20,P0004,25,0,6,19,0
2024-10-20,P0005,67,0,8,59,0
2024-10-20,P0006,65,0,2,63,0
2024-10-20,P0007,285,0,1,284,0
2024-10-20,P0008,223,0,1,222,0
2024-10-20,P0009,0,0,13,0,0
2024-10-20,P0010,0,47,16,31,0
2024-10-20,P0011,0,0,7,0,0
2024-10-20,P0012,223,0,0,223,0
2024-10-20,P0013,147,13,0,160,0
2024-10-20,P0014,0,0,1,0,0
2024-10-20,P0015,0,0,15,0,0
2024-10-20,P0016,0,0,6,0,0
2024-10-20,P0017,0,0,4,0,2
2024-10-20,P0018,0,19,0,19,0
2024-10-20,P0019,369,20,0,389,0
2024-10-20,P0020,253,11,3,261,0
2024-10-20,P0021,0,0,21,0,0
2024-10-20,P0022,0,0,5,0,0
2024-10-20,P0023,299,0,0,299,0
2024-10-20,P0024,278,0,1,276,1
2024-10-20,P0025,65,0,3,62,0
2024-10-20,P0026,385,0,0,385,0
2024-10-20,P0027,393,0,0,393,0
2024-10-20,P0028,13,0,5,8,0
2024-10-20,P0029,5,17,0,22,0
2024-10-20,P0030,0,0,0,0,0
2024-10-20,P0031,369,0,1,368,0
2024-10-20,P0032,0,0,2,0,0
2024-10-20,P0033,114,0,1,113,0
2024-10-20,P0034,199,0,0,199,0
2024-10-20,P0035,0,0,10,0,0
2024-10-20,P0036,61,0,4,57,0
2024-10-20,P0037,0,0,5,0,0
2024-10-20,P0038,0,0,1,0,0
2024-10-20,P0039,1,0,6,0,0
2024-10-20,P0040,148,0,0,148,0
2024-10-20,P0041,93,0,4,89,0
2024-10-20,P0042,152,0,8,141,3
2024-10-20,P0043,282,0,2,280,0
2024-10-20,P0044,0,0,37,0,0
2024-10-20,P0045,98,0,6,92,0
2024-10-20,P0046,0,0,12,0,0
2024-10-20,P0047,16,0,5,11,0
2024-10-20,P0048,82,0,4,78,0
2024-10-20,P0049,0,21,2,19,0
2024-10-20,P0050,128,0,2,126,0
2024-10-20,P0051,26,0,2,24,0
2024-10-20,P0052,261,0,0,261,0
2024-10-20,P0053,17,0,4,13,0
2024-10-20,P0054,264,0,6,258,0
2024-10-20,P0055,365,0,0,365,0
2024-10-20,P0056,0,0,5,0,0
2024-10-20,P0057,367,0,0,367,0
2024-10-20,P0058,0,0,14,0,0
2024-10-20,P0059,13,78,16,75,0
2024-10-20,P0060,0,0,13,0,0
2024-10-20,P0061,17,0,0,17,0
2024-10-20,P0062,281,0,0,281,0
2024-10-20,P0063,15,0,9,6,0
2024-10-20,P0064,119,0,1,118,0
2024-10-20,P0065,0,0,34,0,0
2024-10-20,P0066,94,0,36,58,0
2024-10-20,P0067,0,40,15,25,0
2024-10-20,P0068,253,0,2,251,0
2024-10-20,P0069,149,0,0,149,0
2024-10-20,P0070,23,0,13,10,0
2024-10-20,P0071,136,0,0,136,0
2024-10-20,P0072,279,0,2,277,0
2024-10-20,P0073,0,0,4,0,0
2024-10-20,P0074,49,0,14,35,0
2024-10-20,P0075,48,0,4,44,0
2024-10-20,P0076,0,0,14,0,0
2024-10-20,P0077,355,0,3,352,0
2024-10-20,P0078,9,0,1,8,0
2024-10-20,P0079,0,0,62,0,0
2024-10-20,P0080,373,0,1,372,0
2024-10-21,P0001,0,0,4,0,0
2024-10-21,P0002,312,0,3,309,0
2024-10-21,P0003,12,15,0,27,0
2024-10-21,P0004,19,0,5,14,0
2024-10-21,P0005,59,0,5,54,0
2024-10-21,P0006,63,0,1,62,0
2024-10-21,P0007,284,0,0,284,0
2024-10-21,P0008,222,0,0,222,0
2024-10-21,P0009,0,0,4,0,2
2024-10-21,P0010,31,0,11,20,0
2024-10-21,P0011,0,16,6,10,0
2024-10-21,P0012,223,0,0,223,0
2024-10-21,P0013,160,0,0,160,0
2024-10-21,P0014,0,0,4,0,0
2024-10-21,P0015,0,0,8,0,0
2024-10-21,P0016,0,0,7,0,0
2024-10-21,P0017,0,22,2,20,0
2024-10-21,P0018,19,0,2,17,0
2024-10-21,P0019,389,0,4,385,0
2024-10-21,P0020,261,0,1,260,0
2024-10-21,P0021,0,0,6,0,0
2024-10-21,P0022,0,0,3,0,0
2024-10-21,P0023,299,0,1,298,0
2024-10-21,P0024,276,0,0,276,0
2024-10-21,P0025,62,0,2,60,0
2024-10-21,P0026,385,0,0,385,0
2024-10-21,P0027,393,0,0,393,0
2024-10-21,P0028,8,0,0,8,0
2024-10-21,P0029,22,0,1,21,0
2024-10-21,P0030,0,0,0,0,0
2024-10-21,P0031,368,0,0,368,0
2024-10-21,P0032,0,31,1,30,0
2024-10-21,P0033,113,0,0,113,0
2024-10-21,P0034,199,0,0,199,0
2024-10-21,P0035,0,0,0,0,0
2024-10-21,P0036,57,0,5,52,0
2024-10-21,P0037,0,0,2,0,0
2024-10-21,P0038,0,0,1,0,0
2024-10-21,P0039,0,0,4,0,0
2024-10-21,P0040,148,0,0,148,0
2024-10-21,P0041,89,0,0,89,0
2024-10-21,P0042,141,0,0,141,0
2024-10-21,P0043,280,0,1,279,0
2024-10-21,P0044,0,0,32,0,0
2024-10-21,P0045,92,0,0,92,0
2024-10-21,P0046,0,0,10,0,0
2024-10-21,P0047,11,0,3,8,0
2024-10-21,P0048,78,0,3,75,0
2024-10-21,P0049,19,0,0,19,0
2024-10-21,P0050,126,0,5,121,0
2024-10-21,P0051,24,0,6,18,0
2024-10-21,P0052,261,0,0,261,0
2024-10-21,P0053,13,0,0,13,0
2024-10-21,P0054,258,0,0,258,0
2024-10-21,P0055,365,0,0,365,0
2024-10-21,P0056,0,0,3,0,0
2024-10-21,P0057,367,0,1,366,0
2024-10-21,P0058,0,0,19,0,0
2024-10-21,P0059,75,0,4,71,0
2024-10-21,P0060,0,0,13,0,0
2024-10-21,P0061,17,11,0,28,0
2024-10-21,P0062,281,0,0,280,1
2024-10-21,P0063,6,0,3,3,0
2024-10-21,P0064,118,0,2,116,0
2024-10-21,P0065,0,0,22,0,0
2024-10-21,P0066,58,0,7,51,0
2024-10-21,P0067,25,0,11,14,0
2024-10-21,P0068,251,0,0,251,0
2024-10-21,P0069,149,0,0,149,0
2024-10-21,P0070,10,0,4,6,0
2024-10-21,P0071,136,0,0,136,0
2024-10-21,P0072,277,0,1,276,0
2024-10-21,P0073,0,0,5,0,0
2024-10-21,P0074,35,45,14,66,0
2024-10-21,P0075,44,0,6,38,0
2024-10-21,P0076,0,0,3,0,0
2024-10-21,P0077,352,12,0,364,0
2024-10-21,P0078,8,0,2,6,0
2024-10-21,P0079,0,0,45,0,0
2024-10-21,P0080,372,0,0,372,0
2024-10-22,P0001,0,0,8,0,3
2024-10-22,P0002,309,15,4,320,0
2024-10-22,P0003,27,0,0,27,0
2024-10-22,P0004,14,0,8,6,0
2024-10-22,P0005,54,0,1,53,0
2024-10-22,P0006,62,0,0,62,0
2024-10-22,P0007,284,21,0,305,0
2024-10-22,P0008,222,0,3,219,0
2024-10-22,P0009,0,0,15,0,0
2024-10-22,P0010,20,0,5,15,0
2024-10-22,P0011,10,0,0,10,0
2024-10-22,P0012,223,0,1,222,0
2024-10-22,P0013,160,0,3,157,0
2024-10-22,P0014,0,0,4,0,0
2024-10-22,P0015,0,0,14,0,0
2024-10-22,P0016,0,0,13,0,0
2024-10-22,P0017,20,0,16,4,0
2024-10-22,P0018,17,0,4,13,0
2024-10-22,P0019,385,0,0,385,0
2024-10-22,P0020,260,0,0,260,0
2024-10-22,P0021,0,0,9,0,0
2024-10-22,P0022,0,18,1,17,0
2024-10-22,P0023,298,17,1,314,0
2024-10-22,P0024,276,14,0,290,0
2024-10-22,P0025,60,0,3,57,0
2024-10-22,P0026,385,0,0,385,0
2024-10-22,P0027,393,0,0,393,0
2024-10-22,P0028,8,0,1,7,0
2024-10-22,P0029,21,0,0,21,0
2024-10-22,P0030,0,0,2,0,0
2024-10-22,P0031,368,0,1,367,0
2024-10-22,P0032,30,0,2,28,0
2024-10-22,P0033,113,0,0,113,0
2024-10-22,P0034,199,0,0,199,0
2024-10-22,P0035,0,0,3,0,0
2024-10-22,P0036,52,0,3,49,0
2024-10-22,P0037,0,0,9,0,0
2024-10-22,P0038,0,0,0,0,0
2024-10-22,P0039,0,0,3,0,0
2024-10-22,P0040,148,0,2,146,0
2024-10-22,P0041,89,0,1,88,0
2024-10-22,P0042,141,0,0,141,0
2024-10-22,P0043,279,14,1,292,0
2024-10-22,P0044,0,0,30,0,0
2024-10-22,P0045,92,0,5,87,0
2024-10-22,P0046,0,0,14,0,0
2024-10-22,P0047,8,0,0,8,0
2024-10-22,P0048,75,0,7,68,0
2024-10-22,P0049,19,18,2,33,2
2024-10-22,P0050,121,0,1,120,0
2024-10-22,P0051,18,13,3,28,0
2024-10-22,P0052,261,0,0,261,0
2024-10-22,P0053,13,0,0,13,0
2024-10-22,P0054,258,0,0,258,0
2024-10-22,P0055,365,0,0,365,0
2024-10-22,P0056,0,0,5,0,0
2024-10-22,P0057,366,0,0,366,0
2024-10-22,P0058,0,0,18,0,0
2024-10-22,P0059,71,0,18,53,0
2024-10-22,P0060,0,0,7,0,0
2024-10-22,P0061,28,0,0,28,0
2024-10-22,P0062,280,0,0,280,0
2024-10-22,P0063,3,0,6,0,0
2024-10-22,P0064,116,0,6,110,0
2024-10-22,P0065,0,0,23,0,0
2024-10-22,P0066,51,0,40,11,0
2024-10-22,P0067,14,0,3,11,0
2024-10-22,P0068,251,0,0,251,0
2024-10-22,P0069,149,0,0,149,0
2024-10-22,P0070,6,0,6,0,0
2024-10-22,P0071,136,0,6,130,0
2024-10-22,P0072,276,0,3,273,0
2024-10-22,P0073,0,0,0,0,0
2024-10-22,P0074,66,0,11,55,0
2024-10-22,P0075,38,0,5,33,0
2024-10-22,P0076,0,0,5,0,0
2024-10-22,P0077,364,0,4,360,0
2024-10-22,P0078,6,0,4,2,0
2024-10-22,P0079,0,247,41,206,0
2024-10-22,P0080,372,0,0,372,0
2024-10-23,P0001,0,0,26,0,0
2024-10-23,P0002,320,12,0,332,0
2024-10-23,P0003,27,0,7,20,0
2024-10-23,P0004,6,31,2,35,0
2024-10-23,P0005,53,0,0,53,0
2024-10-23,P0006,62,17,9,70,0
2024-10-23,P0007,305,0,1,302,2
2024-10-23,P0008,219,0,0,219,0
2024-10-23,P0009,0,0,5,0,0
2024-10-23,P0010,15,0,7,8,0
2024-10-23,P0011,10,0,2,8,0
2024-10-23,P0012,222,0,1,221,0
2024-10-23,P0013,157,0,6,151,0
2024-10-23,P0014,0,0,4,0,0
2024-10-23,P0015,0,32,7,25,0
2024-10-23,P0016,0,0,10,0,0
2024-10-23,P0017,4,0,9,0,0
2024-10-23,P0018,13,0,3,10,0
2024-10-23,P0019,385,0,0,385,0
2024-10-23,P0020,260,0,2,258,0
2024-10-23,P0021,0,0,7,0,0
2024-10-23,P0022,17,0,1,16,0
2024-10-23,P0023,314,0,2,312,0
2024-10-23,P0024,290,0,1,289,0
2024-10-23,P0025,57,0,3,54,0
2024-10-23,P0026,385,0,1,384,0
2024-10-23,P0027,393,0,0,393,0
2024-10-23,P0028,7,0,0,7,0
2024-10-23,P0029,21,0,0,21,0
2024-10-23,P0030,0,0,5,0,0
2024-10-23,P0031,367,0,2,365,0
2024-10-23,P0032,28,0,3,25,0
2024-10-23,P0033,113,0,1,112,0
2024-10-23,P0034,199,0,3,196,0
2024-10-23,P0035,0,18,1,17,0
2024-10-23,P0036,49,0,5,44,0
2024-10-23,P0037,0,0,8,0,0
2024-10-23,P0038,0,0,5,0,0
2024-10-23,P0039,0,0,12,0,0
2024-10-23,P0040,146,0,0,146,0
2024-10-23,P0041,88,20,0,108,0
2024-10-23,P0042,141,0,9,129,3
2024-10-23,P0043,292,0,3,289,0
2024-10-23,P0044,0,0,28,0,0
2024-10-23,P0045,87,0,0,87,0
2024-10-23,P0046,0,47,4,43,0
2024-10-23,P0047,8,0,4,4,0
2024-10-23,P0048,68,0,0,68,0
2024-10-23,P0049,33,0,0,33,0
2024-10-23,P0050,120,21,1,140,0
2024-10-23,P0051,28,0,5,20,3
2024-10-23,P0052,261,0,0,261,0
2024-10-23,P0053,13,0,2,11,0
2024-10-23,P0054,258,0,0,258,0
2024-10-23,P0055,365,0,0,365,0
2024-10-23,P0056,0,0,0,0,0
2024-10-23,P0057,366,0,0,366,0
2024-10-23,P0058,0,0,15,0,0
2024-10-23,P0059,53,0,16,37,0
2024-10-23,P0060,0,0,13,0,0
2024-10-23,P0061,28,0,1,27,0
2024-10-23,P0062,280,0,0,280,0
2024-10-23,P0063,0,0,7,0,0
2024-10-23,P0064,110,0,3,107,0
2024-10-23,P0065,0,0,22,0,0
2024-10-23,P0066,11,0,23,0,0
2024-10-23,P0067,11,0,2,9,0
2024-10-23,P0068,251,0,1,250,0
2024-10-23,P0069,149,14,4,159,0
2024-10-23,P0070,0,0,4,0,0
2024-10-23,P0071,130,0,1,129,0
2024-10-23,P0072,273,0,0,273,0
2024-10-23,P0073,0,0,8,0,0
2024-10-23,P0074,55,0,8,47,0
2024-10-23,P0075,33,0,5,28,0
2024-10-23,P0076,0,0,0,0,0
2024-10-23,P0077,360,0,0,360,0
2024-10-23,P0078,2,0,2,0,0
2024-10-23,P0079,206,0,34,172,0
2024-10-23,P0080,372,0,0,372,0
2024-10-24,P0001,0,0,12,0,3
2024-10-24,P0002,332,0,0,332,0
2024-10-24,P0003,20,0,9,11,0
2024-10-24,P0004,35,0,13,22,0
2024-10-24,P0005,53,0,0,53,0
2024-10-24,P0006,70,0,7,63,0
2024-10-24,P0007,302,0,2,300,0
2024-10-24,P0008,219,0,0,219,0
2024-10-24,P0009,0,0,15,0,0
2024-10-24,P0010,8,0,4,4,0
2024-10-24,P0011,8,0,4,4,0
2024-10-24,P0012,221,0,2,219,0
2024-10-24,P0013,151,0,4,147,0
2024-10-24,P0014,0,0,4,0,0
2024-10-24,P0015,25,0,9,16,0
2024-10-24,P0016,0,0,6,0,0
2024-10-24,P0017,0,0,14,0,0
2024-10-24,P0018,10,0,1,6,3
2024-10-24,P0019,385,14,0,399,0
2024-10-24,P0020,258,0,0,258,0
2024-10-24,P0021,0,0,12,0,0
2024-10-24,P0022,16,0,11,5,0
2024-10-24,P0023,312,22,5,329,0
2024-10-24,P0024,289,0,0,289,0
2024-10-24,P0025,54,0,8,46,0
2024-10-24,P0026,384,0,0,384,0
2024-10-24,P0027,393,0,2,391,0
2024-10-24,P0028,7,0,0,7,0
2024-10-24,P0029,21,0,2,19,0
2024-10-24,P0030,0,0,1,0,0
2024-10-24,P0031,365,0,0,365,0
2024-10-24,P0032,25,0,5,20,0
2024-10-24,P0033,112,0,0,112,0
2024-10-24,P0034,196,0,4,192,0
2024-10-24,P0035,17,0,0,17,0
2024-10-24,P0036,44,0,1,43,0
2024-10-24,P0037,0,0,5,0,0
2024-10-24,P0038,0,0,3,0,0
2024-10-24,P0039,0,0,3,0,0
2024-10-24,P0040,146,0,1,145,0
2024-10-24,P0041,108,0,0,108,0
2024-10-24,P0042,129,0,1,128,0
2024-10-24,P0043,289,0,0,289,0
2024-10-24,P0044,0,0,24,0,0
2024-10-24,P0045,87,0,0,87,0
2024-10-24,P0046,43,0,4,39,0
2024-10-24,P0047,4,0,3,1,0
2024-10-24,P0048,68,0,3,65,0
2024-10-24,P0049,33,0,1,32,0
2024-10-24,P0050,140,0,1,139,0
2024-10-24,P0051,20,0,3,17,0
2024-10-24,P0052,261,0,0,261,0
2024-10-24,P0053,11,0,0,10,1
2024-10-24,P0054,258,0,0,258,0
2024-10-24,P0055,365,0,0,365,0
2024-10-24,P0056,0,0,3,0,0
2024-10-24,P0057,366,0,2,364,0
2024-10-24,P0058,0,0,16,0,0
2024-10-24,P0059,37,0,13,24,0
2024-10-24,P0060,0,0,10,0,0
2024-10-24,P0061,27,0,0,27,0
2024-10-24,P0062,280,0,0,280,0
2024-10-24,P0063,0,0,19,0,0
2024-10-24,P0064,107,0,0,107,0
2024-10-24,P0065,0,0,20,0,0
2024-10-24,P0066,0,0,17,0,0
2024-10-24,P0067,9,0,4,5,0
2024-10-24,P0068,250,0,1,249,0
2024-10-24,P0069,159,0,2,157,0
2024-10-24,P0070,0,0,6,0,0
2024-10-24,P0071,129,20,0,149,0
2024-10-24,P0072,273,20,0,293,0
2024-10-24,P0073,0,0,1,0,0
2024-10-24,P0074,47,0,12,35,0
2024-10-24,P0075,28,0,5,23,0
2024-10-24,P0076,0,0,0,0,0
2024-10-24,P0077,360,20,0,380,0
2024-10-24,P0078,0,0,1,0,0
2024-10-24,P0079,172,0,49,123,0
2024-10-24,P0080,372,0,0,372,0
2024-10-25,P0001,0,0,11,0,0
2024-10-25,P0002,332,0,0,332,0
2024-10-25,P0003,11,0,4,7,0
2024-10-25,P0004,22,0,1,21,0
2024-10-25,P0005,53,0,2,51,0
2024-10-25,P0006,63,0,0,63,0
2024-10-25,P0007,300,0,1,299,0
2024-10-25,P0008,219,0,3,216,0
2024-10-25,P0009,0,0,3,0,0
2024-10-25,P0010,4,0,9,0,0
2024-10-25,P0011,4,0,8,0,0
2024-10-25,P0012,219,0,0,219,0
2024-10-25,P0013,147,0,6,141,0
2024-10-25,P0014,0,0,9,0,0
2024-10-25,P0015,16,0,14,2,0
2024-10-25,P0016,0,0,8,0,0
2024-10-25,P0017,0,0,3,0,0
2024-10-25,P0018,6,0,1,5,0
2024-10-25,P0019,399,0,1,398,0
2024-10-25,P0020,258,0,0,258,0
2024-10-25,P0021,0,0,9,0,0
2024-10-25,P0022,5,0,7,0,0
2024-10-25,P0023,329,0,3,326,0
2024-10-25,P0024,289,0,1,288,0
2024-10-25,P0025,46,0,1,45,0
2024-10-25,P0026,384,0,0,384,0
2024-10-25,P0027,391,0,0,391,0
2024-10-25,P0028,7,0,6,1,0
2024-10-25,P0029,19,0,8,11,0
2024-10-25,P0030,0,0,0,0,0
2024-10-25,P0031,365,0,4,361,0
2024-10-25,P0032,20,0,3,17,0
2024-10-25,P0033,112,0,0,112,0
2024-10-25,P0034,192,0,0,192,0
2024-10-25,P0035,17,32,5,44,0
2024-10-25,P0036,43,0,0,43,0
2024-10-25,P0037,0,34,2,32,0
2024-10-25,P0038,0,0,6,0,0
2024-10-25,P0039,0,0,3,0,0
2024-10-25,P0040,145,0,0,145,0
2024-10-25,P0041,108,0,2,106,0
2024-10-25,P0042,128,0,5,123,0
2024-10-25,P0043,289,14,0,303,0
2024-10-25,P0044,0,0,12,0,0
2024-10-25,P0045,87,0,2,85,0
2024-10-25,P0046,39,0,14,25,0
2024-10-25,P0047,1,18,4,15,0
2024-10-25,P0048,65,24,9,80,0
2024-10-25,P0049,32,23,3,52,0
2024-10-25,P0050,139,0,5,134,0
2024-10-25,P0051,17,0,0,17,0
2024-10-25,P0052,261,15,1,275,0
2024-10-25,P0053,10,0,13,0,0
2024-10-25,P0054,258,0,0,258,0
2024-10-25,P0055,365,0,0,365,0
2024-10-25,P0056,0,0,0,0,0
2024-10-25,P0057,364,0,5,359,0
2024-10-25,P0058,0,0,7,0,0
2024-10-25,P0059,24,0,14,10,0
2024-10-25,P0060,0,0,10,0,0
2024-10-25,P0061,27,0,3,24,0
2024-10-25,P0062,280,0,1,279,0
2024-10-25,P0063,0,0,16,0,0
2024-10-25,P0064,107,0,0,107,0
2024-10-25,P0065,0,0,22,0,0
2024-10-25,P0066,0,0,18,0,3
2024-10-25,P0067,5,48,6,47,0
2024-10-25,P0068,249,0,0,249,0
2024-10-25,P0069,157,0,6,151,0
2024-10-25,P0070,0,0,13,0,0
2024-10-25,P0071,149,10,0,159,0
2024-10-25,P0072,293,0,1,292,0
2024-10-25,P0073,0,0,0,0,0
2024-10-25,P0074,35,0,13,22,0
2024-10-25,P0075,23,0,1,22,0
2024-10-25,P0076,0,0,2,0,0
2024-10-25,P0077,380,0,0,380,0
2024-10-25,P0078,0,0,2,0,0
2024-10-25,P0079,123,0,28,95,0
2024-10-25,P0080,372,11,4,379,0
2024-10-26,P0001,0,44,5,39,0
2024-10-26,P0002,332,13,0,345,0
2024-10-26,P0003,7,20,6,21,0
2024-10-26,P0004,21,0,13,8,0
2024-10-26,P0005,51,0,7,44,0
2024-10-26,P0006,63,0,0,63,0
2024-10-26,P0007,299,0,0,299,0
2024-10-26,P0008,216,0,0,215,1
2024-10-26,P0009,0,0,16,0,0
2024-10-26,P0010,0,0,20,0,0
2024-10-26,P0011,0,19,0,19,0
2024-10-26,P0012,219,0,0,219,0
2024-10-26,P0013,141,0,0,141,0
2024-10-26,P0014,0,0,4,0,0
2024-10-26,P0015,2,0,11,0,3
2024-10-26,P0016,0,0,11,0,0
2024-10-26,P0017,0,0,3,0,0
2024-10-26,P0018,5,0,3,2,0
2024-10-26,P0019,398,0,2,396,0
2024-10-26,P0020,258,0,0,258,0
2024-10-26,P0021,0,0,21,0,0
2024-10-26,P0022,0,0,5,0,0
2024-10-26,P0023,326,0,0,326,0
2024-10-26,P0024,288,0,1,287,0
2024-10-26,P0025,45,0,3,42,0
2024-10-26,P0026,384,0,0,384,0
2024-10-26,P0027,391,0,0,391,0
2024-10-26,P0028,1,0,3,0,0
2024-10-26,P0029,11,0,0,11,0
2024-10-26,P0030,0,0,0,0,1
2024-10-26,P0031,361,0,0,361,0
2024-10-26,P0032,17,0,3,14,0
2024-10-26,P0033,112,0,3,109,0
2024-10-26,P0034,192,0,1,191,0
2024-10-26,P0035,44,0,8,36,0
2024-10-26,P0036,43,0,8,35,0
2024-10-26,P0037,32,0,7,25,0
2024-10-26,P0038,0,0,0,0,0
2024-10-26,P0039,0,14,10,4,0
2024-10-26,P0040,145,18,0,163,0
2024-10-26,P0041,106,0,0,106,0
2024-10-26,P0042,123,0,1,122,0
2024-10-26,P0043,303,15,8,310,0
2024-10-26,P0044,0,0,49,0,0
2024-10-26,P0045,85,14,1,98,0
2024-10-26,P0046,25,0,7,18,0
2024-10-26,P0047,15,0,0,15,0
2024-10-26,P0048,80,0,0,80,0
2024-10-26,P0049,52,0,2,50,0
2024-10-26,P0050,134,0,4,130,0
2024-10-26,P0051,17,0,1,16,0
2024-10-26,P0052,275,0,0,275,0
2024-10-26,P0053,0,0,4,0,0
2024-10-26,P0054,258,0,3,255,0
2024-10-26,P0055,365,0,0,365,0
2024-10-26,P0056,0,0,12,0,0
2024-10-26,P0057,359,0,1,357,1
2024-10-26,P0058,0,0,17,0,3
2024-10-26,P0059,10,0,18,0,0
2024-10-26,P0060,0,0,11,0,0
2024-10-26,P0061,24,0,0,24,0
2024-10-26,P0062,279,0,0,279,0
2024-10-26,P0063,0,0,13,0,0
2024-10-26,P0064,107,0,2,103,2
2024-10-26,P0065,0,85,36,49,0
2024-10-26,P0066,0,0,35,0,0
2024-10-26,P0067,47,0,10,37,0
2024-10-26,P0068,249,0,3,246,0
2024-10-26,P0069,151,0,0,151,0
2024-10-26,P0070,0,0,11,0,0
2024-10-26,P0071,159,0,0,159,0
2024-10-26,P0072,292,0,0,292,0
2024-10-26,P0073,0,0,5,0,0
2024-10-26,P0074,22,0,11,11,0
2024-10-26,P0075,22,0,7,15,0
2024-10-26,P0076,0,19,1,16,2
2024-10-26,P0077,380,0,3,377,0
2024-10-26,P0078,0,0,6,0,0
2024-10-26,P0079,95,0,43,52,0
2024-10-26,P0080,379,0,3,376,0
2024-10-27,P0001,39,0,16,23,0
2024-10-27,P0002,345,0,0,345,0
2024-10-27,P0003,21,0,3,18,0
2024-10-27,P0004,8,0,6,2,0
2024-10-27,P0005,44,0,8,36,0
2024-10-27,P0006,63,0,0,63,0
2024-10-27,P0007,299,0,2,297,0
2024-10-27,P0008,215,0,6,209,0
2024-10-27,P0009,0,0,13,0,0
2024-10-27,P0010,0,0,10,0,0
2024-10-27,P0011,19,0,6,13,0
2024-10-27,P0012,219,0,4,215,0
2024-10-27,P0013,141,0,2,139,0
2024-10-27,P0014,0,0,1,0,3
2024-10-27,P0015,0,0,3,0,0
2024-10-27,P0016,0,0,7,0,0
2024-10-27,P0017,0,30,2,28,0
2024-10-27,P0018,2,0,7,0,0
2024-10-27,P0019,396,0,0,396,0
2024-10-27,P0020,258,21,0,279,0
2024-10-27,P0021,0,0,8,0,0
2024-10-27,P0022,0,0,10,0,0
2024-10-27,P0023,326,0,0,326,0
2024-10-27,P0024,287,0,0,287,0
2024-10-27,P0025,42,0,6,36,0
2024-10-27,P0026,384,0,3,381,0
2024-10-27,P0027,391,0,0,391,0
2024-10-27,P0028,0,0,0,0,0
2024-10-27,P0029,11,0,1,10,0
2024-10-27,P0030,0,0,0,0,0
2024-10-27,P0031,361,0,0,361,0
2024-10-27,P0032,14,0,3,11,0
2024-10-27,P0033,109,0,1,108,0
2024-10-27,P0034,191,0,0,191,0
2024-10-27,P0035,36,0,1,35,0
2024-10-27,P0036,35,23,1,57,0
2024-10-27,P0037,25,0,4,21,0
2024-10-27,P0038,0,0,5,0,0
2024-10-27,P0039,4,0,2,2,0
2024-10-27,P0040,163,0,0,163,0
2024-10-27,P0041,106,0,2,104,0
2024-10-27,P0042,122,0,2,120,0
2024-10-27,P0043,310,23,0,333,0
2024-10-27,P0044,0,0,44,0,0
2024-10-27,P0045,98,0,6,92,0
2024-10-27,P0046,18,0,11,7,0
2024-10-27,P0047,15,0,6,9,0
2024-10-27,P0048,80,0,8,72,0
2024-10-27,P0049,50,0,1,49,0
2024-10-27,P0050,130,0,3,127,0
2024-10-27,P0051,16,0,0,16,0
2024-10-27,P0052,275,0,0,273,2
2024-10-27,P0053,0,0,4,0,0
2024-10-27,P0054,255,0,0,255,0
2024-10-27,P0055,365,0,0,365,0
2024-10-27,P0056,0,0,3,0,0
2024-10-27,P0057,357,0,0,357,0
2024-10-27,P0058,0,64,18,46,0
2024-10-27,P0059,0,0,18,0,0
2024-10-27,P0060,0,0,14,0,0
2024-10-27,P0061,24,0,7,17,0
2024-10-27,P0062,279,0,0,279,0
2024-10-27,P0063,0,0,11,0,0
2024-10-27,P0064,103,0,3,100,0
2024-10-27,P0065,49,98,29,118,0
2024-10-27,P0066,0,0,24,0,0
2024-10-27,P0067,37,0,6,31,0
2024-10-27,P0068,246,0,4,242,0
2024-10-27,P0069,151,0,3,148,0
2024-10-27,P0070,0,0,12,0,0
2024-10-27,P0071,159,0,4,155,0
2024-10-27,P0072,292,0,0,292,0
2024-10-27,P0073,0,0,2,0,0
2024-10-27,P0074,11,54,25,40,0
2024-10-27,P0075,15,0,9,6,0
2024-10-27,P0076,16,0,6,10,0
2024-10-27,P0077,377,0,0,375,2
2024-10-27,P0078,0,0,3,0,0
2024-10-27,P0079,52,0,58,0,0
2024-10-27,P0080,376,0,1,375,0
2024-10-28,P0001,23,0,4,19,0
2024-10-28,P0002,345,0,0,345,0
2024-10-28,P0003,18,0,3,15,0
2024-10-28,P0004,2,0,12,0,0
2024-10-28,P0005,36,0,6,30,0
2024-10-28,P0006,63,0,4,59,0
2024-10-28,P0007,297,0,0,297,0
2024-10-28,P0008,209,0,1,208,0
2024-10-28,P0009,0,0,6,0,0
2024-10-28,P0010,0,0,8,0,0
2024-10-28,P0011,13,0,0,10,3
2024-10-28,P0012,215,0,0,215,0
2024-10-28,P0013,139,0,0,139,0
2024-10-28,P0014,0,0,6,0,0
2024-10-28,P0015,0,0,8,0,0
2024-10-28,P0016,0,0,3,0,0
2024-10-28,P0017,28,0,5,23,0
2024-10-28,P0018,0,0,1,0,0
2024-10-28,P0019,396,0,0,396,0
2024-10-28,P0020,279,0,1,278,0
2024-10-28,P0021,0,0,9,0,0
2024-10-28,P0022,0,0,2,0,0
2024-10-28,P0023,326,0,3,323,0
2024-10-28,P0024,287,0,2,285,0
2024-10-28,P0025,36,0,4,32,0
2024-10-28,P0026,381,0,0,381,0
2024-10-28,P0027,391,0,1,390,0
2024-10-28,P0028,0,0,2,0,0
2024-10-28,P0029,10,0,4,6,0
2024-10-28,P0030,0,0,1,0,0
2024-10-28,P0031,361,0,0,361,0
2024-10-28,P0032,11,0,1,10,0
2024-10-28,P0033,108,16,1,123,0
2024-10-28,P0034,191,0,6,185,0
2024-10-28,P0035,35,0,8,27,0
2024-10-28,P0036,57,0,7,50,0
2024-10-28,P0037,21,0,1,20,0
2024-10-28,P0038,0,0,1,0,0
2024-10-28,P0039,2,22,4,20,0
2024-10-28,P0040,163,0,0,163,0
2024-10-28,P0041,104,0,4,100,0
2024-10-28,P0042,120,0,0,120,0
2024-10-28,P0043,333,0,0,333,0
2024-10-28,P0044,0,0,27,0,0
2024-10-28,P0045,92,15,4,103,0
2024-10-28,P0046,7,0,7,0,0
2024-10-28,P0047,9,0,1,8,0
2024-10-28,P0048,72,0,2,70,0
2024-10-28,P0049,49,0,2,47,0
2024-10-28,P0050,127,0,7,120,0
2024-10-28,P0051,16,20,0,36,0
2024-10-28,P0052,273,0,2,271,0
2024-10-28,P0053,0,0,1,0,0
2024-10-28,P0054,255,0,9,246,0
2024-10-28,P0055,365,0,0,365,0
2024-10-28,P0056,0,0,9,0,0
2024-10-28,P0057,357,0,0,357,0
2024-10-28,P0058,46,0,14,32,0
2024-10-28,P0059,0,0,11,0,0
2024-10-28,P0060,0,58,9,49,0
2024-10-28,P0061,17,0,0,17,0
2024-10-28,P0062,279,0,4,275,0
2024-10-28,P0063,0,0,7,0,0
2024-10-28,P0064,100,0,0,100,0
2024-10-28,P0065,118,0,13,105,0
2024-10-28,P0066,0,0,2,0,0
2024-10-28,P0067,31,0,13,18,0
2024-10-28,P0068,242,0,0,242,0
2024-10-28,P0069,148,0,0,148,0
2024-10-28,P0070,0,0,6,0,0
2024-10-28,P0071,155,0,1,154,0
2024-10-28,P0072,292,0,0,292,0
2024-10-28,P0073,0,0,0,0,0
2024-10-28,P0074,40,0,27,13,0
2024-10-28,P0075,6,0,3,3,0
2024-10-28,P0076,10,0,3,7,0
2024-10-28,P0077,375,0,0,375,0
2024-10-28,P0078,0,0,7,0,0
2024-10-28,P0079,0,0,55,0,0
2024-10-28,P0080,375,0,0,375,0
2024-10-29,P0001,19,52,10,61,0
2024-10-29,P0002,345,0,3,342,0
2024-10-29,P0003,15,0,0,15,0
2024-10-29,P0004,0,0,5,0,0
2024-10-29,P0005,30,15,4,41,0
2024-10-29,P0006,59,18,5,72,0
2024-10-29,P0007,297,0,1,296,0
2024-10-29,P0008,208,0,0,208,0
2024-10-29,P0009,0,0,14,0,0
2024-10-29,P0010,0,0,4,0,0
2024-10-29,P0011,10,18,10,18,0
2024-10-29,P0012,215,0,0,215,0
2024-10-29,P0013,139,0,6,133,0
2024-10-29,P0014,0,0,2,0,0
2024-10-29,P0015,0,0,8,0,0
2024-10-29,P0016,0,0,12,0,0
2024-10-29,P0017,23,0,1,22,0
2024-10-29,P0018,0,0,8,0,0
2024-10-29,P0019,396,15,0,411,0
2024-10-29,P0020,278,0,0,278,0
2024-10-29,P0021,0,0,11,0,3
2024-10-29,P0022,0,0,3,0,0
2024-10-29,P0023,323,0,0,323,0
2024-10-29,P0024,285,0,0,285,0
2024-10-29,P0025,32,0,10,22,0
2024-10-29,P0026,381,0,0,381,0
2024-10-29,P0027,390,0,1,389,0
2024-10-29,P0028,0,0,4,0,0
2024-10-29,P0029,6,14,4,16,0
2024-10-29,P0030,0,0,6,0,0
2024-10-29,P0031,361,0,0,361,0
2024-10-29,P0032,10,0,3,7,0
2024-10-29,P0033,123,0,0,123,0
2024-10-29,P0034,185,0,1,184,0
2024-10-29,P0035,27,0,1,26,0
2024-10-29,P0036,50,0,3,47,0
2024-10-29,P0037,20,0,11,9,0
2024-10-29,P0038,0,0,0,0,0
2024-10-29,P0039,20,0,5,15,0
2024-10-29,P0040,163,18,1,180,0
2024-10-29,P0041,100,0,0,100,0
2024-10-29,P0042,120,0,0,120,0
2024-10-29,P0043,333,14,0,347,0
2024-10-29,P0044,0,0,28,0,0
2024-10-29,P0045,103,0,0,103,0
2024-10-29,P0046,0,0,3,0,0
2024-10-29,P0047,8,0,2,6,0
2024-10-29,P0048,70,23,0,93,0
2024-10-29,P0049,47,18,0,65,0
2024-10-29,P0050,120,0,1,119,0
2024-10-29,P0051,36,0,4,32,0
2024-10-29,P0052,271,0,0,271,0
2024-10-29,P0053,0,0,3,0,0
2024-10-29,P0054,246,0,1,245,0
2024-10-29,P0055,365,22,0,387,0
2024-10-29,P0056,0,0,2,0,0
2024-10-29,P0057,357,0,0,357,0
2024-10-29,P0058,32,0,5,27,0
2024-10-29,P0059,0,0,18,0,0
2024-10-29,P0060,49,66,5,110,0
2024-10-29,P0061,17,0,0,17,0
2024-10-29,P0062,275,0,0,275,0
2024-10-29,P0063,0,0,13,0,0
2024-10-29,P0064,100,0,0,100,0
2024-10-29,P0065,105,0,14,91,0
2024-10-29,P0066,0,0,27,0,0
2024-10-29,P0067,18,0,1,17,0
2024-10-29,P0068,242,0,2,240,0
2024-10-29,P0069,148,14,1,161,0
2024-10-29,P0070,0,0,7,0,0
2024-10-29,P0071,154,16,0,170,0
2024-10-29,P0072,292,0,0,292,0
2024-10-29,P0073,0,0,1,0,0
2024-10-29,P0074,13,0,24,0,0
2024-10-29,P0075,3,0,7,0,0
2024-10-29,P0076,7,0,1,6,0
2024-10-29,P0077,375,0,1,374,0
2024-10-29,P0078,0,21,0,21,0
2024-10-29,P0079,0,0,64,0,0
2024-10-29,P0080,375,0,0,375,0
2024-10-30,P0001,61,0,12,49,0
2024-10-30,P0002,342,0,1,341,0
2024-10-30,P0003,15,0,3,12,0
2024-10-30,P0004,0,0,15,0,0
2024-10-30,P0005,41,0,5,36,0
2024-10-30,P0006,72,20,8,84,0
2024-10-30,P0007,296,0,4,292,0
2024-10-30,P0008,208,0,0,208,0
2024-10-30,P0009,0,0,13,0,0
2024-10-30,P0010,0,0,12,0,0
2024-10-30,P0011,18,0,3,15,0
2024-10-30,P0012,215,0,0,215,0
2024-10-30,P0013,133,0,4,129,0
2024-10-30,P0014,0,0,4,0,0
2024-10-30,P0015,0,0,6,0,0
2024-10-30,P0016,0,0,13,0,0
2024-10-30,P0017,22,0,0,22,0
2024-10-30,P0018,0,0,1,0,0
2024-10-30,P0019,411,0,0,411,0
2024-10-30,P0020,278,0,0,278,0
2024-10-30,P0021,0,0,6,0,0
2024-10-30,P0022,0,0,8,0,0
2024-10-30,P0023,323,0,0,323,0
2024-10-30,P0024,285,0,1,284,0
2024-10-30,P0025,22,0,7,15,0
2024-10-30,P0026,381,0,0,381,0
2024-10-30,P0027,389,0,0,389,0
2024-10-30,P0028,0,0,3,0,0
2024-10-30,P0029,16,0,1,15,0
2024-10-30,P0030,0,0,2,0,0
2024-10-30,P0031,361,15,0,376,0
2024-10-30,P0032,7,0,4,3,0
2024-10-30,P0033,123,0,0,123,0
2024-10-30,P0034,184,0,0,184,0
2024-10-30,P0035,26,0,2,24,0
2024-10-30,P0036,47,0,1,46,0
2024-10-30,P0037,9,32,11,30,0
2024-10-30,P0038,0,0,5,0,0
2024-10-30,P0039,15,0,0,15,0
2024-10-30,P0040,180,0,2,178,0
2024-10-30,P0041,100,0,0,100,0
2024-10-30,P0042,120,0,0,120,0
2024-10-30,P0043,347,0,2,345,0
2024-10-30,P0044,0,0,18,0,0
2024-10-30,P0045,103,0,1,102,0
2024-10-30,P0046,0,0,5,0,0
2024-10-30,P0047,6,0,1,5,0
2024-10-30,P0048,93,23,4,112,0
2024-10-30,P0049,65,0,0,65,0
2024-10-30,P0050,119,0,5,114,0
2024-10-30,P0051,32,0,3,29,0
2024-10-30,P0052,271,0,0,271,0
2024-10-30,P0053,0,0,3,0,1
2024-10-30,P0054,245,0,0,245,0
2024-10-30,P0055,387,0,0,387,0
2024-10-30,P0056,0,0,11,0,0
2024-10-30,P0057,357,0,0,357,0
2024-10-30,P0058,27,0,9,18,0
2024-10-30,P0059,0,0,22,0,0
2024-10-30,P0060,110,0,10,100,0
2024-10-30,P0061,17,0,1,16,0
2024-10-30,P0062,275,0,0,275,0
2024-10-30,P0063,0,0,8,0,0
2024-10-30,P0064,100,0,0,100,0
2024-10-30,P0065,91,0,26,65,0
2024-10-30,P0066,0,0,25,0,0
2024-10-30,P0067,17,0,4,13,0
2024-10-30,P0068,240,0,0,240,0
2024-10-30,P0069,161,0,7,154,0
2024-10-30,P0070,0,0,12,0,0
2024-10-30,P0071,170,0,3,167,0
2024-10-30,P0072,292,0,0,292,0
2024-10-30,P0073,0,0,0,0,0
2024-10-30,P0074,0,0,13,0,0
2024-10-30,P0075,0,0,4,0,0
2024-10-30,P0076,6,0,2,4,0
2024-10-30,P0077,374,0,0,374,0
2024-10-30,P0078,21,0,5,16,0
2024-10-30,P0079,0,0,31,0,0
2024-10-30,P0080,375,0,0,375,0
2024-10-31,P0001,49,0,10,39,0
2024-10-31,P0002,341,0,6,335,0
2024-10-31,P0003,12,0,3,9,0
2024-10-31,P0004,0,37,8,29,0
2024-10-31,P0005,36,0,1,35,0
2024-10-31,P0006,84,0,4,80,0
2024-10-31,P0007,292,0,0,292,0
2024-10-31,P0008,208,0,0,208,0
2024-10-31,P0009,0,0,10,0,0
2024-10-31,P0010,0,0,6,0,0
2024-10-31,P0011,15,0,4,11,0
2024-10-31,P0012,215,0,0,215,0
2024-10-31,P0013,129,0,1,128,0
2024-10-31,P0014,0,14,7,7,0
2024-10-31,P0015,0,0,17,0,0
2024-10-31,P0016,0,0,13,0,0
2024-10-31,P0017,22,0,0,22,0
2024-10-31,P0018,0,0,0,0,0
2024-10-31,P0019,411,0,0,411,0
2024-10-31,P0020,278,0,0,278,0
2024-10-31,P0021,0,0,13,0,0
2024-10-31,P0022,0,0,0,0,0
2024-10-31,P0023,323,0,2,321,0
2024-10-31,P0024,284,0,0,284,0
2024-10-31,P0025,15,0,1,14,0
2024-10-31,P0026,381,0,3,378,0
2024-10-31,P0027,389,0,0,389,0
2024-10-31,P0028,0,0,4,0,0
2024-10-31,P0029,15,0,3,12,0
2024-10-31,P0030,0,0,1,0,0
2024-10-31,P0031,376,0,2,374,0
2024-10-31,P0032,3,18,4,17,0
2024-10-31,P0033,123,0,0,123,0
2024-10-31,P0034,184,0,0,184,0
2024-10-31,P0035,24,0,13,11,0
2024-10-31,P0036,46,0,1,45,0
2024-10-31,P0037,30,35,11,54,0
2024-10-31,P0038,0,0,3,0,0
2024-10-31,P0039,15,0,1,14,0
2024-10-31,P0040,178,0,0,178,0
2024-10-31,P0041,100,0,3,97,0
2024-10-31,P0042,120,0,1,119,0
2024-10-31,P0043,345,0,0,345,0
2024-10-31,P0044,0,0,29,0,0
2024-10-31,P0045,102,0,2,100,0
2024-10-31,P0046,0,0,4,0,0
2024-10-31,P0047,5,0,4,1,0
2024-10-31,P0048,112,0,8,102,2
2024-10-31,P0049,65,0,3,62,0
2024-10-31,P0050,114,0,4,110,0
2024-10-31,P0051,29,0,5,24,0
2024-10-31,P0052,271,0,0,271,0
2024-10-31,P0053,0,0,3,0,0
2024-10-31,P0054,245,0,0,245,0
2024-10-31,P0055,387,13,0,400,0
2024-10-31,P0056,0,0,1,0,0
2024-10-31,P0057,357,0,0,357,0
2024-10-31,P0058,18,0,6,12,0
2024-10-31,P0059,0,70,15,55,0
2024-10-31,P0060,100,0,7,93,0
2024-10-31,P0061,16,0,3,11,2
2024-10-31,P0062,275,0,0,275,0
2024-10-31,P0063,0,0,4,0,0
2024-10-31,P0064,100,0,1,98,1
2024-10-31,P0065,65,0,23,42,0
2024-10-31,P0066,0,0,24,0,0
2024-10-31,P0067,13,0,9,4,0
2024-10-31,P0068,240,0,2,238,0
2024-10-31,P0069,154,0,0,154,0
2024-10-31,P0070,0,0,12,0,0
2024-10-31,P0071,167,0,2,165,0
2024-10-31,P0072,292,0,0,292,0
2024-10-31,P0073,0,0,8,0,0
2024-10-31,P0074,0,0,12,0,0
2024-10-31,P0075,0,0,3,0,0
2024-10-31,P0076,4,0,0,4,0
2024-10-31,P0077,374,0,2,372,0
2024-10-31,P0078,16,0,0,16,0
2024-10-31,P0079,0,0,49,0,0
2024-10-31,P0080,375,0,0,375,0
2024-11-01,P0001,39,0,19,20,0
2024-11-01,P0002,335,0,0,335,0
2024-11-01,P0003,9,0,3,6,0
2024-11-01,P0004,29,0,6,23,0
2024-11-01,P0005,35,13,2,46,0
2024-11-01,P0006,80,0,1,79,0
2024-11-01,P0007,292,0,0,292,0
2024-11-01,P0008,208,0,0,208,0
2024-11-01,P0009,0,0,5,0,0
2024-11-01,P0010,0,0,13,0,0
2024-11-01,P0011,11,28,13,26,0
2024-11-01,P0012,215,0,5,210,0
2024-11-01,P0013,128,0,0,128,0
2024-11-01,P0014,7,0,1,6,0
2024-11-01,P0015,0,0,13,0,0
2024-11-01,P0016,0,0,0,0,0
2024-11-01,P0017,22,0,9,13,0
2024-11-01,P0018,0,0,2,0,0
2024-11-01,P0019,411,0,2,409,0
2024-11-01,P0020,278,0,0,278,0
2024-11-01,P0021,0,0,6,0,0
2024-11-01,P0022,0,0,3,0,3
2024-11-01,P0023,321,0,1,320,0
2024-11-01,P0024,284,0,0,284,0
2024-11-01,P0025,14,0,10,4,0
2024-11-01,P0026,378,0,1,377,0
2024-11-01,P0027,389,0,0,389,0
2024-11-01,P0028,0,12,1,11,0
2024-11-01,P0029,12,0,5,7,0
2024-11-01,P0030,0,0,7,0,0
2024-11-01,P0031,374,12,0,386,0
2024-11-01,P0032,17,0,4,13,0
2024-11-01,P0033,123,0,0,123,0
2024-11-01,P0034,184,0,0,184,0
2024-11-01,P0035,11,0,5,6,0
2024-11-01,P0036,45,0,0,45,0
2024-11-01,P0037,54,0,6,48,0
2024-11-01,P0038,0,0,0,0,0
2024-11-01,P0039,14,0,1,13,0
2024-11-01,P0040,178,12,0,190,0
2024-11-01,P0041,97,0,2,95,0
2024-11-01,P0042,119,0,0,119,0
2024-11-01,P0043,345,0,0,345,0
2024-11-01,P0044,0,141,20,121,0
2024-11-01,P0045,100,0,0,100,0
2024-11-01,P0046,0,52,11,41,0
2024-11-01,P0047,1,0,0,1,0
2024-11-01,P0048,102,0,6,96,0
2024-11-01,P0049,62,0,6,56,0
2024-11-01,P0050,110,12,0,122,0
2024-11-01,P0051,24,0,2,22,0
2024-11-01,P0052,271,18,0,289,0
2024-11-01,P0053,0,32,0,32,0
2024-11-01,P0054,245,0,0,245,0
2024-11-01,P0055,400,0,0,400,0
2024-11-01,P0056,0,13,3,10,0
2024-11-01,P0057,357,0,4,353,0
2024-11-01,P0058,12,0,21,0,0
2024-11-01,P0059,55,0,12,43,0
2024-11-01,P0060,93,0,5,88,0
2024-11-01,P0061,11,13,2,22,0
2024-11-01,P0062,275,15,1,289,0
2024-11-01,P0063,0,0,16,0,0
2024-11-01,P0064,98,0,2,96,0
2024-11-01,P0065,42,0,25,17,0
2024-11-01,P0066,0,0,31,0,0
2024-11-01,P0067,4,0,6,0,0
2024-11-01,P0068,238,0,0,238,0
2024-11-01,P0069,154,0,1,153,0
2024-11-01,P0070,0,0,7,0,0
2024-11-01,P0071,165,14,0,179,0
2024-11-01,P0072,292,22,1,313,0
2024-11-01,P0073,0,0,1,0,0
2024-11-01,P0074,0,0,11,0,2
2024-11-01,P0075,0,0,4,0,0
2024-11-01,P0076,4,0,1,3,0
2024-11-01,P0077,372,0,0,372,0
2024-11-01,P0078,16,0,5,11,0
2024-11-01,P0079,0,0,48,0,0
2024-11-01,P0080,375,0,0,375,0
2024-11-02,P0001,20,0,6,14,0
2024-11-02,P0002,335,0,0,335,0
2024-11-02,P0003,6,0,8,0,0
2024-11-02,P0004,23,0,2,21,0
2024-11-02,P0005,46,0,3,43,0
2024-11-02,P0006,79,0,0,79,0
2024-11-02,P0007,292,0,0,292,0
2024-11-02,P0008,208,20,6,222,0
2024-11-02,P0009,0,0,15,0,0
2024-11-02,P0010,0,0,15,0,0
2024-11-02,P0011,26,0,2,24,0
2024-11-02,P0012,210,0,2,208,0
2024-11-02,P0013,128,0,0,126,2
2024-11-02,P0014,6,0,8,0,0
2024-11-02,P0015,0,0,7,0,0
2024-11-02,P0016,0,0,20,0,0
2024-11-02,P0017,13,0,4,9,0
2024-11-02,P0018,0,0,15,0,0
2024-11-02,P0019,409,0,0,409,0
2024-11-02,P0020,278,0,5,273,0
2024-11-02,P0021,0,0,24,0,0
2024-11-02,P0022,0,0,2,0,0
2024-11-02,P0023,320,14,0,334,0
2024-11-02,P0024,284,13,5,292,0
2024-11-02,P0025,4,0,3,1,0
2024-11-02,P0026,377,0,0,377,0
2024-11-02,P0027,389,0,0,389,0
2024-11-02,P0028,11,0,5,6,0
2024-11-02,P0029,7,0,1,5,1
2024-11-02,P0030,0,15,9,6,0
2024-11-02,P0031,386,0,0,386,0
2024-11-02,P0032,13,0,8,5,0
2024-11-02,P0033,123,0,4,119,0
2024-11-02,P0034,184,0,0,184,0
2024-11-02,P0035,6,0,1,5,0
2024-11-02,P0036,45,0,6,39,0
2024-11-02,P0037,48,0,13,35,0
2024-11-02,P0038,0,0,9,0,0
2024-11-02,P0039,13,0,1,12,0
2024-11-02,P0040,190,0,0,190,0
2024-11-02,P0041,95,0,6,89,0
2024-11-02,P0042,119,0,2,117,0
2024-11-02,P0043,345,0,0,345,0
2024-11-02,P0044,121,0,25,96,0
2024-11-02,P0045,100,0,1,99,0
2024-11-02,P0046,41,0,10,31,0
2024-11-02,P0047,1,0,4,0,0
2024-11-02,P0048,96,0,15,81,0
2024-11-02,P0049,56,0,6,50,0
2024-11-02,P0050,122,0,5,117,0
2024-11-02,P0051,22,0,1,21,0
2024-11-02,P0052,289,20,0,309,0
2024-11-02,P0053,32,30,3,59,0
2024-11-02,P0054,245,0,0,245,0
2024-11-02,P0055,400,0,0,400,0
2024-11-02,P0056,10,0,3,7,0
2024-11-02,P0057,353,0,0,353,0
2024-11-02,P0058,0,0,14,0,0
2024-11-02,P0059,43,0,24,19,0
2024-11-02,P0060,88,0,23,65,0
2024-11-02,P0061,22,0,0,22,0
2024-11-02,P0062,289,0,2,287,0
2024-11-02,P0063,0,68,18,50,0
2024-11-02,P0064,96,18,7,107,0
2024-11-02,P0065,17,0,37,0,0
2024-11-02,P0066,0,0,37,0,0
2024-11-02,P0067,0,0,3,0,0
2024-11-02,P0068,238,0,0,238,0
2024-11-02,P0069,153,0,0,153,0
2024-11-02,P0070,0,0,6,0,0
2024-11-02,P0071,179,0,4,175,0
2024-11-02,P0072,313,0,2,311,0
2024-11-02,P0073,0,0,0,0,0
2024-11-02,P0074,0,0,10,0,0
2024-11-02,P0075,0,0,9,0,0
2024-11-02,P0076,3,0,6,0,0
2024-11-02,P0077,372,15,0,387,0
2024-11-02,P0078,11,0,5,6,0
2024-11-02,P0079,0,0,67,0,2
2024-11-02,P0080,375,0,4,371,0
2024-11-03,P0001,14,0,21,0,0
2024-11-03,P0002,335,0,1,334,0
2024-11-03,P0003,0,26,0,26,0
2024-11-03,P0004,21,0,8,13,0
2024-11-03,P0005,43,0,1,42,0
2024-11-03,P0006,79,0,0,79,0
2024-11-03,P0007,292,0,0,292,0
2024-11-03,P0008,222,0,2,220,0
2024-11-03,P0009,0,0,13,0,0
2024-11-03,P0010,0,57,22,35,0
2024-11-03,P0011,24,0,6,18,0
2024-11-03,P0012,208,0,0,208,0
2024-11-03,P0013,126,0,0,126,0
2024-11-03,P0014,0,0,6,0,0
2024-11-03,P0015,0,34,16,18,0
2024-11-03,P0016,0,0,12,0,0
2024-11-03,P0017,9,0,8,1,0
2024-11-03,P0018,0,0,0,0,0
2024-11-03,P0019,409,23,0,430,2
2024-11-03,P0020,273,0,0,273,0
2024-11-03,P0021,0,0,15,0,0
2024-11-03,P0022,0,12,7,5,0
2024-11-03,P0023,334,0,4,330,0
2024-11-03,P0024,292,0,1,291,0
2024-11-03,P0025,1,0,1,0,0
2024-11-03,P0026,377,0,0,377,0
2024-11-03,P0027,389,0,5,384,0
2024-11-03,P0028,6,0,3,3,0
2024-11-03,P0029,5,0,3,2,0
2024-11-03,P0030,6,0,7,0,0
2024-11-03,P0031,386,0,1,385,0
2024-11-03,P0032,5,0,8,0,0
2024-11-03,P0033,119,0,0,119,0
2024-11-03,P0034,184,0,0,184,0
2024-11-03,P0035,5,0,10,0,0
2024-11-03,P0036,39,0,1,38,0
2024-11-03,P0037,35,0,10,25,0
2024-11-03,P0038,0,0,6,0,0
2024-11-03,P0039,12,0,1,11,0
2024-11-03,P0040,190,0,0,190,0
2024-11-03,P0041,89,11,0,100,0
2024-11-03,P0042,117,0,0,117,0
2024-11-03,P0043,345,0,6,339,0
2024-11-03,P0044,96,0,24,72,0
2024-11-03,P0045,99,0,0,99,0
2024-11-03,P0046,31,0,13,18,0
2024-11-03,P0047,0,0,2,0,0
2024-11-03,P0048,81,0,13,68,0
2024-11-03,P0049,50,0,4,46,0
2024-11-03,P0050,117,0,0,117,0
2024-11-03,P0051,21,19,2,37,1
2024-11-03,P0052,309,0,7,302,0
2024-11-03,P0053,59,0,7,52,0
2024-11-03,P0054,245,0,3,242,0
2024-11-03,P0055,400,0,0,400,0
2024-11-03,P0056,7,0,10,0,0
2024-11-03,P0057,353,0,0,353,0
2024-11-03,P0058,0,73,22,51,0
2024-11-03,P0059,19,0,16,3,0
2024-11-03,P0060,65,0,8,57,0
2024-11-03,P0061,22,0,3,18,1
2024-11-03,P0062,287,0,0,287,0
2024-11-03,P0063,50,0,19,31,0
2024-11-03,P0064,107,0,1,106,0
2024-11-03,P0065,0,0,23,0,0
2024-11-03,P0066,0,0,35,0,0
2024-11-03,P0067,0,0,20,0,0
2024-11-03,P0068,238,0,0,238,0
2024-11-03,P0069,153,17,3,167,0
2024-11-03,P0070,0,0,5,0,0
2024-11-03,P0071,175,0,0,175,0
2024-11-03,P0072,311,0,2,309,0
2024-11-03,P0073,0,0,5,0,0
2024-11-03,P0074,0,0,3,0,0
2024-11-03,P0075,0,0,8,0,0
2024-11-03,P0076,0,0,1,0,0
2024-11-03,P0077,387,0,0,387,0
2024-11-03,P0078,6,0,2,4,0
2024-11-03,P0079,0,0,60,0,0
2024-11-03,P0080,371,0,7,364,0
2024-11-04,P0001,0,0,9,0,2
2024-11-04,P0002,334,21,2,353,0
2024-11-04,P0003,26,0,2,24,0
2024-11-04,P0004,13,0,20,0,0
2024-11-04,P0005,42,14,4,52,0
2024-11-04,P0006,79,0,0,79,0
2024-11-04,P0007,292,0,0,292,0
2024-11-04,P0008,220,0,7,213,0
2024-11-04,P0009,0,0,9,0,0
2024-11-04,P0010,35,0,13,22,0
2024-11-04,P0011,18,0,13,5,0
2024-11-04,P0012,208,15,5,218,0
2024-11-04,P0013,126,0,1,125,0
2024-11-04,P0014,0,0,5,0,0
2024-11-04,P0015,18,0,14,4,0
2024-11-04,P0016,0,0,8,0,0
2024-11-04,P0017,1,0,8,0,0
2024-11-04,P0018,0,0,3,0,0
2024-11-04,P0019,430,22,0,452,0
2024-11-04,P0020,273,0,0,273,0
2024-11-04,P0021,0,0,7,0,0
2024-11-04,P0022,5,0,1,4,0
2024-11-04,P0023,330,0,0,330,0
2024-11-04,P0024,291,0,0,291,0
2024-11-04,P0025,0,0,3,0,0
2024-11-04,P0026,377,0,0,377,0
2024-11-04,P0027,384,0,0,384,0
2024-11-04,P0028,3,0,1,2,0
2024-11-04,P0029,2,0,1,1,0
2024-11-04,P0030,0,0,2,0,0
2024-11-04,P0031,385,21,0,406,0
2024-11-04,P0032,0,0,7,0,0
2024-11-04,P0033,119,0,0,119,0
2024-11-04,P0034,184,15,1,198,0
2024-11-04,P0035,0,0,5,0,0
2024-11-04,P0036,38,0,3,35,0
2024-11-04,P0037,25,0,8,17,0
2024-11-04,P0038,0,0,8,0,0
2024-11-04,P0039,11,0,2,9,0
2024-11-04,P0040,190,0,0,190,0
2024-11-04,P0041,100,0,0,100,0
2024-11-04,P0042,117,0,1,116,0
2024-11-04,P0043,339,0,0,339,0
2024-11-04,P0044,72,0,26,46,0
2024-11-04,P0045,99,0,4,95,0
2024-11-04,P0046,18,0,14,4,0
2024-11-04,P0047,0,0,2,0,0
2024-11-04,P0048,68,36,15,89,0
2024-11-04,P0049,46,0,1,45,0
2024-11-04,P0050,117,0,3,114,0
2024-11-04,P0051,37,0,0,37,0
2024-11-04,P0052,302,0,0,302,0
2024-11-04,P0053,52,0,5,47,0
2024-11-04,P0054,242,0,5,237,0
2024-11-04,P0055,400,0,2,398,0
2024-11-04,P0056,0,0,1,0,0
2024-11-04,P0057,353,15,3,365,0
2024-11-04,P0058,51,0,12,39,0
2024-11-04,P0059,3,0,18,0,0
2024-11-04,P0060,57,0,7,50,0
2024-11-04,P0061,18,0,0,18,0
2024-11-04,P0062,287,0,0,287,0
2024-11-04,P0063,31,0,7,24,0
2024-11-04,P0064,106,0,1,105,0
2024-11-04,P0065,0,108,23,85,0
2024-11-04,P0066,0,0,33,0,0
2024-11-04,P0067,0,0,7,0,0
2024-11-04,P0068,238,0,0,238,0
2024-11-04,P0069,167,0,1,166,0
2024-11-04,P0070,0,0,14,0,0
2024-11-04,P0071,175,0,0,175,0
2024-11-04,P0072,309,0,0,309,0
2024-11-04,P0073,0,0,2,0,0
2024-11-04,P0074,0,0,10,0,0
2024-11-04,P0075,0,32,3,29,0
2024-11-04,P0076,0,0,5,0,0
2024-11-04,P0077,387,19,0,406,0
2024-11-04,P0078,4,0,1,3,0
2024-11-04,P0079,0,0,41,0,0
2024-11-04,P0080,364,0,0,364,0
2024-11-05,P0001,0,0,9,0,0
2024-11-05,P0002,353,0,0,353,0
2024-11-05,P0003,24,0,8,16,0
2024-11-05,P0004,0,0,18,0,0
2024-11-05,P0005,52,0,1,51,0
2024-11-05,P0006,79,0,9,70,0
2024-11-05,P0007,292,0,0,292,0
2024-11-05,P0008,213,0,1,212,0
2024-11-05,P0009,0,0,20,0,0
2024-11-05,P0010,22,0,13,9,0
2024-11-05,P0011,5,23,0,28,0
2024-11-05,P0012,218,0,0,218,0
2024-11-05,P0013,125,0,0,125,0
2024-11-05,P0014,0,0,6,0,0
2024-11-05,P0015,4,0,14,0,0
2024-11-05,P0016,0,0,6,0,0
2024-11-05,P0017,0,0,4,0,0
2024-11-05,P0018,0,0,1,0,0
2024-11-05,P0019,452,0,0,452,0
2024-11-05,P0020,273,0,0,273,0
2024-11-05,P0021,0,0,14,0,0
2024-11-05,P0022,4,0,6,0,0
2024-11-05,P0023,330,0,0,330,0
2024-11-05,P0024,291,0,5,286,0
2024-11-05,P0025,0,0,5,0,0
2024-11-05,P0026,377,0,0,377,0
2024-11-05,P0027,384,11,0,395,0
2024-11-05,P0028,2,0,0,2,0
2024-11-05,P0029,1,0,5,0,0
2024-11-05,P0030,0,0,2,0,0
2024-11-05,P0031,406,0,0,406,0
2024-11-05,P0032,0,0,2,0,0
2024-11-05,P0033,119,0,0,119,0
2024-11-05,P0034,198,0,4,194,0
2024-11-05,P0035,0,0,1,0,0
2024-11-05,P0036,35,0,0,35,0
2024-11-05,P0037,17,0,6,11,0
2024-11-05,P0038,0,0,1,0,0
2024-11-05,P0039,9,0,4,5,0
2024-11-05,P0040,190,0,0,190,0
2024-11-05,P0041,100,0,0,100,0
2024-11-05,P0042,116,0,0,116,0
2024-11-05,P0043,339,0,2,337,0
2024-11-05,P0044,46,0,18,28,0
2024-11-05,P0045,95,0,10,85,0
2024-11-05,P0046,4,0,21,0,0
2024-11-05,P0047,0,0,1,0,0
2024-11-05,P0048,89,36,6,119,0
2024-11-05,P0049,45,0,1,44,0
2024-11-05,P0050,114,25,0,139,0
2024-11-05,P0051,37,0,9,28,0
2024-11-05,P0052,302,17,0,319,0
2024-11-05,P0053,47,0,7,40,0
2024-11-05,P0054,237,0,1,236,0
2024-11-05,P0055,398,0,0,398,0
2024-11-05,P0056,0,0,2,0,0
2024-11-05,P0057,365,0,1,364,0
2024-11-05,P0058,39,0,18,21,0
2024-11-05,P0059,0,0,8,0,0
2024-11-05,P0060,50,0,9,41,0
2024-11-05,P0061,18,0,1,17,0
2024-11-05,P0062,287,0,0,287,0
2024-11-05,P0063,24,0,18,4,2
2024-11-05,P0064,105,16,1,120,0
2024-11-05,P0065,85,0,7,78,0
2024-11-05,P0066,0,0,23,0,0
2024-11-05,P0067,0,0,8,0,0
2024-11-05,P0068,238,0,3,235,0
2024-11-05,P0069,166,0,0,166,0
2024-11-05,P0070,0,0,1,0,2
2024-11-05,P0071,175,0,1,174,0
2024-11-05,P0072,309,0,1,308,0
2024-11-05,P0073,0,0,1,0,0
2024-11-05,P0074,0,0,12,0,0
2024-11-05,P0075,29,0,6,20,3
2024-11-05,P0076,0,0,2,0,0
2024-11-05,P0077,406,0,0,406,0
2024-11-05,P0078,3,0,0,3,0
2024-11-05,P0079,0,0,26,0,0
2024-11-05,P0080,364,0,0,364,0
2024-11-06,P0001,0,44,7,37,0
2024-11-06,P0002,353,12,0,365,0
2024-11-06,P0003,16,0,3,13,0
2024-11-06,P0004,0,0,3,0,0
2024-11-06,P0005,51,18,5,64,0
2024-11-06,P0006,70,13,1,82,0
2024-11-06,P0007,292,0,0,292,0
2024-11-06,P0008,212,0,0,212,0
2024-11-06,P0009,0,0,6,0,0
2024-11-06,P0010,9,0,12,0,0
2024-11-06,P0011,28,0,0,28,0
2024-11-06,P0012,218,0,4,214,0
2024-11-06,P0013,125,0,1,124,0
2024-11-06,P0014,0,0,3,0,0
2024-11-06,P0015,0,0,6,0,0
2024-11-06,P0016,0,0,1,0,0
2024-11-06,P0017,0,35,13,22,0
2024-11-06,P0018,0,0,4,0,0
2024-11-06,P0019,452,0,0,452,0
2024-11-06,P0020,273,0,0,273,0
2024-11-06,P0021,0,0,3,0,0
2024-11-06,P0022,0,0,1,0,0
2024-11-06,P0023,330,0,0,330,0
2024-11-06,P0024,286,0,0,286,0
2024-11-06,P0025,0,0,0,0,0
2024-11-06,P0026,377,0,0,377,0
2024-11-06,P0027,395,0,3,392,0
2024-11-06,P0028,2,0,0,2,0
2024-11-06,P0029,0,0,5,0,0
2024-11-06,P0030,0,0,2,0,0
2024-11-06,P0031,406,0,0,406,0
2024-11-06,P0032,0,0,2,0,0
2024-11-06,P0033,119,21,4,136,0
2024-11-06,P0034,194,0,1,193,0
2024-11-06,P0035,0,0,5,0,0
2024-11-06,P0036,35,0,8,27,0
2024-11-06,P0037,11,0,9,2,0
2024-11-06,P0038,0,0,1,0,0
2024-11-06,P0039,5,0,8,0,0
2024-11-06,P0040,190,0,0,190,0
2024-11-06,P0041,100,0,1,99,0
2024-11-06,P0042,116,0,0,116,0
2024-11-06,P0043,337,0,0,337,0
2024-11-06,P0044,28,0,39,0,0
2024-11-06,P0045,85,0,0,85,0
2024-11-06,P0046,0,0,4,0,0
2024-11-06,P0047,0,0,4,0,0
2024-11-06,P0048,119,0,8,111,0
2024-11-06,P0049,44,13,3,54,0
2024-11-06,P0050,139,0,0,137,2
2024-11-06,P0051,28,0,4,24,0
2024-11-06,P0052,319,0,2,317,0
2024-11-06,P0053,40,0,6,34,0
2024-11-06,P0054,236,0,0,236,0
2024-11-06,P0055,398,0,1,397,0
2024-11-06,P0056,0,0,4,0,0
2024-11-06,P0057,364,0,0,364,0
2024-11-06,P0058,21,0,12,9,0
2024-11-06,P0059,0,0,13,0,0
2024-11-06,P0060,41,0,19,22,0
2024-11-06,P0061,17,0,0,17,0
2024-11-06,P0062,287,0,0,287,0
2024-11-06,P0063,4,0,0,4,0
2024-11-06,P0064,120,0,0,120,0
2024-11-06,P0065,78,0,16,62,0
2024-11-06,P0066,0,0,8,0,0
2024-11-06,P0067,0,0,7,0,0
2024-11-06,P0068,235,0,2,233,0
2024-11-06,P0069,166,0,0,166,0
2024-11-06,P0070,0,0,4,0,0
2024-11-06,P0071,174,0,3,171,0
2024-11-06,P0072,308,0,0,308,0
2024-11-06,P0073,0,0,5,0,0
2024-11-06,P0074,0,0,5,0,0
2024-11-06,P0075,20,0,9,11,0
2024-11-06,P0076,0,0,2,0,1
2024-11-06,P0077,406,0,0,406,0
2024-11-06,P0078,3,0,3,0,0
2024-11-06,P0079,0,0,50,0,0
2024-11-06,P0080,364,0,0,364,0
2024-11-07,P0001,37,0,7,30,0
2024-11-07,P0002,365,0,6,359,0
2024-11-07,P0003,13,0,4,7,2
2024-11-07,P0004,0,0,5,0,0
2024-11-07,P0005,64,21,5,80,0
2024-11-07,P0006,82,0,3,79,0
2024-11-07,P0007,292,0,0,292,0
2024-11-07,P0008,212,0,0,212,0
2024-11-07,P0009,0,0,3,0,0
2024-11-07,P0010,0,0,8,0,0
2024-11-07,P0011,28,0,8,20,0
2024-11-07,P0012,214,18,4,228,0
2024-11-07,P0013,124,0,0,124,0
2024-11-07,P0014,0,0,2,0,0
2024-11-07,P0015,0,0,14,0,0
2024-11-07,P0016,0,0,5,0,0
2024-11-07,P0017,22,0,9,13,0
2024-11-07,P0018,0,0,12,0,0
2024-11-07,P0019,452,0,0,452,0
2024-11-07,P0020,273,0,1,272,0
2024-11-07,P0021,0,0,11,0,0
2024-11-07,P0022,0,0,0,0,0
2024-11-07,P0023,330,0,0,330,0
2024-11-07,P0024,286,0,0,286,0
2024-11-07,P0025,0,0,6,0,0
2024-11-07,P0026,377,16,0,393,0
2024-11-07,P0027,392,0,0,392,0
2024-11-07,P0028,2,0,0,2,0
2024-11-07,P0029,0,0,2,0,0
2024-11-07,P0030,0,0,7,0,0
2024-11-07,P0031,406,0,0,406,0
2024-11-07,P0032,0,0,3,0,0
2024-11-07,P0033,136,0,0,136,0
2024-11-07,P0034,193,0,0,193,0
2024-11-07,P0035,0,0,8,0,0
2024-11-07,P0036,27,0,1,26,0
2024-11-07,P0037,2,0,3,0,0
2024-11-07,P0038,0,0,11,0,0
2024-11-07,P0039,0,0,0,0,0
2024-11-07,P0040,190,0,3,187,0
2024-11-07,P0041,99,0,3,96,0
2024-11-07,P0042,116,0,2,114,0
2024-11-07,P0043,337,0,0,337,0
2024-11-07,P0044,0,0,31,0,0
2024-11-07,P0045,85,0,1,84,0
2024-11-07,P0046,0,0,18,0,0
2024-11-07,P0047,0,0,5,0,0
2024-11-07,P0048,111,0,10,101,0
2024-11-07,P0049,54,0,4,50,0
2024-11-07,P0050,137,0,2,135,0
2024-11-07,P0051,24,0,0,24,0
2024-11-07,P0052,317,0,4,313,0
2024-11-07,P0053,34,0,1,33,0
2024-11-07,P0054,236,0,4,232,0
2024-11-07,P0055,397,0,0,397,0
2024-11-07,P0056,0,0,2,0,0
2024-11-07,P0057,364,0,0,364,0
2024-11-07,P0058,9,0,16,0,0
2024-11-07,P0059,0,0,14,0,0
2024-11-07,P0060,22,0,6,16,0
2024-11-07,P0061,17,0,0,17,0
2024-11-07,P0062,287,0,0,287,0
2024-11-07,P0063,4,0,7,0,0
2024-11-07,P0064,120,0,0,120,0
2024-11-07,P0065,62,0,29,33,0
2024-11-07,P0066,0,0,9,0,0
2024-11-07,P0067,0,0,7,0,0
2024-11-07,P0068,233,0,0,233,0
2024-11-07,P0069,166,0,0,166,0
2024-11-07,P0070,0,0,7,0,0
2024-11-07,P0071,171,0,2,169,0
2024-11-07,P0072,308,22,0,330,0
2024-11-07,P0073,0,0,1,0,0
2024-11-07,P0074,0,0,21,0,0
2024-11-07,P0075,11,0,10,1,0
2024-11-07,P0076,0,19,1,18,0
2024-11-07,P0077,406,0,0,406,0
2024-11-07,P0078,0,0,5,0,0
2024-11-07,P0079,0,0,47,0,0
2024-11-07,P0080,364,0,3,361,0
2024-11-08,P0001,30,0,4,26,0
2024-11-08,P0002,359,15,2,372,0
2024-11-08,P0003,7,0,6,1,0
2024-11-08,P0004,0,0,21,0,0
2024-11-08,P0005,80,0,0,80,0
2024-11-08,P0006,79,14,1,92,0
2024-11-08,P0007,292,0,0,292,0
2024-11-08,P0008,212,0,0,212,0
2024-11-08,P0009,0,0,8,0,0
2024-11-08,P0010,0,0,7,0,0
2024-11-08,P0011,20,0,0,20,0
2024-11-08,P0012,228,0,4,224,0
2024-11-08,P0013,124,0,0,124,0
2024-11-08,P0014,0,0,1,0,0
2024-11-08,P0015,0,0,6,0,0
2024-11-08,P0016,0,0,1,0,0
2024-11-08,P0017,13,0,5,5,3
2024-11-08,P0018,0,0,6,0,1
2024-11-08,P0019,452,12,3,461,0
2024-11-08,P0020,272,0,1,271,0
2024-11-08,P0021,0,0,3,0,0
2024-11-08,P0022,0,0,5,0,0
2024-11-08,P0023,330,0,0,330,0
2024-11-08,P0024,286,14,0,300,0
2024-11-08,P0025,0,0,5,0,0
2024-11-08,P0026,393,0,1,392,0
2024-11-08,P0027,392,0,1,391,0
2024-11-08,P0028,2,0,2,0,0
2024-11-08,P0029,0,0,2,0,0
2024-11-08,P0030,0,0,6,0,0
2024-11-08,P0031,406,0,0,406,0
2024-11-08,P0032,0,0,5,0,0
2024-11-08,P0033,136,0,0,136,0
2024-11-08,P0034,193,0,0,193,0
2024-11-08,P0035,0,0,8,0,0
2024-11-08,P0036,26,0,0,26,0
2024-11-08,P0037,0,37,9,28,0
2024-11-08,P0038,0,0,1,0,0
2024-11-08,P0039,0,0,0,0,0
2024-11-08,P0040,187,0,2,185,0
2024-11-08,P0041,96,0,0,96,0
2024-11-08,P0042,114,0,0,114,0
2024-11-08,P0043,337,0,4,333,0
2024-11-08,P0044,0,0,22,0,0
2024-11-08,P0045,84,0,0,84,0
2024-11-08,P0046,0,0,4,0,0
2024-11-08,P0047,0,0,7,0,0
2024-11-08,P0048,101,0,2,99,0
2024-11-08,P0049,50,0,7,43,0
2024-11-08,P0050,135,0,7,128,0
2024-11-08,P0051,24,23,0,44,3
2024-11-08,P0052,313,0,0,313,0
2024-11-08,P0053,33,0,1,32,0
2024-11-08,P0054,232,0,0,232,0
2024-11-08,P0055,397,19,0,416,0
2024-11-08,P0056,0,0,8,0,0
2024-11-08,P0057,364,19,4,379,0
2024-11-08,P0058,0,0,11,0,0
2024-11-08,P0059,0,0,22,0,0
2024-11-08,P0060,16,0,14,2,0
2024-11-08,P0061,17,0,2,15,0
2024-11-08,P0062,287,0,0,287,0
2024-11-08,P0063,0,0,25,0,0
2024-11-08,P0064,120,0,2,118,0
2024-11-08,P0065,33,0,20,13,0
2024-11-08,P0066,0,0,15,0,0
2024-11-08,P0067,0,0,4,0,0
2024-11-08,P0068,233,0,5,228,0
2024-11-08,P0069,166,0,0,166,0
2024-11-08,P0070,0,0,5,0,0
2024-11-08,P0071,169,0,0,169,0
2024-11-08,P0072,330,0,0,330,0
2024-11-08,P0073,0,0,1,0,0
2024-11-08,P0074,0,0,11,0,0
2024-11-08,P0075,1,0,2,0,0
2024-11-08,P0076,18,0,14,4,0
2024-11-08,P0077,406,0,3,403,0
2024-11-08,P0078,0,0,1,0,0
2024-11-08,P0079,0,235,45,190,0
2024-11-08,P0080,361,0,0,361,0
2024-11-09,P0001,26,0,15,11,0
2024-11-09,P0002,372,0,0,372,0
2024-11-09,P0003,1,0,2,0,0
2024-11-09,P0004,0,0,3,0,0
2024-11-09,P0005,80,0,0,80,0
2024-11-09,P0006,92,0,4,88,0
2024-11-09,P0007,292,0,0,292,0
2024-11-09,P0008,212,0,0,212,0
2024-11-09,P0009,0,36,6,30,0
2024-11-09,P0010,0,0,6,0,0
2024-11-09,P0011,20,0,0,20,0
2024-11-09,P0012,224,0,0,224,0
2024-11-09,P0013,124,0,1,123,0
2024-11-09,P0014,0,0,9,0,2
2024-11-09,P0015,0,0,18,0,0
2024-11-09,P0016,0,0,8,0,0
2024-11-09,P0017,5,0,3,2,0
2024-11-09,P0018,0,17,5,12,0
2024-11-09,P0019,461,0,0,461,0
2024-11-09,P0020,271,0,0,271,0
2024-11-09,P0021,0,0,15,0,0
2024-11-09,P0022,0,0,2,0,0
2024-11-09,P0023,330,0,0,330,0
2024-11-09,P0024,300,0,5,295,0
2024-11-09,P0025,0,0,0,0,3
2024-11-09,P0026,392,0,0,392,0
2024-11-09,P0027,391,0,5,386,0
2024-11-09,P0028,0,0,1,0,0
2024-11-09,P0029,0,0,6,0,0
2024-11-09,P0030,0,0,0,0,0
2024-11-09,P0031,406,16,0,422,0
2024-11-09,P0032,0,0,4,0,0
2024-11-09,P0033,136,20,0,156,0
2024-11-09,P0034,193,0,1,189,3
2024-11-09,P0035,0,0,8,0,0
2024-11-09,P0036,26,0,2,24,0
2024-11-09,P0037,28,0,7,21,0
2024-11-09,P0038,0,0,11,0,0
2024-11-09,P0039,0,0,3,0,0
2024-11-09,P0040,185,0,0,185,0
2024-11-09,P0041,96,0,0,96,0
2024-11-09,P0042,114,0,0,114,0
2024-11-09,P0043,333,0,0,333,0
2024-11-09,P0044,0,0,29,0,0
2024-11-09,P0045,84,0,0,84,0
2024-11-09,P0046,0,0,5,0,0
2024-11-09,P0047,0,0,7,0,0
2024-11-09,P0048,99,30,4,125,0
2024-11-09,P0049,43,0,3,40,0
2024-11-09,P0050,128,0,6,122,0
2024-11-09,P0051,44,15,1,58,0
2024-11-09,P0052,313,0,0,313,0
2024-11-09,P0053,32,17,5,44,0
2024-11-09,P0054,232,0,0,232,0
2024-11-09,P0055,416,0,2,414,0
2024-11-09,P0056,0,0,3,0,0
2024-11-09,P0057,379,20,2,397,0
2024-11-09,P0058,0,0,20,0,0
2024-11-09,P0059,0,0,37,0,0
2024-11-09,P0060,2,34,13,23,0
2024-11-09,P0061,15,0,0,15,0
2024-11-09,P0062,287,0,0,287,0
2024-11-09,P0063,0,0,34,0,0
2024-11-09,P0064,118,0,2,116,0
2024-11-09,P0065,13,0,26,0,0
2024-11-09,P0066,0,0,24,0,0
2024-11-09,P0067,0,41,23,18,0
2024-11-09,P0068,228,19,2,245,0
2024-11-09,P0069,166,0,6,160,0
2024-11-09,P0070,0,0,7,0,0
2024-11-09,P0071,169,0,3,166,0
2024-11-09,P0072,330,0,4,326,0
2024-11-09,P0073,0,0,5,0,0
2024-11-09,P0074,0,0,10,0,0
2024-11-09,P0075,0,26,0,26,0
2024-11-09,P0076,4,0,7,0,0
2024-11-09,P0077,403,11,2,412,0
2024-11-09,P0078,0,0,2,0,0
2024-11-09,P0079,190,0,66,124,0
2024-11-09,P0080,361,0,0,361,0
2024-11-10,P0001,11,0,4,7,0
2024-11-10,P0002,372,0,1,371,0
2024-11-10,P0003,0,22,5,17,0
2024-11-10,P0004,0,0,10,0,0
2024-11-10,P0005,80,0,5,75,0
2024-11-10,P0006,88,0,2,86,0
2024-11-10,P0007,292,10,0,302,0
2024-11-10,P0008,212,0,1,211,0
2024-11-10,P0009,30,0,7,23,0
2024-11-10,P0010,0,0,10,0,0
2024-11-10,P0011,20,0,7,13,0
2024-11-10,P0012,224,0,2,222,0
2024-11-10,P0013,123,0,3,120,0
2024-11-10,P0014,0,0,9,0,0
2024-11-10,P0015,0,0,10,0,2
2024-11-10,P0016,0,0,14,0,0
2024-11-10,P0017,2,0,3,0,0
2024-11-10,P0018,12,0,2,10,0
2024-11-10,P0019,461,0,0,461,0
2024-11-10,P0020,271,0,1,270,0
2024-11-10,P0021,0,0,13,0,0
2024-11-10,P0022,0,0,0,0,0
2024-11-10,P0023,330,0,0,330,0
2024-11-10,P0024,295,0,3,292,0
2024-11-10,P0025,0,0,3,0,0
2024-11-10,P0026,392,0,0,392,0
2024-11-10,P0027,386,0,0,386,0
2024-11-10,P0028,0,0,7,0,0
2024-11-10,P0029,0,0,9,0,0
2024-11-10,P0030,0,0,1,0,0
2024-11-10,P0031,422,0,0,422,0
2024-11-10,P0032,0,0,5,0,0
2024-11-10,P0033,156,0,0,156,0
2024-11-10,P0034,189,0,0,189,0
2024-11-10,P0035,0,22,5,17,0
2024-11-10,P0036,24,0,2,22,0
2024-11-10,P0037,21,0,3,18,0
2024-11-10,P0038,0,0,0,0,0
2024-11-10,P0039,0,0,0,0,0
2024-11-10,P0040,185,0,0,185,0
2024-11-10,P0041,96,0,1,95,0
2024-11-10,P0042,114,0,0,114,0
2024-11-10,P0043,333,17,0,350,0
2024-11-10,P0044,0,106,21,85,0
2024-11-10,P0045,84,0,5,79,0
2024-11-10,P0046,0,34,10,24,0
2024-11-10,P0047,0,0,8,0,0
2024-11-10,P0048,125,0,1,124,0
2024-11-10,P0049,40,0,1,39,0
2024-11-10,P0050,122,0,1,121,0
2024-11-10,P0051,58,0,10,48,0
2024-11-10,P0052,313,0,3,310,0
2024-11-10,P0053,44,0,9,35,0
2024-11-10,P0054,232,0,1,231,0
2024-11-10,P0055,414,0,0,414,0
2024-11-10,P0056,0,0,2,0,0
2024-11-10,P0057,397,0,0,397,0
2024-11-10,P0058,0,0,26,0,0
2024-11-10,P0059,0,0,23,0,0
2024-11-10,P0060,23,39,9,53,0
2024-11-10,P0061,15,0,1,14,0
2024-11-10,P0062,287,0,0,287,0
2024-11-10,P0063,0,49,20,29,0
2024-11-10,P0064,116,0,3,113,0
2024-11-10,P0065,0,0,37,0,0
2024-11-10,P0066,0,0,27,0,0
2024-11-10,P0067,18,0,5,13,0
2024-11-10,P0068,245,0,0,245,0
2024-11-10,P0069,160,0,0,160,0
2024-11-10,P0070,0,0,10,0,0
2024-11-10,P0071,166,0,0,166,0
2024-11-10,P0072,326,0,0,326,0
2024-11-10,P0073,0,0,4,0,0
2024-11-10,P0074,0,0,26,0,0
2024-11-10,P0075,26,0,5,21,0
2024-11-10,P0076,0,0,3,0,0
2024-11-10,P0077,412,0,0,412,0
2024-11-10,P0078,0,0,3,0,0
2024-11-10,P0079,124,0,63,59,2
2024-11-10,P0080,361,0,0,361,0
2024-11-11,P0001,7,0,3,4,0
2024-11-11,P0002,371,0,2,369,0
2024-11-11,P0003,17,0,1,16,0
2024-11-11,P0004,0,0,2,0,0
2024-11-11,P0005,75,0,0,75,0
2024-11-11,P0006,86,0,3,83,0
2024-11-11,P0007,302,0,2,300,0
2024-11-11,P0008,211,0,0,211,0
2024-11-11,P0009,23,0,3,20,0
2024-11-11,P0010,0,0,8,0,0
2024-11-11,P0011,13,0,4,9,0
2024-11-11,P0012,222,0,5,217,0
2024-11-11,P0013,120,0,2,118,0
2024-11-11,P0014,0,0,3,0,1
2024-11-11,P0015,0,0,16,0,0
2024-11-11,P0016,0,0,20,0,0
2024-11-11,P0017,0,0,4,0,0
2024-11-11,P0018,10,13,0,23,0
2024-11-11,P0019,461,0,0,461,0
2024-11-11,P0020,270,0,0,270,0
2024-11-11,P0021,0,0,3,0,0
2024-11-11,P0022,0,0,2,0,0
2024-11-11,P0023,330,0,0,330,0
2024-11-11,P0024,292,0,0,292,0
2024-11-11,P0025,0,0,8,0,0
2024-11-11,P0026,392,17,3,406,0
2024-11-11,P0027,386,0,0,386,0
2024-11-11,P0028,0,0,3,0,0
2024-11-11,P0029,0,0,3,0,0
2024-11-11,P0030,0,15,1,14,0
2024-11-11,P0031,422,0,2,420,0
2024-11-11,P0032,0,0,1,0,0
2024-11-11,P0033,156,0,0,156,0
2024-11-11,P0034,189,0,0,189,0
2024-11-11,P0035,17,0,3,14,0
2024-11-11,P0036,22,0,6,14,2
2024-11-11,P0037,18,0,3,15,0
2024-11-11,P0038,0,0,5,0,0
2024-11-11,P0039,0,0,4,0,0
2024-11-11,P0040,185,12,0,197,0
2024-11-11,P0041,95,0,2,93,0
2024-11-11,P0042,114,0,0,114,0
2024-11-11,P0043,350,0,0,350,0
2024-11-11,P0044,85,0,27,58,0
2024-11-11,P0045,79,0,0,79,0
2024-11-11,P0046,24,0,10,14,0
2024-11-11,P0047,0,0,4,0,0
2024-11-11,P0048,124,0,12,112,0
2024-11-11,P0049,39,0,4,35,0
2024-11-11,P0050,121,17,3,135,0
2024-11-11,P0051,48,0,0,48,0
2024-11-11,P0052,310,0,2,308,0
2024-11-11,P0053,35,0,5,30,0
2024-11-11,P0054,231,0,0,231,0
2024-11-11,P0055,414,0,0,412,2
2024-11-11,P0056,0,0,0,0,0
2024-11-11,P0057,397,0,0,397,0
2024-11-11,P0058,0,0,23,0,0
2024-11-11,P0059,0,0,29,0,0
2024-11-11,P0060,53,0,20,33,0
2024-11-11,P0061,14,0,0,14,0
2024-11-11,P0062,287,0,0,287,0
2024-11-11,P0063,29,0,4,25,0
2024-11-11,P0064,113,20,0,133,0
2024-11-11,P0065,0,0,16,0,0
2024-11-11,P0066,0,0,19,0,1
2024-11-11,P0067,13,0,14,0,1
2024-11-11,P0068,245,0,4,241,0
2024-11-11,P0069,160,0,1,159,0
2024-11-11,P0070,0,0,8,0,0
2024-11-11,P0071,166,0,0,166,0
2024-11-11,P0072,326,0,0,326,0
2024-11-11,P0073,0,22,7,15,0
2024-11-11,P0074,0,0,20,0,0
2024-11-11,P0075,21,0,3,18,0
2024-11-11,P0076,0,0,0,0,0
2024-11-11,P0077,412,0,3,409,0
2024-11-11,P0078,0,0,9,0,0
2024-11-11,P0079,59,0,44,15,0
2024-11-11,P0080,361,0,0,361,0
2024-11-12,P0001,4,0,13,0,0
2024-11-12,P0002,369,0,0,369,0
2024-11-12,P0003,16,0,3,13,0
2024-11-12,P0004,0,0,3,0,0
2024-11-12,P0005,75,0,2,73,0
2024-11-12,P0006,83,0,1,82,0
2024-11-12,P0007,300,0,0,300,0
2024-11-12,P0008,211,0,0,211,0
2024-11-12,P0009,20,0,10,10,0
2024-11-12,P0010,0,0,7,0,0
2024-11-12,P0011,9,0,1,8,0
2024-11-12,P0012,217,0,1,216,0
2024-11-12,P0013,118,0,0,118,0
2024-11-12,P0014,0,0,5,0,0
2024-11-12,P0015,0,0,10,0,0
2024-11-12,P0016,0,0,13,0,0
2024-11-12,P0017,0,0,0,0,0
2024-11-12,P0018,23,0,2,21,0
2024-11-12,P0019,461,0,0,461,0
2024-11-12,P0020,270,0,0,270,0
2024-11-12,P0021,0,0,10,0,0
2024-11-12,P0022,0,0,0,0,0
2024-11-12,P0023,330,0,0,330,0
2024-11-12,P0024,292,0,0,292,0
2024-11-12,P0025,0,0,5,0,0
2024-11-12,P0026,406,0,0,406,0
2024-11-12,P0027,386,20,3,403,0
2024-11-12,P0028,0,0,0,0,0
2024-11-12,P0029,0,0,0,0,0
2024-11-12,P0030,14,13,0,27,0
2024-11-12,P0031,420,0,3,417,0
2024-11-12,P0032,0,0,11,0,0
2024-11-12,P0033,156,0,0,156,0
2024-11-12,P0034,189,0,0,189,0
2024-11-12,P0035,14,0,6,8,0
2024-11-12,P0036,14,0,4,10,0
2024-11-12,P0037,15,0,5,10,0
2024-11-12,P0038,0,0,3,0,0
2024-11-12,P0039,0,0,8,0,0
2024-11-12,P0040,197,0,1,196,0
2024-11-12,P0041,93,0,3,90,0
2024-11-12,P0042,114,0,1,113,0
2024-11-12,P0043,350,0,0,350,0
2024-11-12,P0044,58,0,26,32,0
2024-11-12,P0045,79,0,2,75,2
2024-11-12,P0046,14,0,7,7,0
2024-11-12,P0047,0,0,9,0,0
2024-11-12,P0048,112,0,13,99,0
2024-11-12,P0049,35,0,1,34,0
2024-11-12,P0050,135,0,4,131,0
2024-11-12,P0051,48,0,2,46,0
2024-11-12,P0052,308,0,0,308,0
2024-11-12,P0053,30,0,0,30,0
2024-11-12,P0054,231,0,2,229,0
2024-11-12,P0055,412,0,0,412,0
2024-11-12,P0056,0,0,7,0,0
2024-11-12,P0057,397,0,0,397,0
2024-11-12,P0058,0,0,32,0,0
2024-11-12,P0059,0,0,17,0,0
2024-11-12,P0060,33,0,15,18,0
2024-11-12,P0061,14,0,0,14,0
2024-11-12,P0062,287,0,0,287,0
2024-11-12,P0063,25,0,22,3,0
2024-11-12,P0064,133,0,4,129,0
2024-11-12,P0065,0,0,34,0,0
2024-11-12,P0066,0,0,8,0,0
2024-11-12,P0067,0,0,5,0,0
2024-11-12,P0068,241,11,0,252,0
2024-11-12,P0069,159,22,4,177,0
2024-11-12,P0070,0,0,5,0,0
2024-11-12,P0071,166,0,0,166,0
2024-11-12,P0072,326,0,7,319,0
2024-11-12,P0073,15,0,4,11,0
2024-11-12,P0074,0,0,13,0,0
2024-11-12,P0075,18,0,5,13,0
2024-11-12,P0076,0,0,4,0,0
2024-11-12,P0077,409,0,2,407,0
2024-11-12,P0078,0,0,0,0,0
2024-11-12,P0079,15,0,53,0,0
2024-11-12,P0080,361,0,0,361,0
2024-11-13,P0001,0,0,18,0,0
2024-11-13,P0002,369,0,0,369,0
2024-11-13,P0003,13,0,4,9,0
2024-11-13,P0004,0,0,13,0,0
2024-11-13,P0005,73,0,5,68,0
2024-11-13,P0006,82,0,0,82,0
2024-11-13,P0007,300,0,0,300,0
2024-11-13,P0008,211,0,0,211,0
2024-11-13,P0009,10,0,5,5,0
2024-11-13,P0010,0,49,18,31,0
2024-11-13,P0011,8,26,4,30,0
2024-11-13,P0012,216,20,0,236,0
2024-11-13,P0013,118,0,0,118,0
2024-11-13,P0014,0,18,11,7,0
2024-11-13,P0015,0,0,17,0,0
2024-11-13,P0016,0,0,2,0,0
2024-11-13,P0017,0,0,7,0,0
2024-11-13,P0018,21,0,0,21,0
2024-11-13,P0019,461,15,0,476,0
2024-11-13,P0020,270,0,2,268,0
2024-11-13,P0021,0,0,2,0,0
2024-11-13,P0022,0,21,4,17,0
2024-11-13,P0023,330,0,0,330,0
2024-11-13,P0024,292,0,0,292,0
2024-11-13,P0025,0,0,6,0,0
2024-11-13,P0026,406,0,0,406,0
2024-11-13,P0027,403,0,0,403,0
2024-11-13,P0028,0,21,2,19,0
2024-11-13,P0029,0,22,3,19,0
2024-11-13,P0030,27,0,4,23,0
2024-11-13,P0031,417,0,0,417,0
2024-11-13,P0032,0,0,11,0,0
2024-11-13,P0033,156,0,0,156,0
2024-11-13,P0034,189,0,1,188,0
2024-11-13,P0035,8,0,0,8,0
2024-11-13,P0036,10,0,5,5,0
2024-11-13,P0037,10,0,5,5,0
2024-11-13,P0038,0,0,5,0,0
2024-11-13,P0039,0,0,3,0,0
2024-11-13,P0040,196,13,0,209,0
2024-11-13,P0041,90,0,4,86,0
2024-11-13,P0042,113,0,0,113,0
2024-11-13,P0043,350,0,0,350,0
2024-11-13,P0044,32,0,26,6,0
2024-11-13,P0045,75,0,3,72,0
2024-11-13,P0046,7,0,9,0,0
2024-11-13,P0047,0,0,5,0,0
2024-11-13,P0048,99,0,4,95,0
2024-11-13,P0049,34,0,4,30,0
2024-11-13,P0050,131,0,5,126,0
2024-11-13,P0051,46,0,8,38,0
2024-11-13,P0052,308,0,0,308,0
2024-11-13,P0053,30,0,1,29,0
2024-11-13,P0054,229,0,5,224,0
2024-11-13,P0055,412,0,0,412,0
2024-11-13,P0056,0,0,7,0,0
2024-11-13,P0057,397,0,0,397,0
2024-11-13,P0058,0,0,24,0,0
2024-11-13,P0059,0,0,17,0,0
2024-11-13,P0060,18,41,15,44,0
2024-11-13,P0061,14,0,3,10,1
2024-11-13,P0062,287,0,3,284,0
2024-11-13,P0063,3,0,14,0,0
2024-11-13,P0064,129,0,0,129,0
2024-11-13,P0065,0,0,23,0,0
2024-11-13,P0066,0,0,8,0,0
2024-11-13,P0067,0,0,4,0,0
2024-11-13,P0068,252,0,3,249,0
2024-11-13,P0069,177,0,4,173,0
2024-11-13,P0070,0,0,3,0,0
2024-11-13,P0071,166,0,0,166,0
2024-11-13,P0072,319,0,0,319,0
2024-11-13,P0073,11,0,3,8,0
2024-11-13,P0074,0,0,19,0,0
2024-11-13,P0075,13,30,6,37,0
2024-11-13,P0076,0,15,0,15,0
2024-11-13,P0077,407,20,0,427,0
2024-11-13,P0078,0,0,10,0,0
2024-11-13,P0079,0,0,28,0,0
2024-11-13,P0080,361,0,1,360,0
2024-11-14,P0001,0,0,6,0,0
2024-11-14,P0002,369,0,0,369,0
2024-11-14,P0003,9,0,2,7,0
2024-11-14,P0004,0,0,14,0,3
2024-11-14,P0005,68,0,4,64,0
2024-11-14,P0006,82,0,7,75,0
2024-11-14,P0007,300,0,0,300,0
2024-11-14,P0008,211,0,0,211,0
2024-11-14,P0009,5,0,1,4,0
2024-11-14,P0010,31,0,15,16,0
2024-11-14,P0011,30,0,7,23,0
2024-11-14,P0012,236,0,2,234,0
2024-11-14,P0013,118,0,0,118,0
2024-11-14,P0014,7,0,3,4,0
2024-11-14,P0015,0,0,13,0,0
2024-11-14,P0016,0,0,7,0,0
2024-11-14,P0017,0,0,1,0,0
2024-11-14,P0018,21,0,3,18,0
2024-11-14,P0019,476,0,4,472,0
2024-11-14,P0020,268,0,0,268,0
2024-11-14,P0021,0,0,9,0,0
2024-11-14,P0022,17,0,7,10,0
2024-11-14,P0023,330,0,0,330,0
2024-11-14,P0024,292,0,0,292,0
2024-11-14,P0025,0,0,3,0,0
2024-11-14,P0026,406,0,0,403,3
2024-11-14,P0027,403,0,1,402,0
2024-11-14,P0028,19,0,0,19,0
2024-11-14,P0029,19,0,1,18,0
2024-11-14,P0030,23,0,6,17,0
2024-11-14,P0031,417,0,0,417,0
2024-11-14,P0032,0,0,5,0,0
2024-11-14,P0033,156,0,0,156,0
2024-11-14,P0034,188,0,0,188,0
2024-11-14,P0035,8,0,3,5,0
2024-11-14,P0036,5,0,3,2,0
2024-11-14,P0037,5,0,7,0,0
2024-11-14,P0038,0,0,6,0,0
2024-11-14,P0039,0,0,12,0,0
2024-11-14,P0040,209,0,0,209,0
2024-11-14,P0041,86,19,3,102,0
2024-11-14,P0042,113,0,0,113,0
2024-11-14,P0043,350,0,0,350,0
2024-11-14,P0044,6,0,21,0,0
2024-11-14,P0045,72,0,0,72,0
2024-11-14,P0046,0,0,6,0,0
2024-11-14,P0047,0,0,1,0,0
2024-11-14,P0048,95,0,8,87,0
2024-11-14,P0049,30,0,0,30,0
2024-11-14,P0050,126,18,0,144,0
2024-11-14,P0051,38,0,2,36,0
2024-11-14,P0052,308,0,0,308,0
2024-11-14,P0053,29,0,1,28,0
2024-11-14,P0054,224,0,0,224,0
2024-11-14,P0055,412,17,0,429,0
2024-11-14,P0056,0,0,1,0,0
2024-11-14,P0057,397,0,0,397,0
2024-11-14,P0058,0,0,20,0,0
2024-11-14,P0059,0,0,26,0,0
2024-11-14,P0060,44,0,4,40,0
2024-11-14,P0061,10,15,0,25,0
2024-11-14,P0062,284,0,0,284,0
2024-11-14,P0063,0,0,18,0,0
2024-11-14,P0064,129,15,5,139,0
2024-11-14,P0065,0,0,19,0,2
2024-11-14,P0066,0,0,22,0,0
2024-11-14,P0067,0,0,3,0,0
2024-11-14,P0068,249,0,0,249,0
2024-11-14,P0069,173,0,0,173,0
2024-11-14,P0070,0,0,4,0,0
2024-11-14,P0071,166,0,0,166,0
2024-11-14,P0072,319,0,0,319,0
2024-11-14,P0073,8,0,1,7,0
2024-11-14,P0074,0,0,23,0,0
2024-11-14,P0075,37,0,6,31,0
2024-11-14,P0076,15,0,2,13,0
2024-11-14,P0077,427,0,1,426,0
2024-11-14,P0078,0,0,2,0,0
2024-11-14,P0079,0,0,48,0,0
2024-11-14,P0080,360,0,0,360,0
2024-11-15,P0001,0,43,13,30,0
2024-11-15,P0002,369,0,1,368,0
2024-11-15,P0003,7,0,1,6,0
2024-11-15,P0004,0,33,2,31,0
2024-11-15,P0005,64,0,1,63,0
2024-11-15,P0006,75,0,2,73,0
2024-11-15,P0007,300,11,0,311,0
2024-11-15,P0008,211,0,0,211,0
2024-11-15,P0009,4,0,11,0,0
2024-11-15,P0010,16,0,12,4,0
2024-11-15,P0011,23,0,0,23,0
2024-11-15,P0012,234,13,0,247,0
2024-11-15,P0013,118,0,1,117,0
2024-11-15,P0014,4,0,10,0,0
2024-11-15,P0015,0,0,14,0,0
2024-11-15,P0016,0,0,12,0,0
2024-11-15,P0017,0,0,2,0,0
2024-11-15,P0018,18,0,2,16,0
2024-11-15,P0019,472,0,3,469,0
2024-11-15,P0020,268,0,0,268,0
2024-11-15,P0021,0,0,2,0,0
2024-11-15,P0022,10,0,4,6,0
2024-11-15,P0023,330,0,0,330,0
2024-11-15,P0024,292,0,0,292,0
2024-11-15,P0025,0,0,5,0,0
2024-11-15,P0026,403,0,0,403,0
2024-11-15,P0027,402,0,0,402,0
2024-11-15,P0028,19,0,0,19,0
2024-11-15,P0029,18,0,3,15,0
2024-11-15,P0030,17,0,9,6,2
2024-11-15,P0031,417,16,0,433,0
2024-11-15,P0032,0,0,0,0,0
2024-11-15,P0033,156,16,2,170,0
2024-11-15,P0034,188,0,4,184,0
2024-11-15,P0035,5,0,0,5,0
2024-11-15,P0036,2,0,12,0,0
2024-11-15,P0037,0,0,9,0,0
2024-11-15,P0038,0,0,0,0,0
2024-11-15,P0039,0,0,0,0,0
2024-11-15,P0040,209,0,0,209,0
2024-11-15,P0041,102,0,0,100,2
2024-11-15,P0042,113,13,0,126,0
2024-11-15,P0043,350,0,0,350,0
2024-11-15,P0044,0,0,26,0,0
2024-11-15,P0045,72,0,0,72,0
2024-11-15,P0046,0,0,10,0,0
2024-11-15,P0047,0,0,0,0,0
2024-11-15,P0048,87,0,1,86,0
2024-11-15,P0049,30,0,1,29,0
2024-11-15,P0050,144,0,0,144,0
2024-11-15,P0051,36,0,3,33,0
2024-11-15,P0052,308,0,0,307,1
2024-11-15,P0053,28,0,3,25,0
2024-11-15,P0054,224,0,0,224,0
2024-11-15,P0055,429,0,0,429,0
2024-11-15,P0056,0,14,2,12,0
2024-11-15,P0057,397,0,1,396,0
2024-11-15,P0058,0,0,18,0,0
2024-11-15,P0059,0,0,27,0,0
2024-11-15,P0060,40,0,16,24,0
2024-11-15,P0061,25,22,3,44,0
2024-11-15,P0062,284,0,0,284,0
2024-11-15,P0063,0,0,13,0,0
2024-11-15,P0064,139,0,4,135,0
2024-11-15,P0065,0,0,14,0,0
2024-11-15,P0066,0,0,18,0,0
2024-11-15,P0067,0,0,4,0,0
2024-11-15,P0068,249,0,0,249,0
2024-11-15,P0069,173,0,6,167,0
2024-11-15,P0070,0,39,5,34,0
2024-11-15,P0071,166,0,0,166,0
2024-11-15,P0072,319,0,4,315,0
2024-11-15,P0073,7,0,0,7,0
2024-11-15,P0074,0,0,10,0,0
2024-11-15,P0075,31,0,3,28,0
2024-11-15,P0076,13,16,2,27,0
2024-11-15,P0077,426,0,0,426,0
2024-11-15,P0078,0,0,2,0,0
2024-11-15,P0079,0,0,40,0,0
2024-11-15,P0080,360,0,0,360,0
2024-11-16,P0001,30,0,11,19,0
2024-11-16,P0002,368,0,2,366,0
2024-11-16,P0003,6,0,3,3,0
2024-11-16,P0004,31,0,7,24,0
2024-11-16,P0005,63,0,5,58,0
2024-11-16,P0006,73,0,1,72,0
2024-11-16,P0007,311,0,1,310,0
2024-11-16,P0008,211,0,0,211,0
2024-11-16,P0009,0,0,18,0,0
2024-11-16,P0010,4,0,16,0,0
2024-11-16,P0011,23,0,5,18,0
2024-11-16,P0012,247,0,3,244,0
2024-11-16,P0013,117,0,0,117,0
2024-11-16,P0014,0,0,7,0,0
2024-11-16,P0015,0,56,20,36,0
2024-11-16,P0016,0,0,15,0,0
2024-11-16,P0017,0,0,15,0,0
2024-11-16,P0018,16,23,5,34,0
2024-11-16,P0019,469,0,0,469,0
2024-11-16,P0020,268,0,1,267,0
2024-11-16,P0021,0,0,14,0,0
2024-11-16,P0022,6,0,2,4,0
2024-11-16,P0023,330,0,0,330,0
2024-11-16,P0024,292,0,0,292,0
2024-11-16,P0025,0,23,0,23,0
2024-11-16,P0026,403,0,1,402,0
2024-11-16,P0027,402,0,0,401,1
2024-11-16,P0028,19,0,5,14,0
2024-11-16,P0029,15,0,5,10,0
2024-11-16,P0030,6,0,0,6,0
2024-11-16,P0031,433,0,0,433,0
2024-11-16,P0032,0,0,2,0,0
2024-11-16,P0033,170,0,0,170,0
2024-11-16,P0034,184,0,1,183,0
2024-11-16,P0035,5,0,3,2,0
2024-11-16,P0036,0,0,5,0,0
2024-11-16,P0037,0,0,10,0,0
2024-11-16,P0038,0,0,5,0,0
2024-11-16,P0039,0,0,3,0,0
2024-11-16,P0040,209,0,0,209,0
2024-11-16,P0041,100,0,0,100,0
2024-11-16,P0042,126,0,1,125,0
2024-11-16,P0043,350,0,3,347,0
2024-11-16,P0044,0,0,28,0,0
2024-11-16,P0045,72,0,0,72,0
2024-11-16,P0046,0,0,13,0,0
2024-11-16,P0047,0,0,1,0,0
2024-11-16,P0048,86,0,13,73,0
2024-11-16,P0049,29,0,0,29,0
2024-11-16,P0050,144,0,5,139,0
2024-11-16,P0051,33,0,4,29,0
2024-11-16,P0052,307,0,0,307,0
2024-11-16,P0053,25,0,11,14,0
2024-11-16,P0054,224,0,0,224,0
2024-11-16,P0055,429,0,0,429,0
2024-11-16,P0056,12,0,4,8,0
2024-11-16,P0057,396,0,0,396,0
2024-11-16,P0058,0,55,22,33,0
2024-11-16,P0059,0,0,12,0,0
2024-11-16,P0060,24,0,17,7,0
2024-11-16,P0061,44,0,3,41,0
2024-11-16,P0062,284,0,1,283,0
2024-11-16,P0063,0,0,21,0,0
2024-11-16,P0064,135,0,2,133,0
2024-11-16,P0065,0,0,51,0,0
2024-11-16,P0066,0,0,14,0,0
2024-11-16,P0067,0,0,6,0,0
2024-11-16,P0068,249,0,4,245,0
2024-11-16,P0069,167,0,2,165,0
2024-11-16,P0070,34,0,0,34,0
2024-11-16,P0071,166,0,10,156,0
2024-11-16,P0072,315,0,0,315,0
2024-11-16,P0073,7,19,0,26,0
2024-11-16,P0074,0,0,15,0,0
2024-11-16,P0075,28,0,7,21,0
2024-11-16,P0076,27,0,3,24,0
2024-11-16,P0077,426,0,0,426,0
2024-11-16,P0078,0,0,7,0,0
2024-11-16,P0079,0,0,65,0,0
2024-11-16,P0080,360,0,5,355,0
2024-11-17,P0001,19,0,10,9,0
2024-11-17,P0002,366,0,0,366,0
2024-11-17,P0003,3,0,3,0,0
2024-11-17,P0004,24,0,9,15,0
2024-11-17,P0005,58,0,0,58,0
2024-11-17,P0006,72,0,5,67,0
2024-11-17,P0007,310,0,4,306,0
2024-11-17,P0008,211,0,0,211,0
2024-11-17,P0009,0,0,7,0,0
2024-11-17,P0010,0,0,7,0,0
2024-11-17,P0011,18,0,8,10,0
2024-11-17,P0012,244,0,0,244,0
2024-11-17,P0013,117,0,1,116,0
2024-11-17,P0014,0,0,2,0,0
2024-11-17,P0015,36,0,18,18,0
2024-11-17,P0016,0,0,17,0,0
2024-11-17,P0017,0,0,14,0,0
2024-11-17,P0018,34,0,5,29,0
2024-11-17,P0019,469,0,2,467,0
2024-11-17,P0020,267,0,0,267,0
2024-11-17,P0021,0,0,10,0,0
2024-11-17,P0022,4,0,3,1,0
2024-11-17,P0023,330,0,0,330,0
2024-11-17,P0024,292,0,0,292,0
2024-11-17,P0025,23,0,4,19,0
2024-11-17,P0026,402,0,0,402,0
2024-11-17,P0027,401,0,0,401,0
2024-11-17,P0028,14,0,5,9,0
2024-11-17,P0029,10,0,1,9,0
2024-11-17,P0030,6,0,6,0,0
2024-11-17,P0031,433,0,0,433,0
2024-11-17,P0032,0,0,0,0,0
2024-11-17,P0033,170,0,0,170,0
2024-11-17,P0034,183,0,0,183,0
2024-11-17,P0035,2,20,8,14,0
2024-11-17,P0036,0,0,11,0,0
2024-11-17,P0037,0,27,6,21,0
2024-11-17,P0038,0,0,2,0,0
2024-11-17,P0039,0,0,6,0,0
2024-11-17,P0040,209,0,1,208,0
2024-11-17,P0041,100,0,0,100,0
2024-11-17,P0042,125,0,0,125,0
2024-11-17,P0043,347,0,2,345,0
2024-11-17,P0044,0,84,45,38,1
2024-11-17,P0045,72,0,4,68,0
2024-11-17,P0046,0,0,18,0,0
2024-11-17,P0047,0,0,0,0,0
2024-11-17,P0048,73,0,6,67,0
2024-11-17,P0049,29,0,7,22,0
2024-11-17,P0050,139,0,0,139,0
2024-11-17,P0051,29,0,0,29,0
2024-11-17,P0052,307,0,0,307,0
2024-11-17,P0053,14,0,6,8,0
2024-11-17,P0054,224,19,1,242,0
2024-11-17,P0055,429,0,0,429,0
2024-11-17,P0056,8,0,2,6,0
2024-11-17,P0057,396,0,0,396,0
2024-11-17,P0058,33,0,22,11,0
2024-11-17,P0059,0,0,24,0,0
2024-11-17,P0060,7,0,28,0,0
2024-11-17,P0061,41,0,5,33,3
2024-11-17,P0062,283,0,0,283,0
2024-11-17,P0063,0,0,17,0,0
2024-11-17,P0064,133,0,0,133,0
2024-11-17,P0065,0,97,24,73,0
2024-11-17,P0066,0,0,21,0,0
2024-11-17,P0067,0,0,6,0,0
2024-11-17,P0068,245,0,0,245,0
2024-11-17,P0069,165,0,0,165,0
2024-11-17,P0070,34,0,9,25,0
2024-11-17,P0071,156,0,6,150,0
2024-11-17,P0072,315,0,1,314,0
2024-11-17,P0073,26,0,2,24,0
2024-11-17,P0074,0,0,16,0,0
2024-11-17,P0075,21,0,10,11,0
2024-11-17,P0076,24,0,9,15,0
2024-11-17,P0077,426,0,0,426,0
2024-11-17,P0078,0,0,9,0,0
2024-11-17,P0079,0,0,55,0,0
2024-11-17,P0080,355,0,1,354,0
2024-11-18,P0001,9,0,2,7,0
2024-11-18,P0002,366,0,0,366,0
2024-11-18,P0003,0,0,2,0,0
2024-11-18,P0004,15,0,1,14,0
2024-11-18,P0005,58,0,4,54,0
2024-11-18,P0006,67,0,0,67,0
2024-11-18,P0007,306,0,1,305,0
2024-11-18,P0008,211,0,0,211,0
2024-11-18,P0009,0,0,4,0,0
2024-11-18,P0010,0,0,15,0,0
2024-11-18,P0011,10,0,10,0,2
2024-11-18,P0012,244,0,11,233,0
2024-11-18,P0013,116,0,0,116,0
2024-11-18,P0014,0,0,6,0,0
2024-11-18,P0015,18,0,1,17,0
2024-11-18,P0016,0,0,11,0,0
2024-11-18,P0017,0,0,6,0,0
2024-11-18,P0018,29,0,0,29,0
2024-11-18,P0019,467,0,1,466,0
2024-11-18,P0020,267,0,2,265,0
2024-11-18,P0021,0,0,14,0,0
2024-11-18,P0022,1,0,4,0,0
2024-11-18,P0023,330,0,1,329,0
2024-11-18,P0024,292,0,0,292,0
2024-11-18,P0025,19,0,6,13,0
2024-11-18,P0026,402,0,0,402,0
2024-11-18,P0027,401,0,0,401,0
2024-11-18,P0028,9,18,3,24,0
2024-11-18,P0029,9,0,3,6,0
2024-11-18,P0030,0,0,6,0,0
2024-11-18,P0031,433,0,4,429,0
2024-11-18,P0032,0,0,11,0,0
2024-11-18,P0033,170,0,0,170,0
2024-11-18,P0034,183,0,0,183,0
2024-11-18,P0035,14,0,4,10,0
2024-11-18,P0036,0,0,1,0,0
2024-11-18,P0037,21,0,6,15,0
2024-11-18,P0038,0,0,6,0,0
2024-11-18,P0039,0,0,2,0,0
2024-11-18,P0040,208,0,0,208,0
2024-11-18,P0041,100,0,1,99,0
2024-11-18,P0042,125,0,2,123,0
2024-11-18,P0043,345,0,0,345,0
2024-11-18,P0044,38,0,24,14,0
2024-11-18,P0045,68,17,4,81,0
2024-11-18,P0046,0,0,9,0,0
2024-11-18,P0047,0,0,0,0,0
2024-11-18,P0048,67,0,5,62,0
2024-11-18,P0049,22,0,2,20,0
2024-11-18,P0050,139,0,4,135,0
2024-11-18,P0051,29,20,0,49,0
2024-11-18,P0052,307,0,2,304,1
2024-11-18,P0053,8,0,6,2,0
2024-11-18,P0054,242,13,0,255,0
2024-11-18,P0055,429,0,1,428,0
2024-11-18,P0056,6,0,3,3,0
2024-11-18,P0057,396,0,3,393,0
2024-11-18,P0058,11,70,6,75,0
2024-11-18,P0059,0,0,27,0,0
2024-11-18,P0060,0,0,36,0,0
2024-11-18,P0061,33,0,1,32,0
2024-11-18,P0062,283,0,0,283,0
2024-11-18,P0063,0,0,6,0,0
2024-11-18,P0064,133,11,0,144,0
2024-11-18,P0065,73,0,18,54,1
2024-11-18,P0066,0,73,21,52,0
2024-11-18,P0067,0,0,7,0,0
2024-11-18,P0068,245,16,0,261,0
2024-11-18,P0069,165,0,0,165,0
2024-11-18,P0070,25,0,6,19,0
2024-11-18,P0071,150,0,1,149,0
2024-11-18,P0072,314,0,0,314,0
2024-11-18,P0073,24,21,2,43,0
2024-11-18,P0074,0,0,13,0,0
2024-11-18,P0075,11,0,1,10,0
2024-11-18,P0076,15,0,0,15,0
2024-11-18,P0077,426,0,3,423,0
2024-11-18,P0078,0,0,0,0,0
2024-11-18,P0079,0,0,63,0,0
2024-11-18,P0080,354,0,2,352,0
2024-11-19,P0001,7,0,3,4,0
2024-11-19,P0002,366,0,0,366,0
2024-11-19,P0003,0,0,6,0,0
2024-11-19,P0004,14,0,9,4,1
2024-11-19,P0005,54,0,4,50,0
2024-11-19,P0006,67,0,1,66,0
2024-11-19,P0007,305,0,1,304,0
2024-11-19,P0008,211,0,0,208,3
2024-11-19,P0009,0,0,12,0,0
2024-11-19,P0010,0,0,8,0,0
2024-11-19,P0011,0,0,0,0,0
2024-11-19,P0012,233,0,1,232,0
2024-11-19,P0013,116,11,2,125,0
2024-11-19,P0014,0,0,1,0,0
2024-11-19,P0015,17,0,9,8,0
2024-11-19,P0016,0,0,2,0,0
2024-11-19,P0017,0,0,7,0,0
2024-11-19,P0018,29,23,4,48,0
2024-11-19,P0019,466,0,3,463,0
2024-11-19,P0020,265,0,0,265,0
2024-11-19,P0021,0,0,10,0,0
2024-11-19,P0022,0,0,1,0,0
2024-11-19,P0023,329,0,1,328,0
2024-11-19,P0024,292,0,0,292,0
2024-11-19,P0025,13,0,2,11,0
2024-11-19,P0026,402,0,0,402,0
2024-11-19,P0027,401,0,0,401,0
2024-11-19,P0028,24,0,0,24,0
2024-11-19,P0029,6,0,4,2,0
2024-11-19,P0030,0,0,2,0,1
2024-11-19,P0031,429,0,0,429,0
2024-11-19,P0032,0,0,0,0,0
2024-11-19,P0033,170,0,0,170,0
2024-11-19,P0034,183,0,4,179,0
2024-11-19,P0035,10,0,1,9,0
2024-11-19,P0036,0,23,0,23,0
2024-11-19,P0037,15,0,11,4,0
2024-11-19,P0038,0,0,3,0,0
2024-11-19,P0039,0,0,1,0,0
2024-11-19,P0040,208,0,2,206,0
2024-11-19,P0041,99,0,0,99,0
2024-11-19,P0042,123,0,5,118,0
2024-11-19,P0043,345,0,4,341,0
2024-11-19,P0044,14,0,8,6,0
2024-11-19,P0045,81,0,1,80,0
2024-11-19,P0046,0,0,13,0,0
2024-11-19,P0047,0,0,1,0,0
2024-11-19,P0048,62,0,6,56,0
2024-11-19,P0049,20,0,2,18,0
2024-11-19,P0050,135,0,6,129,0
2024-11-19,P0051,49,0,0,49,0
2024-11-19,P0052,304,0,1,303,0
2024-11-19,P0053,2,0,5,0,0
2024-11-19,P0054,255,0,1,254,0
2024-11-19,P0055,428,0,0,428,0
2024-11-19,P0056,3,0,0,3,0
2024-11-19,P0057,393,0,0,390,3
2024-11-19,P0058,75,0,18,57,0
2024-11-19,P0059,0,0,6,0,0
2024-11-19,P0060,0,0,9,0,0
2024-11-19,P0061,32,0,0,32,0
2024-11-19,P0062,283,0,0,283,0
2024-11-19,P0063,0,0,12,0,0
2024-11-19,P0064,144,0,0,144,0
2024-11-19,P0065,54,108,25,137,0
2024-11-19,P0066,52,0,11,41,0
2024-11-19,P0067,0,0,6,0,0
2024-11-19,P0068,261,0,0,261,0
2024-11-19,P0069,165,0,1,164,0
2024-11-19,P0070,19,0,8,11,0
2024-11-19,P0071,149,0,3,146,0
2024-11-19,P0072,314,0,0,314,0
2024-11-19,P0073,43,0,0,43,0
2024-11-19,P0074,0,0,24,0,0
2024-11-19,P0075,10,0,7,3,0
2024-11-19,P0076,15,13,0,28,0
2024-11-19,P0077,423,0,0,423,0
2024-11-19,P0078,0,0,0,0,0
2024-11-19,P0079,0,0,36,0,0
2024-11-19,P0080,352,0,1,351,0
2024-11-20,P0001,4,0,12,0,0
2024-11-20,P0002,366,0,3,363,0
2024-11-20,P0003,0,0,7,0,3
2024-11-20,P0004,4,0,6,0,0
2024-11-20,P0005,50,0,0,50,0
2024-11-20,P0006,66,0,4,62,0
2024-11-20,P0007,304,0,0,304,0
2024-11-20,P0008,208,0,0,208,0
2024-11-20,P0009,0,0,10,0,0
2024-11-20,P0010,0,0,5,0,0
2024-11-20,P0011,0,27,1,26,0
2024-11-20,P0012,232,0,1,231,0
2024-11-20,P0013,125,0,4,121,0
2024-11-20,P0014,0,0,6,0,0
2024-11-20,P0015,8,0,6,2,0
2024-11-20,P0016,0,0,11,0,0
2024-11-20,P0017,0,0,4,0,0
2024-11-20,P0018,48,0,1,47,0
2024-11-20,P0019,463,22,0,485,0
2024-11-20,P0020,265,17,0,282,0
2024-11-20,P0021,0,0,16,0,0
2024-11-20,P0022,0,0,0,0,0
2024-11-20,P0023,328,14,0,341,1
2024-11-20,P0024,292,0,1,291,0
2024-11-20,P0025,11,0,2,9,0
2024-11-20,P0026,402,0,0,402,0
2024-11-20,P0027,401,0,0,401,0
2024-11-20,P0028,24,0,3,21,0
2024-11-20,P0029,2,0,1,1,0
2024-11-20,P0030,0,0,0,0,0
2024-11-20,P0031,429,0,0,429,0
2024-11-20,P0032,0,26,2,24,0
2024-11-20,P0033,170,0,0,170,0
2024-11-20,P0034,179,0,0,179,0
2024-11-20,P0035,9,18,11,16,0
2024-11-20,P0036,23,0,3,20,0
2024-11-20,P0037,4,0,7,0,0
2024-11-20,P0038,0,0,2,0,0
2024-11-20,P0039,0,0,0,0,0
2024-11-20,P0040,206,0,0,206,0
2024-11-20,P0041,99,0,2,97,0
2024-11-20,P0042,118,0,0,118,0
2024-11-20,P0043,341,0,0,341,0
2024-11-20,P0044,6,0,13,0,0
2024-11-20,P0045,80,19,2,97,0
2024-11-20,P0046,0,0,2,0,3
2024-11-20,P0047,0,0,3,0,0
2024-11-20,P0048,56,0,2,54,0
2024-11-20,P0049,18,0,1,17,0
2024-11-20,P0050,129,0,2,125,2
2024-11-20,P0051,49,0,0,49,0
2024-11-20,P0052,303,0,0,303,0
2024-11-20,P0053,0,0,8,0,0
2024-11-20,P0054,254,0,1,253,0
2024-11-20,P0055,428,0,0,428,0
2024-11-20,P0056,3,0,8,0,0
2024-11-20,P0057,390,0,0,390,0
2024-11-20,P0058,57,0,20,37,0
2024-11-20,P0059,0,0,18,0,0
2024-11-20,P0060,0,0,14,0,0
2024-11-20,P0061,32,0,0,32,0
2024-11-20,P0062,283,0,0,283,0
2024-11-20,P0063,0,0,4,0,0
2024-11-20,P0064,144,0,2,142,0
2024-11-20,P0065,137,124,16,245,0
2024-11-20,P0066,41,0,27,14,0
2024-11-20,P0067,0,26,7,19,0
2024-11-20,P0068,261,0,0,260,1
2024-11-20,P0069,164,0,0,164,0
2024-11-20,P0070,11,0,5,6,0
2024-11-20,P0071,146,0,0,146,0
2024-11-20,P0072,314,0,0,314,0
2024-11-20,P0073,43,0,0,43,0
2024-11-20,P0074,0,0,5,0,0
2024-11-20,P0075,3,0,7,0,0
2024-11-20,P0076,28,0,0,28,0
2024-11-20,P0077,423,0,1,422,0
2024-11-20,P0078,0,0,0,0,0
2024-11-20,P0079,0,0,64,0,0
2024-11-20,P0080,351,0,0,351,0
2024-11-21,P0001,0,0,14,0,0
2024-11-21,P0002,363,0,0,363,0
2024-11-21,P0003,0,0,0,0,0
2024-11-21,P0004,0,0,3,0,0
2024-11-21,P0005,50,0,8,42,0
2024-11-21,P0006,62,0,1,61,0
2024-11-21,P0007,304,0,0,304,0
2024-11-21,P0008,208,0,0,208,0
2024-11-21,P0009,0,0,9,0,0
2024-11-21,P0010,0,0,9,0,0
2024-11-21,P0011,26,0,1,25,0
2024-11-21,P0012,231,22,0,253,0
2024-11-21,P0013,121,0,1,120,0
2024-11-21,P0014,0,0,5,0,0
2024-11-21,P0015,2,0,10,0,0
2024-11-21,P0016,0,0,11,0,0
2024-11-21,P0017,0,22,5,17,0
2024-11-21,P0018,47,0,0,47,0
2024-11-21,P0019,485,0,2,483,0
2024-11-21,P0020,282,0,0,282,0
2024-11-21,P0021,0,0,12,0,0
2024-11-21,P0022,0,0,0,0,0
2024-11-21,P0023,341,0,0,341,0
2024-11-21,P0024,291,0,0,291,0
2024-11-21,P0025,9,0,2,7,0
2024-11-21,P0026,402,0,0,402,0
2024-11-21,P0027,401,0,1,400,0
2024-11-21,P0028,21,0,5,15,1
2024-11-21,P0029,1,0,11,0,0
2024-11-21,P0030,0,0,2,0,0
2024-11-21,P0031,429,0,3,426,0
2024-11-21,P0032,24,0,8,16,0
2024-11-21,P0033,170,0,3,167,0
2024-11-21,P0034,179,0,0,179,0
2024-11-21,P0035,16,0,1,15,0
2024-11-21,P0036,20,0,6,14,0
2024-11-21,P0037,0,0,5,0,0
2024-11-21,P0038,0,0,3,0,0
2024-11-21,P0039,0,0,0,0,0
2024-11-21,P0040,206,0,0,206,0
2024-11-21,P0041,97,0,7,90,0
2024-11-21,P0042,118,0,0,118,0
2024-11-21,P0043,341,0,0,341,0
2024-11-21,P0044,0,0,19,0,0
2024-11-21,P0045,97,0,0,97,0
2024-11-21,P0046,0,0,10,0,0
2024-11-21,P0047,0,0,6,0,0
2024-11-21,P0048,54,0,1,52,1
2024-11-21,P0049,17,0,2,15,0
2024-11-21,P0050,125,0,2,123,0
2024-11-21,P0051,49,0,0,49,0
2024-11-21,P0052,303,0,0,303,0
2024-11-21,P0053,0,0,5,0,0
2024-11-21,P0054,253,0,0,253,0
2024-11-21,P0055,428,0,0,428,0
2024-11-21,P0056,0,0,0,0,0
2024-11-21,P0057,390,0,0,390,0
2024-11-21,P0058,37,0,19,16,2
2024-11-21,P0059,0,0,5,0,0
2024-11-21,P0060,0,46,15,31,0
2024-11-21,P0061,32,0,0,32,0
2024-11-21,P0062,283,22,0,305,0
2024-11-21,P0063,0,0,7,0,0
2024-11-21,P0064,142,0,3,139,0
2024-11-21,P0065,245,0,22,223,0
2024-11-21,P0066,14,0,15,0,0
2024-11-21,P0067,19,0,7,12,0
2024-11-21,P0068,260,0,1,259,0
2024-11-21,P0069,164,0,0,164,0
2024-11-21,P0070,6,0,5,1,0
2024-11-21,P0071,146,0,0,146,0
2024-11-21,P0072,314,0,1,313,0
2024-11-21,P0073,43,0,3,40,0
2024-11-21,P0074,0,0,16,0,0
2024-11-21,P0075,0,0,3,0,0
2024-11-21,P0076,28,0,0,28,0
2024-11-21,P0077,422,0,0,422,0
2024-11-21,P0078,0,25,1,24,0
2024-11-21,P0079,0,0,39,0,0
2024-11-21,P0080,351,0,0,351,0
2024-11-22,P0001,0,0,13,0,0
2024-11-22,P0002,363,0,0,363,0
2024-11-22,P0003,0,0,2,0,0
2024-11-22,P0004,0,0,7,0,0
2024-11-22,P0005,42,0,2,40,0
2024-11-22,P0006,61,21,2,80,0
2024-11-22,P0007,304,0,0,304,0
2024-11-22,P0008,208,0,0,208,0
2024-11-22,P0009,0,0,12,0,0
2024-11-22,P0010,0,0,11,0,0
2024-11-22,P0011,25,22,8,39,0
2024-11-22,P0012,253,0,1,252,0
2024-11-22,P0013,120,0,8,112,0
2024-11-22,P0014,0,0,2,0,0
2024-11-22,P0015,0,0,5,0,0
2024-11-22,P0016,0,0,8,0,0
2024-11-22,P0017,17,0,1,16,0
2024-11-22,P0018,47,0,0,47,0
2024-11-22,P0019,483,0,0,483,0
2024-11-22,P0020,282,0,0,282,0
2024-11-22,P0021,0,0,14,0,0
2024-11-22,P0022,0,0,1,0,0
2024-11-22,P0023,341,0,0,341,0
2024-11-22,P0024,291,0,0,291,0
2024-11-22,P0025,7,0,2,5,0
2024-11-22,P0026,402,0,0,402,0
2024-11-22,P0027,400,0,4,396,0
2024-11-22,P0028,15,0,1,14,0
2024-11-22,P0029,0,0,8,0,0
2024-11-22,P0030,0,0,0,0,0
2024-11-22,P0031,426,0,3,423,0
2024-11-22,P0032,16,0,3,13,0
2024-11-22,P0033,167,0,7,160,0
2024-11-22,P0034,179,15,0,192,2
2024-11-22,P0035,15,0,0,15,0
2024-11-22,P0036,14,0,5,9,0
2024-11-22,P0037,0,0,24,0,0
2024-11-22,P0038,0,0,3,0,0
2024-11-22,P0039,0,0,3,0,0
2024-11-22,P0040,206,0,0,206,0
2024-11-22,P0041,90,0,4,86,0
2024-11-22,P0042,118,0,0,118,0
2024-11-22,P0043,341,0,0,339,2
2024-11-22,P0044,0,0,28,0,0
2024-11-22,P0045,97,11,1,107,0
2024-11-22,P0046,0,0,10,0,0
2024-11-22,P0047,0,0,0,0,0
2024-11-22,P0048,52,0,4,48,0
2024-11-22,P0049,15,0,2,13,0
2024-11-22,P0050,123,0,0,123,0
2024-11-22,P0051,49,0,0,49,0
2024-11-22,P0052,303,0,3,300,0
2024-11-22,P0053,0,0,0,0,0
2024-11-22,P0054,253,0,0,253,0
2024-11-22,P0055,428,0,0,428,0
2024-11-22,P0056,0,0,4,0,0
2024-11-22,P0057,390,0,5,385,0
2024-11-22,P0058,16,0,11,5,0
2024-11-22,P0059,0,0,23,0,0
2024-11-22,P0060,31,0,4,27,0
2024-11-22,P0061,32,0,0,32,0
2024-11-22,P0062,305,0,0,305,0
2024-11-22,P0063,0,0,13,0,0
2024-11-22,P0064,139,0,0,139,0
2024-11-22,P0065,223,101,7,317,0
2024-11-22,P0066,0,0,23,0,0
2024-11-22,P0067,12,0,10,2,0
2024-11-22,P0068,259,0,1,258,0
2024-11-22,P0069,164,0,0,164,0
2024-11-22,P0070,1,0,6,0,0
2024-11-22,P0071,146,0,0,146,0
2024-11-22,P0072,313,0,0,313,0
2024-11-22,P0073,40,0,0,40,0
2024-11-22,P0074,0,48,22,24,2
2024-11-22,P0075,0,28,2,26,0
2024-11-22,P0076,28,0,4,24,0
2024-11-22,P0077,422,0,0,419,3
2024-11-22,P0078,24,0,1,23,0
2024-11-22,P0079,0,0,36,0,0
2024-11-22,P0080,351,0,0,351,0
2024-11-23,P0001,0,0,6,0,3
2024-11-23,P0002,363,0,0,363,0
2024-11-23,P0003,0,0,5,0,0
2024-11-23,P0004,0,0,10,0,0
2024-11-23,P0005,40,0,5,35,0
2024-11-23,P0006,80,0,1,79,0
2024-11-23,P0007,304,0,3,301,0
2024-11-23,P0008,208,0,3,205,0
2024-11-23,P0009,0,0,17,0,0
2024-11-23,P0010,0,0,15,0,0
2024-11-23,P0011,39,0,6,33,0
2024-11-23,P0012,252,0,0,252,0
2024-11-23,P0013,112,0,4,108,0
2024-11-23,P0014,0,0,11,0,0
2024-11-23,P0015,0,0,16,0,0
2024-11-23,P0016,0,0,4,0,0
2024-11-23,P0017,16,0,9,7,0
2024-11-23,P0018,47,0,0,47,0
2024-11-23,P0019,483,11,0,494,0
2024-11-23,P0020,282,0,0,282,0
2024-11-23,P0021,0,0,10,0,0
2024-11-23,P0022,0,0,0,0,0
2024-11-23,P0023,341,0,0,339,2
2024-11-23,P0024,291,20,0,311,0
2024-11-23,P0025,5,0,7,0,0
2024-11-23,P0026,402,0,0,402,0
2024-11-23,P0027,396,0,1,395,0
2024-11-23,P0028,14,0,2,12,0
2024-11-23,P0029,0,0,2,0,0
2024-11-23,P0030,0,0,3,0,0
2024-11-23,P0031,423,0,0,423,0
2024-11-23,P0032,13,0,6,7,0
2024-11-23,P0033,160,0,0,160,0
2024-11-23,P0034,192,0,0,192,0
2024-11-23,P0035,15,0,9,6,0
2024-11-23,P0036,9,0,2,7,0
2024-11-23,P0037,0,0,2,0,0
2024-11-23,P0038,0,0,18,0,0
2024-11-23,P0039,0,0,0,0,0
2024-11-23,P0040,206,0,1,205,0
2024-11-23,P0041,86,20,0,106,0
2024-11-23,P0042,118,0,0,118,0
2024-11-23,P0043,339,0,0,339,0
2024-11-23,P0044,0,0,29,0,0
2024-11-23,P0045,107,0,4,103,0
2024-11-23,P0046,0,0,6,0,0
2024-11-23,P0047,0,0,3,0,0
2024-11-23,P0048,48,23,8,63,0
2024-11-23,P0049,13,0,1,12,0
2024-11-23,P0050,123,0,6,117,0
2024-11-23,P0051,49,0,1,48,0
2024-11-23,P0052,300,12,0,312,0
2024-11-23,P0053,0,0,7,0,0
2024-11-23,P0054,253,0,0,253,0
2024-11-23,P0055,428,0,0,428,0
2024-11-23,P0056,0,0,10,0,0
2024-11-23,P0057,385,0,0,385,0
2024-11-23,P0058,5,0,10,0,0
2024-11-23,P0059,0,0,32,0,0
2024-11-23,P0060,27,0,13,14,0
2024-11-23,P0061,32,0,0,32,0
2024-11-23,P0062,305,0,0,305,0
2024-11-23,P0063,0,0,10,0,0
2024-11-23,P0064,139,0,0,139,0
2024-11-23,P0065,317,0,17,297,3
2024-11-23,P0066,0,0,27,0,0
2024-11-23,P0067,2,25,15,12,0
2024-11-23,P0068,258,0,4,254,0
2024-11-23,P0069,164,0,0,164,0
2024-11-23,P0070,0,0,8,0,0
2024-11-23,P0071,146,0,0,146,0
2024-11-23,P0072,313,0,0,313,0
2024-11-23,P0073,40,0,0,40,0
2024-11-23,P0074,24,0,18,6,0
2024-11-23,P0075,26,0,4,22,0
2024-11-23,P0076,24,0,0,24,0
2024-11-23,P0077,419,0,0,419,0
2024-11-23,P0078,23,0,1,22,0
2024-11-23,P0079,0,0,43,0,0
2024-11-23,P0080,351,0,0,351,0
2024-11-24,P0001,0,0,12,0,0
2024-11-24,P0002,363,0,2,361,0
2024-11-24,P0003,0,0,9,0,0
2024-11-24,P0004,0,0,5,0,0
2024-11-24,P0005,35,0,0,35,0
2024-11-24,P0006,79,0,2,77,0
2024-11-24,P0007,301,21,4,318,0
2024-11-24,P0008,205,0,0,205,0
2024-11-24,P0009,0,0,12,0,0
2024-11-24,P0010,0,0,10,0,0
2024-11-24,P0011,33,0,0,33,0
2024-11-24,P0012,252,0,0,252,0
2024-11-24,P0013,108,0,2,106,0
2024-11-24,P0014,0,0,5,0,0
2024-11-24,P0015,0,0,11,0,0
2024-11-24,P0016,0,0,6,0,0
2024-11-24,P0017,7,0,7,0,0
2024-11-24,P0018,47,0,5,42,0
2024-11-24,P0019,494,0,0,494,0
2024-11-24,P0020,282,0,0,282,0
2024-11-24,P0021,0,0,11,0,0
2024-11-24,P0022,0,0,3,0,0
2024-11-24,P0023,339,0,0,339,0
2024-11-24,P0024,311,0,0,311,0
2024-11-24,P0025,0,0,1,0,0
2024-11-24,P0026,402,0,2,400,0
2024-11-24,P0027,395,0,0,395,0
2024-11-24,P0028,12,0,4,8,0
2024-11-24,P0029,0,0,5,0,0
2024-11-24,P0030,0,0,6,0,0
2024-11-24,P0031,423,0,1,422,0
2024-11-24,P0032,7,0,10,0,0
2024-11-24,P0033,160,0,0,160,0
2024-11-24,P0034,192,0,4,188,0
2024-11-24,P0035,6,0,12,0,2
2024-11-24,P0036,7,0,2,5,0
2024-11-24,P0037,0,0,9,0,0
2024-11-24,P0038,0,0,1,0,0
2024-11-24,P0039,0,0,1,0,0
2024-11-24,P0040,205,15,1,219,0
2024-11-24,P0041,106,11,0,117,0
2024-11-24,P0042,118,0,0,117,1
2024-11-24,P0043,339,0,3,336,0
2024-11-24,P0044,0,0,25,0,0
2024-11-24,P0045,103,0,0,103,0
2024-11-24,P0046,0,0,16,0,0
2024-11-24,P0047,0,0,0,0,0
2024-11-24,P0048,63,0,5,58,0
2024-11-24,P0049,12,0,5,7,0
2024-11-24,P0050,117,0,0,117,0
2024-11-24,P0051,48,0,1,47,0
2024-11-24,P0052,312,0,0,312,0
2024-11-24,P0053,0,0,3,0,0
2024-11-24,P0054,253,0,1,252,0
2024-11-24,P0055,428,0,0,428,0
2024-11-24,P0056,0,0,4,0,0
2024-11-24,P0057,385,0,0,385,0
2024-11-24,P0058,0,0,30,0,0
2024-11-24,P0059,0,46,13,33,0
2024-11-24,P0060,14,0,8,6,0
2024-11-24,P0061,32,0,0,32,0
2024-11-24,P0062,305,0,0,305,0
2024-11-24,P0063,0,0,10,0,0
2024-11-24,P0064,139,0,0,139,0
2024-11-24,P0065,297,0,31,266,0
2024-11-24,P0066,0,0,13,0,0
2024-11-24,P0067,12,0,10,2,0
2024-11-24,P0068,254,0,4,250,0
2024-11-24,P0069,164,0,4,160,0
2024-11-24,P0070,0,0,11,0,0
2024-11-24,P0071,146,18,7,157,0
2024-11-24,P0072,313,0,0,313,0
2024-11-24,P0073,40,0,3,37,0
2024-11-24,P0074,6,0,27,0,0
2024-11-24,P0075,22,0,9,13,0
2024-11-24,P0076,24,0,1,23,0
2024-11-24,P0077,419,0,0,419,0
2024-11-24,P0078,22,0,4,18,0
2024-11-24,P0079,0,0,65,0,0
2024-11-24,P0080,351,14,6,359,0
2024-11-25,P0001,0,0,3,0,0
2024-11-25,P0002,361,0,4,357,0
2024-11-25,P0003,0,0,1,0,0
2024-11-25,P0004,0,0,0,0,0
2024-11-25,P0005,35,0,0,34,1
2024-11-25,P0006,77,0,0,77,0
2024-11-25,P0007,318,0,0,318,0
2024-11-25,P0008,205,0,1,204,0
2024-11-25,P0009,0,0,10,0,0
2024-11-25,P0010,0,0,9,0,0
2024-11-25,P0011,33,0,1,32,0
2024-11-25,P0012,252,13,0,265,0
2024-11-25,P0013,106,0,6,100,0
2024-11-25,P0014,0,0,5,0,0
2024-11-25,P0015,0,0,14,0,0
2024-11-25,P0016,0,0,3,0,0
2024-11-25,P0017,0,0,5,0,0
2024-11-25,P0018,42,0,7,35,0
2024-11-25,P0019,494,15,0,509,0
2024-11-25,P0020,282,0,0,282,0
2024-11-25,P0021,0,0,12,0,0
2024-11-25,P0022,0,0,1,0,0
2024-11-25,P0023,339,0,0,339,0
2024-11-25,P0024,311,0,0,311,0
2024-11-25,P0025,0,0,9,0,0
2024-11-25,P0026,400,0,0,397,3
2024-11-25,P0027,395,0,0,395,0
2024-11-25,P0028,8,0,4,4,0
2024-11-25,P0029,0,0,1,0,0
2024-11-25,P0030,0,0,7,0,0
2024-11-25,P0031,422,0,2,420,0
2024-11-25,P0032,0,0,1,0,0
2024-11-25,P0033,160,0,3,157,0
2024-11-25,P0034,188,0,5,183,0
2024-11-25,P0035,0,0,2,0,0
2024-11-25,P0036,5,0,3,2,0
2024-11-25,P0037,0,0,6,0,0
2024-11-25,P0038,0,0,2,0,0
2024-11-25,P0039,0,0,2,0,0
2024-11-25,P0040,219,0,0,219,0
2024-11-25,P0041,117,17,3,131,0
2024-11-25,P0042,117,0,0,117,0
2024-11-25,P0043,336,0,0,336,0
2024-11-25,P0044,0,0,23,0,0
2024-11-25,P0045,103,0,1,102,0
2024-11-25,P0046,0,0,11,0,0
2024-11-25,P0047,0,0,0,0,0
2024-11-25,P0048,58,0,6,52,0
2024-11-25,P0049,7,0,0,7,0
2024-11-25,P0050,117,0,4,113,0
2024-11-25,P0051,47,0,0,47,0
2024-11-25,P0052,312,0,5,305,2
2024-11-25,P0053,0,0,6,0,0
2024-11-25,P0054,252,0,0,252,0
2024-11-25,P0055,428,0,0,428,0
2024-11-25,P0056,0,0,4,0,0
2024-11-25,P0057,385,0,4,381,0
2024-11-25,P0058,0,0,23,0,0
2024-11-25,P0059,33,0,24,9,0
2024-11-25,P0060,6,0,11,0,0
2024-11-25,P0061,32,0,6,26,0
2024-11-25,P0062,305,0,0,305,0
2024-11-25,P0063,0,0,11,0,0
2024-11-25,P0064,139,0,0,139,0
2024-11-25,P0065,266,0,24,242,0
2024-11-25,P0066,0,0,42,0,0
2024-11-25,P0067,2,0,7,0,0
2024-11-25,P0068,250,0,0,250,0
2024-11-25,P0069,160,0,1,159,0
2024-11-25,P0070,0,0,15,0,0
2024-11-25,P0071,157,21,4,174,0
2024-11-25,P0072,313,0,2,311,0
2024-11-25,P0073,37,0,0,37,0
2024-11-25,P0074,0,69,22,47,0
2024-11-25,P0075,13,0,0,13,0
2024-11-25,P0076,23,0,3,20,0
2024-11-25,P0077,419,0,0,419,0
2024-11-25,P0078,18,0,1,17,0
2024-11-25,P0079,0,0,45,0,0
2024-11-25,P0080,359,0,6,353,0
2024-11-26,P0001,0,0,7,0,0
2024-11-26,P0002,357,0,0,357,0
2024-11-26,P0003,0,0,2,0,0
2024-11-26,P0004,0,0,6,0,0
2024-11-26,P0005,34,0,2,32,0
2024-11-26,P0006,77,0,7,70,0
2024-11-26,P0007,318,0,0,318,0
2024-11-26,P0008,204,0,4,200,0
2024-11-26,P0009,0,0,9,0,0
2024-11-26,P0010,0,0,18,0,0
2024-11-26,P0011,32,0,5,27,0
2024-11-26,P0012,265,0,2,263,0
2024-11-26,P0013,100,0,2,98,0
2024-11-26,P0014,0,0,4,0,0
2024-11-26,P0015,0,0,11,0,0
2024-11-26,P0016,0,0,3,0,0
2024-11-26,P0017,0,0,16,0,3
2024-11-26,P0018,35,0,2,33,0
2024-11-26,P0019,509,0,0,509,0
2024-11-26,P0020,282,0,0,282,0
2024-11-26,P0021,0,0,6,0,0
2024-11-26,P0022,0,0,4,0,0
2024-11-26,P0023,339,0,0,339,0
2024-11-26,P0024,311,0,0,311,0
2024-11-26,P0025,0,0,5,0,0
2024-11-26,P0026,397,0,0,397,0
2024-11-26,P0027,395,0,0,395,0
2024-11-26,P0028,4,0,6,0,0
2024-11-26,P0029,0,0,10,0,0
2024-11-26,P0030,0,0,8,0,0
2024-11-26,P0031,420,0,3,417,0
2024-11-26,P0032,0,0,6,0,1
2024-11-26,P0033,157,0,1,156,0
2024-11-26,P0034,183,0,0,183,0
2024-11-26,P0035,0,31,4,27,0
2024-11-26,P0036,2,24,0,26,0
2024-11-26,P0037,0,0,14,0,0
2024-11-26,P0038,0,0,6,0,0
2024-11-26,P0039,0,0,6,0,0
2024-11-26,P0040,219,0,0,219,0
2024-11-26,P0041,131,0,0,131,0
2024-11-26,P0042,117,0,5,112,0
2024-11-26,P0043,336,0,0,336,0
2024-11-26,P0044,0,0,30,0,0
2024-11-26,P0045,102,0,2,100,0
2024-11-26,P0046,0,0,7,0,0
2024-11-26,P0047,0,0,4,0,0
2024-11-26,P0048,52,0,5,47,0
2024-11-26,P0049,7,0,5,2,0
2024-11-26,P0050,113,0,2,111,0
2024-11-26,P0051,47,0,1,46,0
2024-11-26,P0052,305,0,3,302,0
2024-11-26,P0053,0,0,5,0,0
2024-11-26,P0054,252,0,0,252,0
2024-11-26,P0055,428,0,0,428,0
2024-11-26,P0056,0,0,6,0,0
2024-11-26,P0057,381,0,0,381,0
2024-11-26,P0058,0,0,9,0,0
2024-11-26,P0059,9,0,27,0,0
2024-11-26,P0060,0,0,15,0,0
2024-11-26,P0061,26,0,1,25,0
2024-11-26,P0062,305,0,0,305,0
2024-11-26,P0063,0,0,10,0,0
2024-11-26,P0064,139,0,0,139,0
2024-11-26,P0065,242,0,12,230,0
2024-11-26,P0066,0,0,21,0,0
2024-11-26,P0067,0,0,5,0,2
2024-11-26,P0068,250,0,0,250,0
2024-11-26,P0069,159,0,1,158,0
2024-11-26,P0070,0,0,7,0,0
2024-11-26,P0071,174,0,0,174,0
2024-11-26,P0072,311,0,0,311,0
2024-11-26,P0073,37,0,3,34,0
2024-11-26,P0074,47,0,20,27,0
2024-11-26,P0075,13,0,3,10,0
2024-11-26,P0076,20,0,7,13,0
2024-11-26,P0077,419,0,0,419,0
2024-11-26,P0078,17,17,0,34,0
2024-11-26,P0079,0,0,69,0,0
2024-11-26,P0080,353,0,0,353,0
2024-11-27,P0001,0,0,2,0,0
2024-11-27,P0002,357,0,0,357,0
2024-11-27,P0003,0,0,0,0,0
2024-11-27,P0004,0,0,5,0,0
2024-11-27,P0005,32,0,2,30,0
2024-11-27,P0006,70,0,2,68,0
2024-11-27,P0007,318,0,0,318,0
2024-11-27,P0008,200,0,0,200,0
2024-11-27,P0009,0,0,9,0,0
2024-11-27,P0010,0,0,11,0,0
2024-11-27,P0011,27,27,1,53,0
2024-11-27,P0012,263,0,0,263,0
2024-11-27,P0013,98,0,1,97,0
2024-11-27,P0014,0,0,1,0,0
2024-11-27,P0015,0,0,2,0,0
2024-11-27,P0016,0,45,7,38,0
2024-11-27,P0017,0,0,1,0,0
2024-11-27,P0018,33,0,3,30,0
2024-11-27,P0019,509,0,0,509,0
2024-11-27,P0020,282,17,3,296,0
2024-11-27,P0021,0,0,6,0,0
2024-11-27,P0022,0,0,2,0,0
2024-11-27,P0023,339,20,0,359,0
2024-11-27,P0024,311,0,0,311,0
2024-11-27,P0025,0,0,4,0,0
2024-11-27,P0026,397,0,0,397,0
2024-11-27,P0027,395,0,0,395,0
2024-11-27,P0028,0,0,0,0,0
2024-11-27,P0029,0,0,0,0,0
2024-11-27,P0030,0,17,0,17,0
2024-11-27,P0031,417,0,0,417,0
2024-11-27,P0032,0,0,2,0,0
2024-11-27,P0033,156,0,3,153,0
2024-11-27,P0034,183,0,0,183,0
2024-11-27,P0035,27,0,3,24,0
2024-11-27,P0036,26,0,3,23,0
2024-11-27,P0037,0,0,11,0,0
2024-11-27,P0038,0,0,0,0,0
2024-11-27,P0039,0,21,7,14,0
2024-11-27,P0040,219,0,0,219,0
2024-11-27,P0041,131,0,0,131,0
2024-11-27,P0042,112,22,3,131,0
2024-11-27,P0043,336,0,0,336,0
2024-11-27,P0044,0,0,34,0,0
2024-11-27,P0045,100,0,0,100,0
2024-11-27,P0046,0,0,5,0,0
2024-11-27,P0047,0,0,2,0,0
2024-11-27,P0048,47,0,4,43,0
2024-11-27,P0049,2,0,7,0,0
2024-11-27,P0050,111,0,0,111,0
2024-11-27,P0051,46,0,5,41,0
2024-11-27,P0052,302,0,0,302,0
2024-11-27,P0053,0,0,11,0,0
2024-11-27,P0054,252,14,1,265,0
2024-11-27,P0055,428,0,0,428,0
2024-11-27,P0056,0,0,6,0,0
2024-11-27,P0057,381,0,1,380,0
2024-11-27,P0058,0,0,8,0,0
2024-11-27,P0059,0,60,13,47,0
2024-11-27,P0060,0,0,7,0,0
2024-11-27,P0061,25,0,0,25,0
2024-11-27,P0062,305,0,0,305,0
2024-11-27,P0063,0,0,14,0,0
2024-11-27,P0064,139,0,4,135,0
2024-11-27,P0065,230,0,20,210,0
2024-11-27,P0066,0,0,11,0,0
2024-11-27,P0067,0,0,20,0,0
2024-11-27,P0068,250,18,0,268,0
2024-11-27,P0069,158,0,3,155,0
2024-11-27,P0070,0,37,8,29,0
2024-11-27,P0071,174,0,1,173,0
2024-11-27,P0072,311,0,5,306,0
2024-11-27,P0073,34,0,0,34,0
2024-11-27,P0074,27,0,19,8,0
2024-11-27,P0075,10,20,6,24,0
2024-11-27,P0076,13,0,2,11,0
2024-11-27,P0077,419,0,0,419,0
2024-11-27,P0078,34,0,8,26,0
2024-11-27,P0079,0,0,49,0,0
2024-11-27,P0080,353,0,0,353,0
2024-11-28,P0001,0,0,18,0,0
2024-11-28,P0002,357,0,0,357,0
2024-11-28,P0003,0,0,1,0,0
2024-11-28,P0004,0,0,4,0,0
2024-11-28,P0005,30,0,4,26,0
2024-11-28,P0006,68,13,5,76,0
2024-11-28,P0007,318,0,3,315,0
2024-11-28,P0008,200,17,0,217,0
2024-11-28,P0009,0,0,5,0,0
2024-11-28,P0010,0,0,16,0,0
2024-11-28,P0011,53,0,0,53,0
2024-11-28,P0012,263,0,4,259,0
2024-11-28,P0013,97,0,0,97,0
2024-11-28,P0014,0,0,0,0,0
2024-11-28,P0015,0,0,12,0,0
2024-11-28,P0016,38,0,2,36,0
2024-11-28,P0017,0,0,4,0,0
2024-11-28,P0018,30,21,2,49,0
2024-11-28,P0019,509,0,0,509,0
2024-11-28,P0020,296,0,0,296,0
2024-11-28,P0021,0,0,9,0,0
2024-11-28,P0022,0,22,2,20,0
2024-11-28,P0023,359,0,0,359,0
2024-11-28,P0024,311,0,0,311,0
2024-11-28,P0025,0,17,4,13,0
2024-11-28,P0026,397,0,0,397,0
2024-11-28,P0027,395,0,4,391,0
2024-11-28,P0028,0,0,5,0,0
2024-11-28,P0029,0,0,1,0,0
2024-11-28,P0030,17,0,2,15,0
2024-11-28,P0031,417,0,0,417,0
2024-11-28,P0032,0,21,10,11,0
2024-11-28,P0033,153,0,0,153,0
2024-11-28,P0034,183,0,0,183,0
2024-11-28,P0035,24,0,1,23,0
2024-11-28,P0036,23,0,1,22,0
2024-11-28,P0037,0,0,12,0,0
2024-11-28,P0038,0,0,0,0,0
2024-11-28,P0039,14,0,1,13,0
2024-11-28,P0040,219,0,0,219,0
2024-11-28,P0041,131,0,3,128,0
2024-11-28,P0042,131,0,0,131,0
2024-11-28,P0043,336,14,0,350,0
2024-11-28,P0044,0,0,9,0,0
2024-11-28,P0045,100,0,2,98,0
2024-11-28,P0046,0,27,18,9,0
2024-11-28,P0047,0,0,1,0,0
2024-11-28,P0048,43,0,7,36,0
2024-11-28,P0049,0,0,1,0,0
2024-11-28,P0050,111,0,1,110,0
2024-11-28,P0051,41,0,0,41,0
2024-11-28,P0052,302,0,1,301,0
2024-11-28,P0053,0,0,8,0,0
2024-11-28,P0054,265,0,0,265,0
2024-11-28,P0055,428,15,0,443,0
2024-11-28,P0056,0,0,0,0,1
2024-11-28,P0057,380,18,2,396,0
2024-11-28,P0058,0,0,9,0,0
2024-11-28,P0059,47,0,18,29,0
2024-11-28,P0060,0,0,9,0,0
2024-11-28,P0061,25,0,0,25,0
2024-11-28,P0062,305,14,0,319,0
2024-11-28,P0063,0,0,3,0,0
2024-11-28,P0064,135,0,5,130,0
2024-11-28,P0065,210,0,37,173,0
2024-11-28,P0066,0,0,15,0,0
2024-11-28,P0067,0,38,1,37,0
2024-11-28,P0068,268,19,3,284,0
2024-11-28,P0069,155,0,3,150,2
2024-11-28,P0070,29,0,18,11,0
2024-11-28,P0071,173,0,1,172,0
2024-11-28,P0072,306,0,1,305,0
2024-11-28,P0073,34,0,3,31,0
2024-11-28,P0074,8,0,10,0,0
2024-11-28,P0075,24,0,7,17,0
2024-11-28,P0076,11,0,0,11,0
2024-11-28,P0077,419,0,0,419,0
2024-11-28,P0078,26,0,7,19,0
2024-11-28,P0079,0,0,42,0,0
2024-11-28,P0080,353,0,0,353,0
2024-11-29,P0001,0,0,6,0,3
2024-11-29,P0002,357,0,0,357,0
2024-11-29,P0003,0,0,0,0,0
2024-11-29,P0004,0,0,11,0,0
2024-11-29,P0005,26,0,6,20,0
2024-11-29,P0006,76,0,1,75,0
2024-11-29,P0007,315,0,7,308,0
2024-11-29,P0008,217,0,0,217,0
2024-11-29,P0009,0,0,9,0,2
2024-11-29,P0010,0,0,6,0,0
2024-11-29,P0011,53,0,3,50,0
2024-11-29,P0012,259,0,0,259,0
2024-11-29,P0013,97,0,0,97,0
2024-11-29,P0014,0,0,10,0,0
2024-11-29,P0015,0,0,12,0,0
2024-11-29,P0016,36,30,7,59,0
2024-11-29,P0017,0,0,2,0,0
2024-11-29,P0018,49,0,5,44,0
2024-11-29,P0019,509,0,0,509,0
2024-11-29,P0020,296,0,0,296,0
2024-11-29,P0021,0,0,6,0,0
2024-11-29,P0022,20,0,0,20,0
2024-11-29,P0023,359,0,0,359,0
2024-11-29,P0024,311,0,0,311,0
2024-11-29,P0025,13,0,8,5,0
2024-11-29,P0026,397,0,0,397,0
2024-11-29,P0027,391,0,0,391,0
2024-11-29,P0028,0,0,0,0,0
2024-11-29,P0029,0,0,6,0,0
2024-11-29,P0030,15,0,3,12,0
2024-11-29,P0031,417,0,0,415,2
2024-11-29,P0032,11,0,2,9,0
2024-11-29,P0033,153,0,0,153,0
2024-11-29,P0034,183,0,5,178,0
2024-11-29,P0035,23,0,7,16,0
2024-11-29,P0036,22,0,3,16,3
2024-11-29,P0037,0,0,14,0,0
2024-11-29,P0038,0,0,1,0,0
2024-11-29,P0039,13,0,2,11,0
2024-11-29,P0040,219,15,0,234,0
2024-11-29,P0041,128,11,0,139,0
2024-11-29,P0042,131,0,7,124,0
2024-11-29,P0043,350,0,0,350,0
2024-11-29,P0044,0,0,26,0,1
2024-11-29,P0045,98,0,3,95,0
2024-11-29,P0046,9,0,14,0,0
2024-11-29,P0047,0,0,1,0,0
2024-11-29,P0048,36,0,7,29,0
2024-11-29,P0049,0,12,1,11,0
2024-11-29,P0050,110,0,3,107,0
2024-11-29,P0051,41,0,4,37,0
2024-11-29,P0052,301,0,0,301,0
2024-11-29,P0053,0,0,1,0,2
2024-11-29,P0054,265,0,4,261,0
2024-11-29,P0055,443,0,0,443,0
2024-11-29,P0056,0,0,7,0,0
2024-11-29,P0057,396,0,0,396,0
2024-11-29,P0058,0,0,14,0,0
2024-11-29,P0059,29,0,20,9,0
2024-11-29,P0060,0,0,7,0,0
2024-11-29,P0061,25,0,2,23,0
2024-11-29,P0062,319,12,0,331,0
2024-11-29,P0063,0,0,13,0,0
2024-11-29,P0064,130,0,1,129,0
2024-11-29,P0065,173,87,21,236,3
2024-11-29,P0066,0,0,32,0,0
2024-11-29,P0067,37,0,1,36,0
2024-11-29,P0068,284,0,0,284,0
2024-11-29,P0069,150,0,0,150,0
2024-11-29,P0070,11,0,8,3,0
2024-11-29,P0071,172,0,0,172,0
2024-11-29,P0072,305,0,0,305,0
2024-11-29,P0073,31,0,6,25,0
2024-11-29,P0074,0,0,10,0,0
2024-11-29,P0075,17,0,3,14,0
2024-11-29,P0076,11,0,4,7,0
2024-11-29,P0077,419,0,0,419,0
2024-11-29,P0078,19,0,7,12,0
2024-11-29,P0079,0,0,31,0,0
2024-11-29,P0080,353,21,0,374,0
2024-11-30,P0001,0,50,10,40,0
2024-11-30,P0002,357,0,0,357,0
2024-11-30,P0003,0,0,10,0,0
2024-11-30,P0004,0,0,0,0,0
2024-11-30,P0005,20,0,0,20,0
2024-11-30,P0006,75,0,6,69,0
2024-11-30,P0007,308,0,2,306,0
2024-11-30,P0008,217,0,0,217,0
2024-11-30,P0009,0,30,18,12,0
2024-11-30,P0010,0,0,12,0,0
2024-11-30,P0011,50,0,0,50,0
2024-11-30,P0012,259,0,0,259,0
2024-11-30,P0013,97,0,0,97,0
2024-11-30,P0014,0,0,6,0,0
2024-11-30,P0015,0,0,19,0,0
2024-11-30,P0016,59,27,13,73,0
2024-11-30,P0017,0,0,5,0,0
2024-11-30,P0018,44,0,2,42,0
2024-11-30,P0019,509,0,0,509,0
2024-11-30,P0020,296,0,1,295,0
2024-11-30,P0021,0,0,18,0,0
2024-11-30,P0022,20,0,0,20,0
2024-11-30,P0023,359,0,1,358,0
2024-11-30,P0024,311,0,0,309,2
2024-11-30,P0025,5,0,3,2,0
2024-11-30,P0026,397,0,0,397,0
2024-11-30,P0027,391,0,0,391,0
2024-11-30,P0028,0,0,9,0,0
2024-11-30,P0029,0,0,6,0,0
2024-11-30,P0030,12,0,4,8,0
2024-11-30,P0031,415,0,6,409,0
2024-11-30,P0032,9,0,14,0,0
2024-11-30,P0033,153,0,2,148,3
2024-11-30,P0034,178,0,1,177,0
2024-11-30,P0035,16,0,5,11,0
2024-11-30,P0036,16,0,0,16,0
2024-11-30,P0037,0,31,10,21,0
2024-11-30,P0038,0,0,4,0,0
2024-11-30,P0039,11,0,2,9,0
2024-11-30,P0040,234,0,1,233,0
2024-11-30,P0041,139,0,0,137,2
2024-11-30,P0042,124,0,5,119,0
2024-11-30,P0043,350,0,6,344,0
2024-11-30,P0044,0,0,28,0,0
2024-11-30,P0045,95,0,1,94,0
2024-11-30,P0046,0,0,5,0,0
2024-11-30,P0047,0,0,3,0,0
2024-11-30,P0048,29,0,2,27,0
2024-11-30,P0049,11,0,7,4,0
2024-11-30,P0050,107,0,2,105,0
2024-11-30,P0051,37,0,4,33,0
2024-11-30,P0052,301,0,2,299,0
2024-11-30,P0053,0,0,1,0,0
2024-11-30,P0054,261,0,1,260,0
2024-11-30,P0055,443,0,0,443,0
2024-11-30,P0056,0,0,4,0,0
2024-11-30,P0057,396,0,0,396,0
2024-11-30,P0058,0,0,28,0,0
2024-11-30,P0059,9,0,19,0,0
2024-11-30,P0060,0,0,17,0,0
2024-11-30,P0061,23,0,1,22,0
2024-11-30,P0062,331,0,1,330,0
2024-11-30,P0063,0,0,28,0,0
2024-11-30,P0064,129,0,2,127,0
2024-11-30,P0065,236,0,45,191,0
2024-11-30,P0066,0,0,25,0,0
2024-11-30,P0067,36,0,0,36,0
2024-11-30,P0068,284,20,1,303,0
2024-11-30,P0069,150,0,4,146,0
2024-11-30,P0070,3,0,13,0,0
2024-11-30,P0071,172,0,1,171,0
2024-11-30,P0072,305,0,1,304,0
2024-11-30,P0073,25,0,7,18,0
2024-11-30,P0074,0,0,9,0,0
2024-11-30,P0075,14,15,6,23,0
2024-11-30,P0076,7,0,2,5,0
2024-11-30,P0077,419,0,0,419,0
2024-11-30,P0078,12,0,0,12,0
2024-11-30,P0079,0,139,70,69,0
2024-11-30,P0080,374,0,0,374,0
2024-12-01,P0001,40,0,12,28,0
2024-12-01,P0002,357,0,0,357,0
2024-12-01,P0003,0,0,0,0,0
2024-12-01,P0004,0,0,8,0,0
2024-12-01,P0005,20,0,0,20,0
2024-12-01,P0006,69,0,2,67,0
2024-12-01,P0007,306,0,2,304,0
2024-12-01,P0008,217,0,8,209,0
2024-12-01,P0009,12,0,2,10,0
2024-12-01,P0010,0,0,6,0,0
2024-12-01,P0011,50,0,1,49,0
2024-12-01,P0012,259,0,0,259,0
2024-12-01,P0013,97,21,1,117,0
2024-12-01,P0014,0,18,8,7,3
2024-12-01,P0015,0,0,14,0,0
2024-12-01,P0016,73,0,17,56,0
2024-12-01,P0017,0,0,4,0,0
2024-12-01,P0018,42,0,4,38,0
2024-12-01,P0019,509,0,0,509,0
2024-12-01,P0020,295,0,0,295,0
2024-12-01,P0021,0,0,24,0,0
2024-12-01,P0022,20,0,4,16,0
2024-12-01,P0023,358,0,0,358,0
2024-12-01,P0024,309,0,0,309,0
2024-12-01,P0025,2,0,5,0,0
2024-12-01,P0026,397,0,0,397,0
2024-12-01,P0027,391,0,0,391,0
2024-12-01,P0028,0,0,3,0,0
2024-12-01,P0029,0,0,1,0,0
2024-12-01,P0030,8,0,5,3,0
2024-12-01,P0031,409,0,3,406,0
2024-12-01,P0032,0,0,4,0,0
2024-12-01,P0033,148,0,6,140,2
2024-12-01,P0034,177,0,1,176,0
2024-12-01,P0035,11,0,8,3,0
2024-12-01,P0036,16,0,3,13,0
2024-12-01,P0037,21,0,10,11,0
2024-12-01,P0038,0,13,0,13,0
2024-12-01,P0039,9,0,1,8,0
2024-12-01,P0040,233,0,0,233,0
2024-12-01,P0041,137,0,4,133,0
2024-12-01,P0042,119,0,1,118,0
2024-12-01,P0043,344,0,0,344,0
2024-12-01,P0044,0,0,14,0,0
2024-12-01,P0045,94,0,5,89,0
2024-12-01,P0046,0,0,0,0,0
2024-12-01,P0047,0,0,0,0,0
2024-12-01,P0048,27,0,2,25,0
2024-12-01,P0049,4,0,1,3,0
2024-12-01,P0050,105,0,6,99,0
2024-12-01,P0051,33,0,0,33,0
2024-12-01,P0052,299,0,1,298,0
2024-12-01,P0053,0,0,0,0,0
2024-12-01,P0054,260,0,2,258,0
2024-12-01,P0055,443,0,0,443,0
2024-12-01,P0056,0,0,0,0,0
2024-12-01,P0057,396,0,1,393,2
2024-12-01,P0058,0,78,13,65,0
2024-12-01,P0059,0,0,17,0,0
2024-12-01,P0060,0,0,11,0,0
2024-12-01,P0061,22,0,4,18,0
2024-12-01,P0062,330,18,0,348,0
2024-12-01,P0063,0,0,22,0,0
2024-12-01,P0064,127,0,5,122,0
2024-12-01,P0065,191,0,22,169,0
2024-12-01,P0066,0,0,25,0,0
2024-12-01,P0067,36,0,13,23,0
2024-12-01,P0068,303,0,2,301,0
2024-12-01,P0069,146,0,2,144,0
2024-12-01,P0070,0,0,6,0,0
2024-12-01,P0071,171,0,1,170,0
2024-12-01,P0072,304,0,5,299,0
2024-12-01,P0073,18,0,0,18,0
2024-12-01,P0074,0,0,8,0,0
2024-12-01,P0075,23,0,10,13,0
2024-12-01,P0076,5,18,7,16,0
2024-12-01,P0077,419,0,1,418,0
2024-12-01,P0078,12,0,0,12,0
2024-12-01,P0079,69,0,53,16,0
2024-12-01,P0080,374,0,4,370,0
2024-12-02,P0001,28,0,2,26,0
2024-12-02,P0002,357,18,0,375,0
2024-12-02,P0003,0,0,6,0,2
2024-12-02,P0004,0,0,5,0,0
2024-12-02,P0005,20,0,0,20,0
2024-12-02,P0006,67,0,2,65,0
2024-12-02,P0007,304,0,1,303,0
2024-12-02,P0008,209,0,2,207,0
2024-12-02,P0009,10,0,0,10,0
2024-12-02,P0010,0,0,10,0,0
2024-12-02,P0011,49,0,2,47,0
2024-12-02,P0012,259,0,1,258,0
2024-12-02,P0013,117,0,0,117,0
2024-12-02,P0014,7,0,4,3,0
2024-12-02,P0015,0,0,9,0,0
2024-12-02,P0016,56,45,10,91,0
2024-12-02,P0017,0,0,2,0,0
2024-12-02,P0018,38,0,0,38,0
2024-12-02,P0019,509,0,0,509,0
2024-12-02,P0020,295,0,1,294,0
2024-12-02,P0021,0,0,8,0,0
2024-12-02,P0022,16,0,1,15,0
2024-12-02,P0023,358,14,0,372,0
2024-12-02,P0024,309,0,2,307,0
2024-12-02,P0025,0,0,2,0,0
2024-12-02,P0026,397,19,2,414,0
2024-12-02,P0027,391,0,0,391,0
2024-12-02,P0028,0,0,4,0,0
2024-12-02,P0029,0,0,5,0,0
2024-12-02,P0030,3,0,0,3,0
2024-12-02,P0031,406,0,0,406,0
2024-12-02,P0032,0,0,9,0,0
2024-12-02,P0033,140,19,0,159,0
2024-12-02,P0034,176,0,0,176,0
2024-12-02,P0035,3,0,1,2,0
2024-12-02,P0036,13,0,3,9,1
2024-12-02,P0037,11,0,4,7,0
2024-12-02,P0038,13,0,0,13,0
2024-12-02,P0039,8,0,0,8,0
2024-12-02,P0040,233,0,2,231,0
2024-12-02,P0041,133,0,3,130,0
2024-12-02,P0042,118,0,0,118,0
2024-12-02,P0043,344,0,0,344,0
2024-12-02,P0044,0,145,35,110,0
2024-12-02,P0045,89,19,5,103,0
2024-12-02,P0046,0,0,13,0,0
2024-12-02,P0047,0,0,5,0,0
2024-12-02,P0048,25,0,3,22,0
2024-12-02,P0049,3,0,1,2,0
2024-12-02,P0050,99,0,4,95,0
2024-12-02,P0051,33,0,2,31,0
2024-12-02,P0052,298,0,0,298,0
2024-12-02,P0053,0,0,4,0,0
2024-12-02,P0054,258,0,0,258,0
2024-12-02,P0055,443,0,0,443,0
2024-12-02,P0056,0,0,0,0,0
2024-12-02,P0057,393,0,1,392,0
2024-12-02,P0058,65,0,15,50,0
2024-12-02,P0059,0,93,6,87,0
2024-12-02,P0060,0,0,15,0,0
2024-12-02,P0061,18,0,0,18,0
2024-12-02,P0062,348,0,0,348,0
2024-12-02,P0063,0,0,9,0,0
2024-12-02,P0064,122,0,0,122,0
2024-12-02,P0065,169,0,8,161,0
2024-12-02,P0066,0,0,33,0,2
2024-12-02,P0067,23,0,9,14,0
2024-12-02,P0068,301,0,0,301,0
2024-12-02,P0069,144,0,2,142,0
2024-12-02,P0070,0,0,11,0,0
2024-12-02,P0071,170,0,0,170,0
2024-12-02,P0072,299,0,0,299,0
2024-12-02,P0073,18,0,6,10,2
2024-12-02,P0074,0,0,11,0,0
2024-12-02,P0075,13,0,1,12,0
2024-12-02,P0076,16,0,0,16,0
2024-12-02,P0077,418,0,0,418,0
2024-12-02,P0078,12,0,1,11,0
2024-12-02,P0079,16,0,28,0,0
2024-12-02,P0080,370,0,0,370,0
2024-12-03,P0001,26,0,1,25,0
2024-12-03,P0002,375,0,0,375,0
2024-12-03,P0003,0,0,6,0,0
2024-12-03,P0004,0,0,6,0,0
2024-12-03,P0005,20,0,4,16,0
2024-12-03,P0006,65,0,7,58,0
2024-12-03,P0007,303,0,2,301,0
2024-12-03,P0008,207,0,0,207,0
2024-12-03,P0009,10,0,7,3,0
2024-12-03,P0010,0,0,4,0,0
2024-12-03,P0011,47,0,2,45,0
2024-12-03,P0012,258,0,0,258,0
2024-12-03,P0013,117,0,0,117,0
2024-12-03,P0014,3,0,3,0,0
2024-12-03,P0015,0,0,3,0,0
2024-12-03,P0016,91,0,9,82,0
2024-12-03,P0017,0,0,7,0,0
2024-12-03,P0018,38,0,2,36,0
2024-12-03,P0019,509,0,0,509,0
2024-12-03,P0020,294,0,0,294,0
2024-12-03,P0021,0,0,10,0,2
2024-12-03,P0022,15,23,0,38,0
2024-12-03,P0023,372,0,0,372,0
2024-12-03,P0024,307,0,1,306,0
2024-12-03,P0025,0,0,0,0,0
2024-12-03,P0026,414,0,0,414,0
2024-12-03,P0027,391,0,0,391,0
2024-12-03,P0028,0,0,11,0,0
2024-12-03,P0029,0,0,3,0,0
2024-12-03,P0030,3,0,0,3,0
2024-12-03,P0031,406,0,0,406,0
2024-12-03,P0032,0,0,0,0,0
2024-12-03,P0033,159,17,0,176,0
2024-12-03,P0034,176,16,0,192,0
2024-12-03,P0035,2,0,1,1,0
2024-12-03,P0036,9,0,4,5,0
2024-12-03,P0037,7,0,0,7,0
2024-12-03,P0038,13,0,1,12,0
2024-12-03,P0039,8,25,0,33,0
2024-12-03,P0040,231,0,1,230,0
2024-12-03,P0041,130,0,0,130,0
2024-12-03,P0042,118,0,0,118,0
2024-12-03,P0043,344,0,0,344,0
2024-12-03,P0044,110,0,29,81,0
2024-12-03,P0045,103,0,2,101,0
2024-12-03,P0046,0,0,10,0,0
2024-12-03,P0047,0,0,0,0,0
2024-12-03,P0048,22,0,5,17,0
2024-12-03,P0049,2,0,1,1,0
2024-12-03,P0050,95,0,0,95,0
2024-12-03,P0051,31,0,0,31,0
2024-12-03,P0052,298,0,0,298,0
2024-12-03,P0053,0,0,2,0,0
2024-12-03,P0054,258,19,0,277,0
2024-12-03,P0055,443,0,0,443,0
2024-12-03,P0056,0,0,2,0,0
2024-12-03,P0057,392,0,0,392,0
2024-12-03,P0058,50,0,19,31,0
2024-12-03,P0059,87,0,8,79,0
2024-12-03,P0060,0,36,3,33,0
2024-12-03,P0061,18,0,0,18,0
2024-12-03,P0062,348,16,0,364,0
2024-12-03,P0063,0,0,20,0,0
2024-12-03,P0064,122,0,0,122,0
2024-12-03,P0065,161,0,22,139,0
2024-12-03,P0066,0,0,13,0,0
2024-12-03,P0067,14,0,4,10,0
2024-12-03,P0068,301,0,0,301,0
2024-12-03,P0069,142,0,0,142,0
2024-12-03,P0070,0,43,4,39,0
2024-12-03,P0071,170,0,0,170,0
2024-12-03,P0072,299,0,1,298,0
2024-12-03,P0073,10,0,4,6,0
2024-12-03,P0074,0,0,9,0,0
2024-12-03,P0075,12,0,0,12,0
2024-12-03,P0076,16,0,0,16,0
2024-12-03,P0077,418,0,2,416,0
2024-12-03,P0078,11,0,2,9,0
2024-12-03,P0079,0,0,28,0,0
2024-12-03,P0080,370,0,0,370,0
2024-12-04,P0001,25,0,2,23,0
2024-12-04,P0002,375,0,0,375,0
2024-12-04,P0003,0,0,0,0,0
2024-12-04,P0004,0,39,5,34,0
2024-12-04,P0005,16,0,7,9,0
2024-12-04,P0006,58,0,0,58,0
2024-12-04,P0007,301,0,0,301,0
2024-12-04,P0008,207,22,4,225,0
2024-12-04,P0009,3,48,10,41,0
2024-12-04,P0010,0,0,6,0,0
2024-12-04,P0011,45,0,1,44,0
2024-12-04,P0012,258,0,0,258,0
2024-12-04,P0013,117,0,0,117,0
2024-12-04,P0014,0,0,0,0,0
2024-12-04,P0015,0,0,13,0,0
2024-12-04,P0016,82,0,13,69,0
2024-12-04,P0017,0,0,3,0,0
2024-12-04,P0018,36,0,2,34,0
2024-12-04,P0019,509,0,0,509,0
2024-12-04,P0020,294,0,0,294,0
2024-12-04,P0021,0,0,25,0,0
2024-12-04,P0022,38,18,1,55,0
2024-12-04,P0023,372,0,3,369,0
2024-12-04,P0024,306,0,0,306,0
2024-12-04,P0025,0,21,3,17,1
2024-12-04,P0026,414,0,0,414,0
2024-12-04,P0027,391,0,2,389,0
2024-12-04,P0028,0,0,0,0,0
2024-12-04,P0029,0,0,5,0,0
2024-12-04,P0030,3,0,2,1,0
2024-12-04,P0031,406,0,0,406,0
2024-12-04,P0032,0,0,0,0,0
2024-12-04,P0033,176,0,0,176,0
2024-12-04,P0034,192,0,0,192,0
2024-12-04,P0035,1,0,0,1,0
2024-12-04,P0036,5,0,12,0,0
2024-12-04,P0037,7,0,4,3,0
2024-12-04,P0038,12,0,0,12,0
2024-12-04,P0039,33,0,5,28,0
2024-12-04,P0040,230,0,2,228,0
2024-12-04,P0041,130,0,0,130,0
2024-12-04,P0042,118,0,0,118,0
2024-12-04,P0043,344,0,3,341,0
2024-12-04,P0044,81,0,21,60,0
2024-12-04,P0045,101,0,0,101,0
2024-12-04,P0046,0,0,10,0,0
2024-12-04,P0047,0,0,1,0,0
2024-12-04,P0048,17,23,5,35,0
2024-12-04,P0049,1,0,0,1,0
2024-12-04,P0050,95,0,2,93,0
2024-12-04,P0051,31,0,0,31,0
2024-12-04,P0052,298,0,0,298,0
2024-12-04,P0053,0,0,4,0,0
2024-12-04,P0054,277,0,0,276,1
2024-12-04,P0055,443,0,0,443,0
2024-12-04,P0056,0,0,0,0,0
2024-12-04,P0057,392,0,3,388,1
2024-12-04,P0058,31,0,12,19,0
2024-12-04,P0059,79,0,13,66,0
2024-12-04,P0060,33,0,6,27,0
2024-12-04,P0061,18,0,1,17,0
2024-12-04,P0062,364,0,0,364,0
2024-12-04,P0063,0,0,2,0,0
2024-12-04,P0064,122,0,0,122,0
2024-12-04,P0065,139,0,15,124,0
2024-12-04,P0066,0,77,10,67,0
2024-12-04,P0067,10,0,8,2,0
2024-12-04,P0068,301,0,1,300,0
2024-12-04,P0069,142,0,2,140,0
2024-12-04,P0070,39,0,4,35,0
2024-12-04,P0071,170,0,0,169,1
2024-12-04,P0072,298,0,3,295,0
2024-12-04,P0073,6,0,1,5,0
2024-12-04,P0074,0,0,0,0,0
2024-12-04,P0075,12,0,0,12,0
2024-12-04,P0076,16,0,1,15,0
2024-12-04,P0077,416,0,3,413,0
2024-12-04,P0078,9,0,0,9,0
2024-12-04,P0079,0,0,26,0,0
2024-12-04,P0080,370,0,0,370,0
2024-12-05,P0001,23,0,10,13,0
2024-12-05,P0002,375,0,0,375,0
2024-12-05,P0003,0,0,5,0,0
2024-12-05,P0004,34,0,9,25,0
2024-12-05,P0005,9,0,0,9,0
2024-12-05,P0006,58,0,3,55,0
2024-12-05,P0007,301,0,0,298,3
2024-12-05,P0008,225,0,0,225,0
2024-12-05,P0009,41,35,16,60,0
2024-12-05,P0010,0,0,15,0,0
2024-12-05,P0011,44,0,3,41,0
2024-12-05,P0012,258,0,0,258,0
2024-12-05,P0013,117,0,0,117,0
2024-12-05,P0014,0,0,7,0,0
2024-12-05,P0015,0,0,5,0,0
2024-12-05,P0016,69,0,5,64,0
2024-12-05,P0017,0,0,3,0,0
2024-12-05,P0018,34,13,0,47,0
2024-12-05,P0019,509,0,0,509,0
2024-12-05,P0020,294,0,0,294,0
2024-12-05,P0021,0,0,8,0,0
2024-12-05,P0022,55,0,2,53,0
2024-12-05,P0023,369,0,0,369,0
2024-12-05,P0024,306,0,0,306,0
2024-12-05,P0025,17,0,1,16,0
2024-12-05,P0026,414,0,0,414,0
2024-12-05,P0027,389,0,0,389,0
2024-12-05,P0028,0,0,2,0,0
2024-12-05,P0029,0,0,0,0,0
2024-12-05,P0030,1,0,0,1,0
2024-12-05,P0031,406,0,0,406,0
2024-12-05,P0032,0,0,2,0,0
2024-12-05,P0033,176,0,0,176,0
2024-12-05,P0034,192,0,0,192,0
2024-12-05,P0035,1,0,7,0,0
2024-12-05,P0036,0,0,0,0,0
2024-12-05,P0037,3,0,4,0,0
2024-12-05,P0038,12,0,0,12,0
2024-12-05,P0039,28,0,9,19,0
2024-12-05,P0040,228,0,2,226,0
2024-12-05,P0041,130,0,0,130,0
2024-12-05,P0042,118,0,0,118,0
2024-12-05,P0043,341,0,1,340,0
2024-12-05,P0044,60,0,17,43,0
2024-12-05,P0045,101,0,0,101,0
2024-12-05,P0046,0,0,6,0,0
2024-12-05,P0047,0,0,0,0,0
2024-12-05,P0048,35,0,0,35,0
2024-12-05,P0049,1,0,7,0,0
2024-12-05,P0050,93,0,4,89,0
2024-12-05,P0051,31,0,3,28,0
2024-12-05,P0052,298,0,0,298,0
2024-12-05,P0053,0,0,1,0,0
2024-12-05,P0054,276,0,0,276,0
2024-12-05,P0055,443,0,0,443,0
2024-12-05,P0056,0,0,10,0,0
2024-12-05,P0057,388,0,0,388,0
2024-12-05,P0058,19,0,17,2,0
2024-12-05,P0059,66,0,11,55,0
2024-12-05,P0060,27,0,13,14,0
2024-12-05,P0061,17,0,5,12,0
2024-12-05,P0062,364,0,3,361,0
2024-12-05,P0063,0,0,4,0,3
2024-12-05,P0064,122,0,0,122,0
2024-12-05,P0065,124,0,25,99,0
2024-12-05,P0066,67,0,19,48,0
2024-12-05,P0067,2,0,8,0,0
2024-12-05,P0068,300,0,0,300,0
2024-12-05,P0069,140,0,0,140,0
2024-12-05,P0070,35,0,7,26,2
2024-12-05,P0071,169,0,0,169,0
2024-12-05,P0072,295,0,0,295,0
2024-12-05,P0073,5,0,1,3,1
2024-12-05,P0074,0,0,10,0,0
2024-12-05,P0075,12,0,0,9,3
2024-12-05,P0076,15,0,0,15,0
2024-12-05,P0077,413,0,0,413,0
2024-12-05,P0078,9,0,1,8,0
2024-12-05,P0079,0,0,40,0,2
2024-12-05,P0080,370,0,0,370,0
2024-12-06,P0001,13,37,10,40,0
2024-12-06,P0002,375,0,0,375,0
2024-12-06,P0003,0,0,0,0,0
2024-12-06,P0004,25,0,5,20,0
2024-12-06,P0005,9,0,1,8,0
2024-12-06,P0006,55,0,1,54,0
2024-12-06,P0007,298,0,1,297,0
2024-12-06,P0008,225,16,2,239,0
2024-12-06,P0009,60,0,9,51,0
2024-12-06,P0010,0,0,15,0,0
2024-12-06,P0011,41,0,0,41,0
2024-12-06,P0012,258,0,2,256,0
2024-12-06,P0013,117,0,0,117,0
2024-12-06,P0014,0,0,0,0,0
2024-12-06,P0015,0,0,4,0,0
2024-12-06,P0016,64,0,2,62,0
2024-12-06,P0017,0,0,0,0,0
2024-12-06,P0018,47,0,4,43,0
2024-12-06,P0019,509,0,3,506,0
2024-12-06,P0020,294,0,0,294,0
2024-12-06,P0021,0,0,8,0,0
2024-12-06,P0022,53,21,0,74,0
2024-12-06,P0023,369,0,0,369,0
2024-12-06,P0024,306,0,1,305,0
2024-12-06,P0025,16,0,3,13,0
2024-12-06,P0026,414,11,1,424,0
2024-12-06,P0027,389,0,0,389,0
2024-12-06,P0028,0,0,0,0,0
2024-12-06,P0029,0,0,2,0,0
2024-12-06,P0030,1,0,2,0,0
2024-12-06,P0031,406,0,2,404,0
2024-12-06,P0032,0,0,4,0,0
2024-12-06,P0033,176,0,0,176,0
2024-12-06,P0034,192,0,1,191,0
2024-12-06,P0035,0,0,11,0,0
2024-12-06,P0036,0,0,0,0,0
2024-12-06,P0037,0,0,7,0,0
2024-12-06,P0038,12,0,3,9,0
2024-12-06,P0039,19,0,2,17,0
2024-12-06,P0040,226,0,0,226,0
2024-12-06,P0041,130,0,0,130,0
2024-12-06,P0042,118,0,0,118,0
2024-12-06,P0043,340,0,0,340,0
2024-12-06,P0044,43,0,15,28,0
2024-12-06,P0045,101,0,5,96,0
2024-12-06,P0046,0,0,9,0,3
2024-12-06,P0047,0,0,0,0,0
2024-12-06,P0048,35,0,2,33,0
2024-12-06,P0049,0,0,6,0,0
2024-12-06,P0050,89,0,12,77,0
2024-12-06,P0051,28,19,3,44,0
2024-12-06,P0052,298,0,0,298,0
2024-12-06,P0053,0,0,5,0,0
2024-12-06,P0054,276,0,0,276,0
2024-12-06,P0055,443,0,1,439,3
2024-12-06,P0056,0,0,0,0,0
2024-12-06,P0057,388,0,1,384,3
2024-12-06,P0058,2,61,16,44,3
2024-12-06,P0059,55,0,15,40,0
2024-12-06,P0060,14,0,11,3,0
2024-12-06,P0061,12,0,2,10,0
2024-12-06,P0062,361,0,0,361,0
2024-12-06,P0063,0,0,9,0,0
2024-12-06,P0064,122,0,0,122,0
2024-12-06,P0065,99,0,20,79,0
2024-12-06,P0066,48,0,13,35,0
2024-12-06,P0067,0,0,5,0,0
2024-12-06,P0068,300,0,0,300,0
2024-12-06,P0069,140,0,1,139,0
2024-12-06,P0070,26,0,5,21,0
2024-12-06,P0071,169,0,0,169,0
2024-12-06,P0072,295,0,1,294,0
2024-12-06,P0073,3,0,1,2,0
2024-12-06,P0074,0,0,17,0,0
2024-12-06,P0075,9,0,3,6,0
2024-12-06,P0076,15,15,0,30,0
2024-12-06,P0077,413,0,0,413,0
2024-12-06,P0078,8,0,1,4,3
2024-12-06,P0079,0,0,41,0,0
2024-12-06,P0080,370,0,0,370,0
2024-12-07,P0001,40,0,8,32,0
2024-12-07,P0002,375,0,0,375,0
2024-12-07,P0003,0,0,0,0,0
2024-12-07,P0004,20,0,13,7,0
2024-12-07,P0005,8,0,5,3,0
2024-12-07,P0006,54,0,2,52,0
2024-12-07,P0007,297,18,0,315,0
2024-12-07,P0008,239,0,0,239,0
2024-12-07,P0009,51,0,2,49,0
2024-12-07,P0010,0,0,6,0,0
2024-12-07,P0011,41,0,5,36,0
2024-12-07,P0012,256,0,3,253,0
2024-12-07,P0013,117,0,0,117,0
2024-12-07,P0014,0,0,0,0,0
2024-12-07,P0015,0,0,13,0,0
2024-12-07,P0016,62,0,15,47,0
2024-12-07,P0017,0,0,7,0,0
2024-12-07,P0018,43,0,5,38,0
2024-12-07,P0019,506,0,0,506,0
2024-12-07,P0020,294,0,0,294,0
2024-12-07,P0021,0,0,15,0,0
2024-12-07,P0022,74,0,1,73,0
2024-12-07,P0023,369,0,3,366,0
2024-12-07,P0024,305,0,2,303,0
2024-12-07,P0025,13,0,4,9,0
2024-12-07,P0026,424,0,0,424,0
2024-12-07,P0027,389,0,3,386,0
2024-12-07,P0028,0,0,1,0,0
2024-12-07,P0029,0,0,2,0,0
2024-12-07,P0030,0,0,3,0,0
2024-12-07,P0031,404,0,0,404,0
2024-12-07,P0032,0,25,5,20,0
2024-12-07,P0033,176,0,0,176,0
2024-12-07,P0034,191,0,1,190,0
2024-12-07,P0035,0,0,5,0,3
2024-12-07,P0036,0,0,0,0,0
2024-12-07,P0037,0,0,10,0,0
2024-12-07,P0038,9,0,4,5,0
2024-12-07,P0039,17,0,1,16,0
2024-12-07,P0040,226,14,1,239,0
2024-12-07,P0041,130,0,1,129,0
2024-12-07,P0042,118,0,1,117,0
2024-12-07,P0043,340,0,0,340,0
2024-12-07,P0044,28,0,15,13,0
2024-12-07,P0045,96,0,5,91,0
2024-12-07,P0046,0,0,5,0,0
2024-12-07,P0047,0,0,4,0,0
2024-12-07,P0048,33,0,5,28,0
2024-12-07,P0049,0,0,7,0,0
2024-12-07,P0050,77,0,6,71,0
2024-12-07,P0051,44,0,0,44,0
2024-12-07,P0052,298,0,2,296,0
2024-12-07,P0053,0,0,10,0,0
2024-12-07,P0054,276,0,1,275,0
2024-12-07,P0055,439,0,0,439,0
2024-12-07,P0056,0,0,3,0,0
2024-12-07,P0057,384,0,4,380,0
2024-12-07,P0058,44,0,14,30,0
2024-12-07,P0059,40,0,22,18,0
2024-12-07,P0060,3,0,14,0,0
2024-12-07,P0061,10,0,0,10,0
2024-12-07,P0062,361,0,1,360,0
2024-12-07,P0063,0,0,6,0,0
2024-12-07,P0064,122,0,0,122,0
2024-12-07,P0065,79,0,25,54,0
2024-12-07,P0066,35,0,30,5,0
2024-12-07,P0067,0,0,11,0,0
2024-12-07,P0068,300,0,2,298,0
2024-12-07,P0069,139,0,0,139,0
2024-12-07,P0070,21,0,10,11,0
2024-12-07,P0071,169,0,0,168,1
2024-12-07,P0072,294,0,2,292,0
2024-12-07,P0073,2,0,1,1,0
2024-12-07,P0074,0,0,5,0,0
2024-12-07,P0075,6,0,15,0,0
2024-12-07,P0076,30,20,3,47,0
2024-12-07,P0077,413,0,0,413,0
2024-12-07,P0078,4,0,0,2,2
2024-12-07,P0079,0,0,52,0,2
2024-12-07,P0080,370,0,0,370,0
2024-12-08,P0001,32,0,5,27,0
2024-12-08,P0002,375,0,0,375,0
2024-12-08,P0003,0,0,11,0,0
2024-12-08,P0004,7,0,3,4,0
2024-12-08,P0005,3,0,0,3,0
2024-12-08,P0006,52,0,8,44,0
2024-12-08,P0007,315,0,3,312,0
2024-12-08,P0008,239,0,0,239,0
2024-12-08,P0009,49,0,12,37,0
2024-12-08,P0010,0,0,7,0,0
2024-12-08,P0011,36,0,9,27,0
2024-12-08,P0012,253,22,0,275,0
2024-12-08,P0013,117,0,1,116,0
2024-12-08,P0014,0,0,1,0,0
2024-12-08,P0015,0,0,18,0,0
2024-12-08,P0016,47,0,13,34,0
2024-12-08,P0017,0,0,7,0,0
2024-12-08,P0018,38,0,3,35,0
2024-12-08,P0019,506,0,1,505,0
2024-12-08,P0020,294,0,1,293,0
2024-12-08,P0021,0,0,13,0,0
2024-12-08,P0022,73,20,5,88,0
2024-12-08,P0023,366,0,0,366,0
2024-12-08,P0024,303,0,4,299,0
2024-12-08,P0025,9,0,10,0,0
2024-12-08,P0026,424,0,0,424,0
2024-12-08,P0027,386,0,0,386,0
2024-12-08,P0028,0,13,2,11,0
2024-12-08,P0029,0,0,0,0,0
2024-12-08,P0030,0,0,7,0,0
2024-12-08,P0031,404,0,0,404,0
2024-12-08,P0032,20,0,2,18,0
2024-12-08,P0033,176,0,1,175,0
2024-12-08,P0034,190,0,0,190,0
2024-12-08,P0035,0,0,9,0,0
2024-12-08,P0036,0,0,0,0,0
2024-12-08,P0037,0,0,6,0,0
2024-12-08,P0038,5,0,1,2,2
2024-12-08,P0039,16,0,4,12,0
2024-12-08,P0040,239,0,1,238,0
2024-12-08,P0041,129,11,0,140,0
2024-12-08,P0042,117,0,2,115,0
2024-12-08,P0043,340,15,0,355,0
2024-12-08,P0044,13,143,22,134,0
2024-12-08,P0045,91,21,1,111,0
2024-12-08,P0046,0,0,7,0,0
2024-12-08,P0047,0,0,6,0,0
2024-12-08,P0048,28,0,1,27,0
2024-12-08,P0049,0,0,3,0,0
2024-12-08,P0050,71,18,6,83,0
2024-12-08,P0051,44,0,4,40,0
2024-12-08,P0052,296,0,0,296,0
2024-12-08,P0053,0,0,0,0,0
2024-12-08,P0054,275,0,1,274,0
2024-12-08,P0055,439,14,0,451,2
2024-12-08,P0056,0,0,5,0,0
2024-12-08,P0057,380,0,2,378,0
2024-12-08,P0058,30,0,6,24,0
2024-12-08,P0059,18,0,9,9,0
2024-12-08,P0060,0,0,15,0,0
2024-12-08,P0061,10,0,0,10,0
2024-12-08,P0062,360,0,0,360,0
2024-12-08,P0063,0,0,13,0,0
2024-12-08,P0064,122,0,2,120,0
2024-12-08,P0065,54,0,23,31,0
2024-12-08,P0066,5,107,18,94,0
2024-12-08,P0067,0,0,5,0,0
2024-12-08,P0068,298,20,1,317,0
2024-12-08,P0069,139,21,0,160,0
2024-12-08,P0070,11,0,5,6,0
2024-12-08,P0071,168,0,0,168,0
2024-12-08,P0072,292,0,7,285,0
2024-12-08,P0073,1,0,1,0,0
2024-12-08,P0074,0,46,14,32,0
2024-12-08,P0075,0,0,5,0,0
2024-12-08,P0076,47,0,10,37,0
2024-12-08,P0077,413,0,0,413,0
2024-12-08,P0078,2,0,0,2,0
2024-12-08,P0079,0,0,51,0,0
2024-12-08,P0080,370,0,0,370,0
2024-12-09,P0001,27,0,6,21,0
2024-12-09,P0002,375,13,1,387,0
2024-12-09,P0003,0,0,4,0,0
2024-12-09,P0004,4,0,9,0,0
2024-12-09,P0005,3,0,2,1,0
2024-12-09,P0006,44,0,0,44,0
2024-12-09,P0007,312,0,4,308,0
2024-12-09,P0008,239,0,2,237,0
2024-12-09,P0009,37,0,3,34,0
2024-12-09,P0010,0,0,5,0,0
2024-12-09,P0011,27,0,3,24,0
2024-12-09,P0012,275,0,0,275,0
2024-12-09,P0013,116,0,0,116,0
2024-12-09,P0014,0,15,0,15,0
2024-12-09,P0015,0,0,16,0,1
2024-12-09,P0016,34,44,0,78,0
2024-12-09,P0017,0,0,3,0,0
2024-12-09,P0018,35,0,0,35,0
2024-12-09,P0019,505,0,0,505,0
2024-12-09,P0020,293,0,0,293,0
2024-12-09,P0021,0,0,13,0,0
2024-12-09,P0022,88,0,3,85,0
2024-12-09,P0023,366,0,0,366,0
2024-12-09,P0024,299,0,4,295,0
2024-12-09,P0025,0,18,1,17,0
2024-12-09,P0026,424,0,0,424,0
2024-12-09,P0027,386,19,0,405,0
2024-12-09,P0028,11,0,0,11,0
2024-12-09,P0029,0,0,3,0,0
2024-12-09,P0030,0,0,1,0,0
2024-12-09,P0031,404,0,0,403,1
2024-12-09,P0032,18,0,1,17,0
2024-12-09,P0033,175,11,0,186,0
2024-12-09,P0034,190,0,2,188,0
2024-12-09,P0035,0,0,6,0,1
2024-12-09,P0036,0,0,2,0,0
2024-12-09,P0037,0,0,1,0,0
2024-12-09,P0038,2,0,12,0,0
2024-12-09,P0039,12,0,0,12,0
2024-12-09,P0040,238,0,0,238,0
2024-12-09,P0041,140,0,1,139,0
2024-12-09,P0042,115,0,1,114,0
2024-12-09,P0043,355,0,0,355,0
2024-12-09,P0044,134,0,21,113,0
2024-12-09,P0045,111,0,1,110,0
2024-12-09,P0046,0,37,9,28,0
2024-12-09,P0047,0,0,1,0,0
2024-12-09,P0048,27,30,15,42,0
2024-12-09,P0049,0,0,0,0,0
2024-12-09,P0050,83,0,6,77,0
2024-12-09,P0051,40,0,0,40,0
2024-12-09,P0052,296,0,0,296,0
2024-12-09,P0053,0,0,3,0,0
2024-12-09,P0054,274,0,1,273,0
2024-12-09,P0055,451,0,0,451,0
2024-12-09,P0056,0,0,4,0,0
2024-12-09,P0057,378,0,1,377,0
2024-12-09,P0058,24,0,5,19,0
2024-12-09,P0059,9,0,21,0,0
2024-12-09,P0060,0,0,6,0,0
2024-12-09,P0061,10,0,0,10,0
2024-12-09,P0062,360,0,1,359,0
2024-12-09,P0063,0,0,8,0,0
2024-12-09,P0064,120,0,0,120,0
2024-12-09,P0065,31,0,19,12,0
2024-12-09,P0066,94,0,15,79,0
2024-12-09,P0067,0,0,7,0,0
2024-12-09,P0068,317,0,2,314,1
2024-12-09,P0069,160,0,0,160,0
2024-12-09,P0070,6,0,9,0,0
2024-12-09,P0071,168,0,5,163,0
2024-12-09,P0072,285,0,0,285,0
2024-12-09,P0073,0,0,0,0,0
2024-12-09,P0074,32,38,22,48,0
2024-12-09,P0075,0,0,3,0,0
2024-12-09,P0076,37,0,0,37,0
2024-12-09,P0077,413,0,2,411,0
2024-12-09,P0078,2,0,3,0,0
2024-12-09,P0079,0,0,49,0,0
2024-12-09,P0080,370,0,0,370,0
2024-12-10,P0001,21,0,6,15,0
2024-12-10,P0002,387,0,1,386,0
2024-12-10,P0003,0,0,7,0,0
2024-12-10,P0004,0,0,4,0,0
2024-12-10,P0005,1,0,0,1,0
2024-12-10,P0006,44,0,3,41,0
2024-12-10,P0007,308,0,0,308,0
2024-12-10,P0008,237,0,1,236,0
2024-12-10,P0009,34,0,0,34,0
2024-12-10,P0010,0,0,4,0,0
2024-12-10,P0011,24,0,0,24,0
2024-12-10,P0012,275,0,0,275,0
2024-12-10,P0013,116,0,0,116,0
2024-12-10,P0014,15,0,5,10,0
2024-12-10,P0015,0,0,11,0,2
2024-12-10,P0016,78,0,4,74,0
2024-12-10,P0017,0,0,3,0,0
2024-12-10,P0018,35,0,9,26,0
2024-12-10,P0019,505,0,0,505,0
2024-12-10,P0020,293,0,1,292,0
2024-12-10,P0021,0,0,7,0,0
2024-12-10,P0022,85,0,9,76,0
2024-12-10,P0023,366,0,0,366,0
2024-12-10,P0024,295,0,0,295,0
2024-12-10,P0025,17,0,4,13,0
2024-12-10,P0026,424,0,0,424,0
2024-12-10,P0027,405,0,0,405,0
2024-12-10,P0028,11,0,2,9,0
2024-12-10,P0029,0,0,1,0,0
2024-12-10,P0030,0,0,4,0,0
2024-12-10,P0031,403,0,1,402,0
2024-12-10,P0032,17,0,3,14,0
2024-12-10,P0033,186,0,4,182,0
2024-12-10,P0034,188,0,1,187,0
2024-12-10,P0035,0,0,10,0,0
2024-12-10,P0036,0,0,0,0,0
2024-12-10,P0037,0,34,4,30,0
2024-12-10,P0038,0,0,1,0,0
2024-12-10,P0039,12,0,0,12,0
2024-12-10,P0040,238,0,0,238,0
2024-12-10,P0041,139,0,0,139,0
2024-12-10,P0042,114,0,0,114,0
2024-12-10,P0043,355,0,1,354,0
2024-12-10,P0044,113,0,23,90,0
2024-12-10,P0045,110,0,1,109,0
2024-12-10,P0046,28,0,5,23,0
2024-12-10,P0047,0,0,2,0,0
2024-12-10,P0048,42,0,8,34,0
2024-12-10,P0049,0,0,1,0,0
2024-12-10,P0050,77,0,0,77,0
2024-12-10,P0051,40,0,1,39,0
2024-12-10,P0052,296,0,0,296,0
2024-12-10,P0053,0,0,0,0,0
2024-12-10,P0054,273,0,1,272,0
2024-12-10,P0055,451,0,0,451,0
2024-12-10,P0056,0,0,1,0,0
2024-12-10,P0057,377,0,0,377,0
2024-12-10,P0058,19,0,6,13,0
2024-12-10,P0059,0,0,5,0,0
2024-12-10,P0060,0,0,4,0,0
2024-12-10,P0061,10,0,0,10,0
2024-12-10,P0062,359,0,0,359,0
2024-12-10,P0063,0,0,8,0,0
2024-12-10,P0064,120,0,0,120,0
2024-12-10,P0065,12,0,32,0,0
2024-12-10,P0066,79,0,20,59,0
2024-12-10,P0067,0,0,8,0,0
2024-12-10,P0068,314,0,1,313,0
2024-12-10,P0069,160,0,0,160,0
2024-12-10,P0070,0,0,4,0,0
2024-12-10,P0071,163,0,0,163,0
2024-12-10,P0072,285,0,0,285,0
2024-12-10,P0073,0,0,0,0,0
2024-12-10,P0074,48,0,13,35,0
2024-12-10,P0075,0,0,2,0,0
2024-12-10,P0076,37,0,5,32,0
2024-12-10,P0077,411,0,0,411,0
2024-12-10,P0078,0,0,0,0,0
2024-12-10,P0079,0,0,37,0,0
2024-12-10,P0080,370,0,0,370,0
2024-12-11,P0001,15,0,5,10,0
2024-12-11,P0002,386,0,0,386,0
2024-12-11,P0003,0,0,6,0,0
2024-12-11,P0004,0,0,7,0,0
2024-12-11,P0005,1,0,0,1,0
2024-12-11,P0006,41,0,0,41,0
2024-12-11,P0007,308,0,0,308,0
2024-12-11,P0008,236,0,0,236,0
2024-12-11,P0009,34,0,12,22,0
2024-12-11,P0010,0,51,15,36,0
2024-12-11,P0011,24,0,1,23,0
2024-12-11,P0012,275,0,0,275,0
2024-12-11,P0013,116,0,0,116,0
2024-12-11,P0014,10,0,3,7,0
2024-12-11,P0015,0,0,10,0,2
2024-12-11,P0016,74,0,9,65,0
2024-12-11,P0017,0,0,6,0,0
2024-12-11,P0018,26,0,1,25,0
2024-12-11,P0019,505,0,0,505,0
2024-12-11,P0020,292,0,0,292,0
2024-12-11,P0021,0,0,16,0,0
2024-12-11,P0022,76,0,0,76,0
2024-12-11,P0023,366,0,0,366,0
2024-12-11,P0024,295,0,0,295,0
2024-12-11,P0025,13,0,0,13,0
2024-12-11,P0026,424,11,0,435,0
2024-12-11,P0027,405,0,0,405,0
2024-12-11,P0028,9,0,3,6,0
2024-12-11,P0029,0,0,0,0,0
2024-12-11,P0030,0,0,5,0,0
2024-12-11,P0031,402,0,0,402,0
2024-12-11,P0032,14,0,4,10,0
2024-12-11,P0033,182,0,0,182,0
2024-12-11,P0034,187,0,0,187,0
2024-12-11,P0035,0,29,8,21,0
2024-12-11,P0036,0,0,6,0,0
2024-12-11,P0037,30,0,6,24,0
2024-12-11,P0038,0,0,0,0,0
2024-12-11,P0039,12,0,3,9,0
2024-12-11,P0040,238,21,0,259,0
2024-12-11,P0041,139,12,0,151,0
2024-12-11,P0042,114,0,4,110,0
2024-12-11,P0043,354,0,7,347,0
2024-12-11,P0044,90,137,20,207,0
2024-12-11,P0045,109,0,1,108,0
2024-12-11,P0046,23,0,3,20,0
2024-12-11,P0047,0,25,5,20,0
2024-12-11,P0048,34,0,7,27,0
2024-12-11,P0049,0,0,0,0,0
2024-12-11,P0050,77,0,0,77,0
2024-12-11,P0051,39,0,0,39,0
2024-12-11,P0052,296,0,0,296,0
2024-12-11,P0053,0,0,4,0,0
2024-12-11,P0054,272,0,2,270,0
2024-12-11,P0055,451,0,0,451,0
2024-12-11,P0056,0,0,1,0,0
2024-12-11,P0057,377,0,2,375,0
2024-12-11,P0058,13,0,24,0,0
2024-12-11,P0059,0,0,11,0,0
2024-12-11,P0060,0,0,7,0,0
2024-12-11,P0061,10,0,0,10,0
2024-12-11,P0062,359,0,0,359,0
2024-12-11,P0063,0,0,18,0,0
2024-12-11,P0064,120,0,1,119,0
2024-12-11,P0065,0,0,14,0,0
2024-12-11,P0066,59,0,13,46,0
2024-12-11,P0067,0,0,1,0,0
2024-12-11,P0068,313,0,0,313,0
2024-12-11,P0069,160,0,0,160,0
2024-12-11,P0070,0,0,0,0,0
2024-12-11,P0071,163,0,1,162,0
2024-12-11,P0072,285,0,1,284,0
2024-12-11,P0073,0,0,0,0,0
2024-12-11,P0074,35,0,3,32,0
2024-12-11,P0075,0,0,8,0,0
2024-12-11,P0076,32,0,2,30,0
2024-12-11,P0077,411,0,0,411,0
2024-12-11,P0078,0,0,2,0,0
2024-12-11,P0079,0,0,42,0,0
2024-12-11,P0080,370,0,0,370,0
2024-12-12,P0001,10,0,3,7,0
2024-12-12,P0002,386,0,3,383,0
2024-12-12,P0003,0,0,2,0,0
2024-12-12,P0004,0,0,3,0,0
2024-12-12,P0005,1,0,0,1,0
2024-12-12,P0006,41,0,0,41,0
2024-12-12,P0007,308,0,1,307,0
2024-12-12,P0008,236,0,0,236,0
2024-12-12,P0009,22,0,3,19,0
2024-12-12,P0010,36,0,7,29,0
2024-12-12,P0011,23,0,0,23,0
2024-12-12,P0012,275,0,0,275,0
2024-12-12,P0013,116,0,2,114,0
2024-12-12,P0014,7,0,3,4,0
2024-12-12,P0015,0,0,6,0,0
2024-12-12,P0016,65,0,1,64,0
2024-12-12,P0017,0,0,5,0,0
2024-12-12,P0018,25,0,0,25,0
2024-12-12,P0019,505,0,0,504,1
2024-12-12,P0020,292,0,0,292,0
2024-12-12,P0021,0,0,16,0,0
2024-12-12,P0022,76,0,1,75,0
2024-12-12,P0023,366,0,0,366,0
2024-12-12,P0024,295,0,2,293,0
2024-12-12,P0025,13,0,0,13,0
2024-12-12,P0026,435,0,0,435,0
2024-12-12,P0027,405,0,0,405,0
2024-12-12,P0028,6,0,3,3,0
2024-12-12,P0029,0,0,9,0,0
2024-12-12,P0030,0,0,2,0,0
2024-12-12,P0031,402,0,0,402,0
2024-12-12,P0032,10,18,2,26,0
2024-12-12,P0033,182,0,0,182,0
2024-12-12,P0034,187,0,0,187,0
2024-12-12,P0035,21,30,10,41,0
2024-12-12,P0036,0,0,7,0,0
2024-12-12,P0037,24,0,0,24,0
2024-12-12,P0038,0,0,6,0,0
2024-12-12,P0039,9,0,2,7,0
2024-12-12,P0040,259,0,0,259,0
2024-12-12,P0041,151,19,1,169,0
2024-12-12,P0042,110,0,0,110,0
2024-12-12,P0043,347,0,0,347,0
2024-12-12,P0044,207,0,17,190,0
2024-12-12,P0045,108,0,1,107,0
2024-12-12,P0046,20,0,5,15,0
2024-12-12,P0047,20,0,0,20,0
2024-12-12,P0048,27,0,9,18,0
2024-12-12,P0049,0,0,2,0,0
2024-12-12,P0050,77,0,4,73,0
2024-12-12,P0051,39,0,3,36,0
2024-12-12,P0052,296,0,1,295,0
2024-12-12,P0053,0,28,2,26,0
2024-12-12,P0054,270,0,0,270,0
2024-12-12,P0055,451,0,0,451,0
2024-12-12,P0056,0,0,0,0,0
2024-12-12,P0057,375,0,0,375,0
2024-12-12,P0058,0,0,1,0,0
2024-12-12,P0059,0,0,23,0,0
2024-12-12,P0060,0,0,3,0,0
2024-12-12,P0061,10,0,1,9,0
2024-12-12,P0062,359,0,0,359,0
2024-12-12,P0063,0,0,12,0,0
2024-12-12,P0064,119,0,2,117,0
2024-12-12,P0065,0,0,10,0,0
2024-12-12,P0066,46,0,11,35,0
2024-12-12,P0067,0,0,7,0,0
2024-12-12,P0068,313,0,4,309,0
2024-12-12,P0069,160,0,0,160,0
2024-12-12,P0070,0,0,5,0,0
2024-12-12,P0071,162,0,0,162,0
2024-12-12,P0072,284,0,0,284,0
2024-12-12,P0073,0,0,0,0,0
2024-12-12,P0074,32,0,20,12,0
2024-12-12,P0075,0,0,2,0,0
2024-12-12,P0076,30,0,0,30,0
2024-12-12,P0077,411,0,0,411,0
2024-12-12,P0078,0,0,0,0,0
2024-12-12,P0079,0,0,38,0,0
2024-12-12,P0080,370,0,0,370,0
2024-12-13,P0001,7,0,3,4,0
2024-12-13,P0002,383,0,0,383,0
2024-12-13,P0003,0,0,0,0,0
2024-12-13,P0004,0,0,3,0,0
2024-12-13,P0005,1,0,0,1,0
2024-12-13,P0006,41,0,2,39,0
2024-12-13,P0007,307,0,1,306,0
2024-12-13,P0008,236,0,0,236,0
2024-12-13,P0009,19,57,14,62,0
2024-12-13,P0010,29,0,8,21,0
2024-12-13,P0011,23,0,0,23,0
2024-12-13,P0012,275,0,0,275,0
2024-12-13,P0013,114,0,0,114,0
2024-12-13,P0014,4,0,5,0,0
2024-12-13,P0015,0,0,8,0,0
2024-12-13,P0016,64,0,6,58,0
2024-12-13,P0017,0,0,0,0,0
2024-12-13,P0018,25,0,0,25,0
2024-12-13,P0019,504,0,0,504,0
2024-12-13,P0020,292,0,0,292,0
2024-12-13,P0021,0,0,6,0,0
2024-12-13,P0022,75,0,1,74,0
2024-12-13,P0023,366,0,0,366,0
2024-12-13,P0024,293,0,0,293,0
2024-12-13,P0025,13,0,3,10,0
2024-12-13,P0026,435,0,2,432,1
2024-12-13,P0027,405,13,0,418,0
2024-12-13,P0028,3,0,8,0,0
2024-12-13,P0029,0,0,11,0,0
2024-12-13,P0030,0,0,0,0,0
2024-12-13,P0031,402,0,0,402,0
2024-12-13,P0032,26,0,1,25,0
2024-12-13,P0033,182,0,2,180,0
2024-12-13,P0034,187,0,0,187,0
2024-12-13,P0035,41,0,7,34,0
2024-12-13,P0036,0,0,2,0,0
2024-12-13,P0037,24,0,1,23,0
2024-12-13,P0038,0,0,0,0,2
2024-12-13,P0039,7,19,0,26,0
2024-12-13,P0040,259,0,0,259,0
2024-12-13,P0041,169,0,2,167,0
2024-12-13,P0042,110,0,0,110,0
2024-12-13,P0043,347,0,0,347,0
2024-12-13,P0044,190,0,25,165,0
2024-12-13,P0045,107,12,1,118,0
2024-12-13,P0046,15,0,5,10,0
2024-12-13,P0047,20,0,2,18,0
2024-12-13,P0048,18,0,2,16,0
2024-12-13,P0049,0,0,3,0,0
2024-12-13,P0050,73,0,2,71,0
2024-12-13,P0051,36,0,1,35,0
2024-12-13,P0052,295,0,0,295,0
2024-12-13,P0053,26,0,3,20,3
2024-12-13,P0054,270,0,3,267,0
2024-12-13,P0055,451,0,0,451,0
2024-12-13,P0056,0,0,1,0,0
2024-12-13,P0057,375,0,0,375,0
2024-12-13,P0058,0,0,17,0,0
2024-12-13,P0059,0,76,15,61,0
2024-12-13,P0060,0,0,6,0,0
2024-12-13,P0061,9,0,1,8,0
2024-12-13,P0062,359,0,2,357,0
2024-12-13,P0063,0,0,12,0,0
2024-12-13,P0064,117,0,2,115,0
2024-12-13,P0065,0,0,12,0,0
2024-12-13,P0066,35,0,13,22,0
2024-12-13,P0067,0,24,8,16,0
2024-12-13,P0068,309,0,0,309,0
2024-12-13,P0069,160,0,3,157,0
2024-12-13,P0070,0,0,11,0,0
2024-12-13,P0071,162,0,0,162,0
2024-12-13,P0072,284,0,0,284,0
2024-12-13,P0073,0,0,3,0,0
2024-12-13,P0074,12,0,9,3,0
2024-12-13,P0075,0,0,1,0,0
2024-12-13,P0076,30,17,0,47,0
2024-12-13,P0077,411,0,0,411,0
2024-12-13,P0078,0,0,1,0,1
2024-12-13,P0079,0,0,37,0,0
2024-12-13,P0080,370,0,0,370,0
2024-12-14,P0001,4,0,6,0,0
2024-12-14,P0002,383,0,0,383,0
2024-12-14,P0003,0,0,5,0,0
2024-12-14,P0004,0,0,7,0,0
2024-12-14,P0005,1,17,2,16,0
2024-12-14,P0006,39,0,5,34,0
2024-12-14,P0007,306,0,0,306,0
2024-12-14,P0008,236,0,0,236,0
2024-12-14,P0009,62,0,10,52,0
2024-12-14,P0010,21,0,13,8,0
2024-12-14,P0011,23,24,3,44,0
2024-12-14,P0012,275,0,5,270,0
2024-12-14,P0013,114,0,1,113,0
2024-12-14,P0014,0,0,0,0,0
2024-12-14,P0015,0,0,10,0,0
2024-12-14,P0016,58,0,14,44,0
2024-12-14,P0017,0,0,7,0,0
2024-12-14,P0018,25,0,2,23,0
2024-12-14,P0019,504,0,0,504,0
2024-12-14,P0020,292,0,0,292,0
2024-12-14,P0021,0,0,14,0,0
2024-12-14,P0022,74,0,5,69,0
2024-12-14,P0023,366,0,0,366,0
2024-12-14,P0024,293,0,0,293,0
2024-12-14,P0025,10,0,0,10,0
2024-12-14,P0026,432,0,0,432,0
2024-12-14,P0027,418,0,2,416,0
2024-12-14,P0028,0,0,0,0,0
2024-12-14,P0029,0,0,4,0,0
2024-12-14,P0030,0,0,7,0,0
2024-12-14,P0031,402,0,3,399,0
2024-12-14,P0032,25,0,0,25,0
2024-12-14,P0033,180,19,0,199,0
2024-12-14,P0034,187,0,0,187,0
2024-12-14,P0035,34,0,14,20,0
2024-12-14,P0036,0,0,0,0,0
2024-12-14,P0037,23,0,6,17,0
2024-12-14,P0038,0,0,6,0,0
2024-12-14,P0039,26,0,6,20,0
2024-12-14,P0040,259,0,0,259,0
2024-12-14,P0041,167,13,7,173,0
2024-12-14,P0042,110,0,0,110,0
2024-12-14,P0043,347,0,2,345,0
2024-12-14,P0044,165,0,22,143,0
2024-12-14,P0045,118,0,0,118,0
2024-12-14,P0046,10,0,20,0,0
2024-12-14,P0047,18,0,4,14,0
2024-12-14,P0048,16,0,4,12,0
2024-12-14,P0049,0,0,3,0,0
2024-12-14,P0050,71,0,4,67,0
2024-12-14,P0051,35,0,3,32,0
2024-12-14,P0052,295,0,0,295,0
2024-12-14,P0053,20,0,4,16,0
2024-12-14,P0054,267,0,0,267,0
2024-12-14,P0055,451,0,0,451,0
2024-12-14,P0056,0,0,1,0,0
2024-12-14,P0057,375,0,2,373,0
2024-12-14,P0058,0,0,11,0,0
2024-12-14,P0059,61,0,17,44,0
2024-12-14,P0060,0,0,14,0,0
2024-12-14,P0061,8,0,2,6,0
2024-12-14,P0062,357,10,0,367,0
2024-12-14,P0063,0,0,12,0,0
2024-12-14,P0064,115,0,0,115,0
2024-12-14,P0065,0,0,48,0,0
2024-12-14,P0066,22,0,28,0,0
2024-12-14,P0067,16,0,9,7,0
2024-12-14,P0068,309,12,0,321,0
2024-12-14,P0069,157,13,0,170,0
2024-12-14,P0070,0,0,7,0,0
2024-12-14,P0071,162,0,0,162,0
2024-12-14,P0072,284,0,0,284,0
2024-12-14,P0073,0,0,0,0,0
2024-12-14,P0074,3,0,17,0,0
2024-12-14,P0075,0,0,0,0,0
2024-12-14,P0076,47,25,0,72,0
2024-12-14,P0077,411,0,0,411,0
2024-12-14,P0078,0,0,5,0,0
2024-12-14,P0079,0,0,47,0,0
2024-12-14,P0080,370,0,0,370,0
2024-12-15,P0001,0,0,20,0,0
2024-12-15,P0002,383,19,0,402,0
2024-12-15,P0003,0,23,6,17,0
2024-12-15,P0004,0,0,2,0,0
2024-12-15,P0005,16,0,0,13,3
2024-12-15,P0006,34,0,1,33,0
2024-12-15,P0007,306,0,0,305,1
2024-12-15,P0008,236,0,0,236,0
2024-12-15,P0009,52,0,12,40,0
2024-12-15,P0010,8,0,17,0,0
2024-12-15,P0011,44,19,3,60,0
2024-12-15,P0012,270,0,6,264,0
2024-12-15,P0013,113,0,0,113,0
2024-12-15,P0014,0,0,5,0,0
2024-12-15,P0015,0,0,7,0,0
2024-12-15,P0016,44,0,6,38,0
2024-12-15,P0017,0,0,3,0,1
2024-12-15,P0018,23,15,7,31,0
2024-12-15,P0019,504,0,0,504,0
2024-12-15,P0020,292,0,0,292,0
2024-12-15,P0021,0,0,6,0,0
2024-12-15,P0022,69,0,3,66,0
2024-12-15,P0023,366,0,0,366,0
2024-12-15,P0024,293,0,3,290,0
2024-12-15,P0025,10,0,3,7,0
2024-12-15,P0026,432,0,0,432,0
2024-12-15,P0027,416,16,0,432,0
2024-12-15,P0028,0,12,4,8,0
2024-12-15,P0029,0,0,8,0,0
2024-12-15,P0030,0,0,0,0,3
2024-12-15,P0031,399,0,1,398,0
2024-12-15,P0032,25,16,0,41,0
2024-12-15,P0033,199,0,0,199,0
2024-12-15,P0034,187,0,0,187,0
2024-12-15,P0035,20,0,8,12,0
2024-12-15,P0036,0,19,6,13,0
2024-12-15,P0037,17,0,4,13,0
2024-12-15,P0038,0,0,3,0,0
2024-12-15,P0039,20,0,0,20,0
2024-12-15,P0040,259,0,1,258,0
2024-12-15,P0041,173,0,3,170,0
2024-12-15,P0042,110,0,5,105,0
2024-12-15,P0043,345,0,3,342,0
2024-12-15,P0044,143,0,44,99,0
2024-12-15,P0045,118,0,0,118,0
2024-12-15,P0046,0,0,14,0,0
2024-12-15,P0047,14,0,13,1,0
2024-12-15,P0048,12,0,1,11,0
2024-12-15,P0049,0,0,1,0,0
2024-12-15,P0050,67,0,0,67,0
2024-12-15,P0051,32,0,0,32,0
2024-12-15,P0052,295,0,0,295,0
2024-12-15,P0053,16,0,5,11,0
2024-12-15,P0054,267,0,0,267,0
2024-12-15,P0055,451,0,0,451,0
2024-12-15,P0056,0,0,6,0,0
2024-12-15,P0057,373,0,0,373,0
2024-12-15,P0058,0,52,13,39,0
2024-12-15,P0059,44,0,31,13,0
2024-12-15,P0060,0,0,26,0,0
2024-12-15,P0061,6,0,0,6,0
2024-12-15,P0062,367,0,0,367,0
2024-12-15,P0063,0,0,12,0,0
2024-12-15,P0064,115,0,1,114,0
2024-12-15,P0065,0,0,21,0,0
2024-12-15,P0066,0,0,6,0,0
2024-12-15,P0067,7,0,12,0,0
2024-12-15,P0068,321,16,0,337,0
2024-12-15,P0069,170,0,0,170,0
2024-12-15,P0070,0,0,6,0,0
2024-12-15,P0071,162,0,0,162,0
2024-12-15,P0072,284,0,0,284,0
2024-12-15,P0073,0,0,8,0,0
2024-12-15,P0074,0,0,6,0,0
2024-12-15,P0075,0,0,5,0,0
2024-12-15,P0076,72,0,2,70,0
2024-12-15,P0077,411,0,0,411,0
2024-12-15,P0078,0,0,2,0,0
2024-12-15,P0079,0,0,75,0,0
2024-12-15,P0080,370,0,2,368,0
2024-12-16,P0001,0,0,6,0,0
2024-12-16,P0002,402,0,0,402,0
2024-12-16,P0003,17,0,0,17,0
2024-12-16,P0004,0,0,5,0,0
2024-12-16,P0005,13,0,1,12,0
2024-12-16,P0006,33,0,3,30,0
2024-12-16,P0007,305,0,3,302,0
2024-12-16,P0008,236,0,1,235,0
2024-12-16,P0009,40,0,7,33,0
2024-12-16,P0010,0,60,5,55,0
2024-12-16,P0011,60,0,0,60,0
2024-12-16,P0012,264,0,4,260,0
2024-12-16,P0013,113,0,0,113,0
2024-12-16,P0014,0,0,1,0,0
2024-12-16,P0015,0,0,13,0,0
2024-12-16,P0016,38,0,8,30,0
2024-12-16,P0017,0,33,4,29,0
2024-12-16,P0018,31,0,13,18,0
2024-12-16,P0019,504,0,0,504,0
2024-12-16,P0020,292,0,3,289,0
2024-12-16,P0021,0,28,8,20,0
2024-12-16,P0022,66,0,1,65,0
2024-12-16,P0023,366,0,1,365,0
2024-12-16,P0024,290,0,0,290,0
2024-12-16,P0025,7,0,5,2,0
2024-12-16,P0026,432,0,0,430,2
2024-12-16,P0027,432,0,0,432,0
2024-12-16,P0028,8,0,10,0,0
2024-12-16,P0029,0,0,8,0,0
2024-12-16,P0030,0,0,2,0,0
2024-12-16,P0031,398,0,0,398,0
2024-12-16,P0032,41,0,3,38,0
2024-12-16,P0033,199,0,2,197,0
2024-12-16,P0034,187,0,2,185,0
2024-12-16,P0035,12,0,2,10,0
2024-12-16,P0036,13,0,1,12,0
2024-12-16,P0037,13,0,3,10,0
2024-12-16,P0038,0,0,7,0,0
2024-12-16,P0039,20,0,1,19,0
2024-12-16,P0040,258,0,1,257,0
2024-12-16,P0041,170,0,3,167,0
2024-12-16,P0042,105,0,0,105,0
2024-12-16,P0043,342,0,2,339,1
2024-12-16,P0044,99,0,21,78,0
2024-12-16,P0045,118,0,0,118,0
2024-12-16,P0046,0,0,5,0,0
2024-12-16,P0047,1,0,4,0,3
2024-12-16,P0048,11,0,3,8,0
2024-12-16,P0049,0,0,0,0,0
2024-12-16,P0050,67,0,2,65,0
2024-12-16,P0051,32,0,3,29,0
2024-12-16,P0052,295,0,0,295,0
2024-12-16,P0053,11,31,3,39,0
2024-12-16,P0054,267,16,1,282,0
2024-12-16,P0055,451,0,0,451,0
2024-12-16,P0056,0,0,0,0,1
2024-12-16,P0057,373,0,0,373,0
2024-12-16,P0058,39,0,20,19,0
2024-12-16,P0059,13,0,11,2,0
2024-12-16,P0060,0,0,6,0,0
2024-12-16,P0061,6,0,0,6,0
2024-12-16,P0062,367,0,0,367,0
2024-12-16,P0063,0,0,3,0,0
2024-12-16,P0064,114,0,0,114,0
2024-12-16,P0065,0,0,23,0,0
2024-12-16,P0066,0,0,14,0,0
2024-12-16,P0067,0,0,6,0,0
2024-12-16,P0068,337,0,0,337,0
2024-12-16,P0069,170,0,0,170,0
2024-12-16,P0070,0,27,7,20,0
2024-12-16,P0071,162,0,1,160,1
2024-12-16,P0072,284,0,0,284,0
2024-12-16,P0073,0,0,0,0,0
2024-12-16,P0074,0,0,7,0,0
2024-12-16,P0075,0,0,4,0,0
2024-12-16,P0076,70,0,3,67,0
2024-12-16,P0077,411,0,1,410,0
2024-12-16,P0078,0,0,0,0,0
2024-12-16,P0079,0,0,33,0,0
2024-12-16,P0080,368,0,0,368,0
2024-12-17,P0001,0,0,10,0,0
2024-12-17,P0002,402,0,0,402,0
2024-12-17,P0003,17,0,3,14,0
2024-12-17,P0004,0,0,6,0,0
2024-12-17,P0005,12,0,0,12,0
2024-12-17,P0006,30,0,0,30,0
2024-12-17,P0007,302,0,1,301,0
2024-12-17,P0008,235,0,0,235,0
2024-12-17,P0009,33,0,7,26,0
2024-12-17,P0010,55,0,14,41,0
2024-12-17,P0011,60,0,1,59,0
2024-12-17,P0012,260,0,6,254,0
2024-12-17,P0013,113,0,0,113,0
2024-12-17,P0014,0,0,7,0,0
2024-12-17,P0015,0,0,7,0,0
2024-12-17,P0016,30,0,5,25,0
2024-12-17,P0017,29,0,4,25,0
2024-12-17,P0018,18,0,1,17,0
2024-12-17,P0019,504,0,0,504,0
2024-12-17,P0020,289,0,0,289,0
2024-12-17,P0021,20,0,6,14,0
2024-12-17,P0022,65,0,2,63,0
2024-12-17,P0023,365,0,0,365,0
2024-12-17,P0024,290,0,0,290,0
2024-12-17,P0025,2,0,8,0,0
2024-12-17,P0026,430,0,0,430,0
2024-12-17,P0027,432,0,1,431,0
2024-12-17,P0028,0,0,1,0,0
2024-12-17,P0029,0,0,2,0,0
2024-12-17,P0030,0,25,1,24,0
2024-12-17,P0031,398,0,0,396,2
2024-12-17,P0032,38,0,0,38,0
2024-12-17,P0033,197,0,1,196,0
2024-12-17,P0034,185,21,3,203,0
2024-12-17,P0035,10,0,3,7,0
2024-12-17,P0036,12,0,3,9,0
2024-12-17,P0037,10,0,10,0,3
2024-12-17,P0038,0,0,3,0,0
2024-12-17,P0039,19,0,0,19,0
2024-12-17,P0040,257,0,0,257,0
2024-12-17,P0041,167,0,0,167,0
2024-12-17,P0042,105,0,0,105,0
2024-12-17,P0043,339,11,0,350,0
2024-12-17,P0044,78,0,26,52,0
2024-12-17,P0045,118,0,4,114,0
2024-12-17,P0046,0,0,5,0,0
2024-12-17,P0047,0,0,6,0,0
2024-12-17,P0048,8,0,6,2,0
2024-12-17,P0049,0,0,2,0,0
2024-12-17,P0050,65,0,5,60,0
2024-12-17,P0051,29,0,0,29,0
2024-12-17,P0052,295,0,3,292,0
2024-12-17,P0053,39,33,8,64,0
2024-12-17,P0054,282,0,1,281,0
2024-12-17,P0055,451,0,0,451,0
2024-12-17,P0056,0,16,5,11,0
2024-12-17,P0057,373,0,0,372,1
2024-12-17,P0058,19,0,14,5,0
2024-12-17,P0059,2,0,16,0,0
2024-12-17,P0060,0,0,20,0,0
2024-12-17,P0061,6,0,0,6,0
2024-12-17,P0062,367,0,0,367,0
2024-12-17,P0063,0,35,16,19,0
2024-12-17,P0064,114,0,0,114,0
2024-12-17,P0065,0,0,22,0,0
2024-12-17,P0066,0,0,14,0,0
2024-12-17,P0067,0,0,15,0,0
2024-12-17,P0068,337,0,0,337,0
2024-12-17,P0069,170,0,1,169,0
2024-12-17,P0070,20,0,7,13,0
2024-12-17,P0071,160,0,0,160,0
2024-12-17,P0072,284,11,0,295,0
2024-12-17,P0073,0,0,0,0,0
2024-12-17,P0074,0,0,16,0,0
2024-12-17,P0075,0,0,3,0,0
2024-12-17,P0076,67,0,2,65,0
2024-12-17,P0077,410,0,0,410,0
2024-12-17,P0078,0,0,7,0,1
2024-12-17,P0079,0,0,46,0,0
2024-12-17,P0080,368,19,0,387,0
2024-12-18,P0001,0,0,5,0,0
2024-12-18,P0002,402,0,0,402,0
2024-12-18,P0003,14,16,4,26,0
2024-12-18,P0004,0,0,1,0,0
2024-12-18,P0005,12,0,4,6,2
2024-12-18,P0006,30,0,0,30,0
2024-12-18,P0007,301,0,4,297,0
2024-12-18,P0008,235,0,0,235,0
2024-12-18,P0009,26,45,3,68,0
2024-12-18,P0010,41,0,5,36,0
2024-12-18,P0011,59,0,6,53,0
2024-12-18,P0012,254,0,0,254,0
2024-12-18,P0013,113,0,2,111,0
2024-12-18,P0014,0,0,1,0,0
2024-12-18,P0015,0,0,20,0,0
2024-12-18,P0016,25,0,5,20,0
2024-12-18,P0017,25,0,0,25,0
2024-12-18,P0018,17,0,0,17,0
2024-12-18,P0019,504,0,4,500,0
2024-12-18,P0020,289,0,0,289,0
2024-12-18,P0021,14,0,9,5,0
2024-12-18,P0022,63,0,0,63,0
2024-12-18,P0023,365,13,0,378,0
2024-12-18,P0024,290,0,0,290,0
2024-12-18,P0025,0,0,0,0,0
2024-12-18,P0026,430,0,0,430,0
2024-12-18,P0027,431,0,0,431,0
2024-12-18,P0028,0,0,0,0,0
2024-12-18,P0029,0,0,4,0,0
2024-12-18,P0030,24,0,1,23,0
2024-12-18,P0031,396,0,0,396,0
2024-12-18,P0032,38,0,8,30,0
2024-12-18,P0033,196,22,0,218,0
2024-12-18,P0034,203,0,0,203,0
2024-12-18,P0035,7,0,0,7,0
2024-12-18,P0036,9,21,0,30,0
2024-12-18,P0037,0,0,1,0,0
2024-12-18,P0038,0,0,3,0,0
2024-12-18,P0039,19,0,3,16,0
2024-12-18,P0040,257,0,0,257,0
2024-12-18,P0041,167,0,0,167,0
2024-12-18,P0042,105,0,0,105,0
2024-12-18,P0043,350,0,1,349,0
2024-12-18,P0044,52,0,6,46,0
2024-12-18,P0045,114,0,4,110,0
2024-12-18,P0046,0,0,6,0,0
2024-12-18,P0047,0,0,0,0,0
2024-12-18,P0048,2,0,10,0,0
2024-12-18,P0049,0,0,0,0,0
2024-12-18,P0050,60,0,3,57,0
2024-12-18,P0051,29,0,2,27,0
2024-12-18,P0052,292,0,0,292,0
2024-12-18,P0053,64,29,0,93,0
2024-12-18,P0054,281,0,0,281,0
2024-12-18,P0055,451,0,0,451,0
2024-12-18,P0056,11,0,6,5,0
2024-12-18,P0057,372,17,0,389,0
2024-12-18,P0058,5,0,9,0,0
2024-12-18,P0059,0,0,8,0,0
2024-12-18,P0060,0,0,9,0,0
2024-12-18,P0061,6,0,0,6,0
2024-12-18,P0062,367,0,0,367,0
2024-12-18,P0063,19,0,6,13,0
2024-12-18,P0064,114,0,2,112,0
2024-12-18,P0065,0,0,15,0,0
2024-12-18,P0066,0,0,10,0,0
2024-12-18,P0067,0,0,1,0,0
2024-12-18,P0068,337,0,0,337,0
2024-12-18,P0069,169,0,1,168,0
2024-12-18,P0070,13,0,2,11,0
2024-12-18,P0071,160,0,0,160,0
2024-12-18,P0072,295,0,1,294,0
2024-12-18,P0073,0,0,1,0,0
2024-12-18,P0074,0,0,1,0,0
2024-12-18,P0075,0,0,9,0,0
2024-12-18,P0076,65,0,7,58,0
2024-12-18,P0077,410,0,0,410,0
2024-12-18,P0078,0,0,0,0,0
2024-12-18,P0079,0,0,28,0,0
2024-12-18,P0080,387,0,2,385,0
2024-12-19,P0001,0,0,5,0,0
2024-12-19,P0002,402,0,0,402,0
2024-12-19,P0003,26,17,7,36,0
2024-12-19,P0004,0,39,1,38,0
2024-12-19,P0005,6,0,0,6,0
2024-12-19,P0006,30,0,1,29,0
2024-12-19,P0007,297,0,1,296,0
2024-12-19,P0008,235,0,2,233,0
2024-12-19,P0009,68,0,0,68,0
2024-12-19,P0010,36,0,5,31,0
2024-12-19,P0011,53,21,0,74,0
2024-12-19,P0012,254,0,0,254,0
2024-12-19,P0013,111,0,4,107,0
2024-12-19,P0014,0,0,8,0,0
2024-12-19,P0015,0,0,15,0,0
2024-12-19,P0016,20,0,3,17,0
2024-12-19,P0017,25,0,1,24,0
2024-12-19,P0018,17,0,2,15,0
2024-12-19,P0019,500,0,0,500,0
2024-12-19,P0020,289,0,0,289,0
2024-12-19,P0021,5,30,1,34,0
2024-12-19,P0022,63,0,2,59,2
2024-12-19,P0023,378,0,0,378,0
2024-12-19,P0024,290,0,3,287,0
2024-12-19,P0025,0,0,6,0,0
2024-12-19,P0026,430,0,0,430,0
2024-12-19,P0027,431,0,4,427,0
2024-12-19,P0028,0,0,1,0,0
2024-12-19,P0029,0,0,0,0,0
2024-12-19,P0030,23,0,0,23,0
2024-12-19,P0031,396,0,0,396,0
2024-12-19,P0032,30,0,6,24,0
2024-12-19,P0033,218,0,1,217,0
2024-12-19,P0034,203,0,0,203,0
2024-12-19,P0035,7,27,8,26,0
2024-12-19,P0036,30,0,0,30,0
2024-12-19,P0037,0,0,13,0,0
2024-12-19,P0038,0,0,3,0,0
2024-12-19,P0039,16,0,1,15,0
2024-12-19,P0040,257,0,0,257,0
2024-12-19,P0041,167,0,1,166,0
2024-12-19,P0042,105,0,0,105,0
2024-12-19,P0043,349,0,1,345,3
2024-12-19,P0044,46,0,24,22,0
2024-12-19,P0045,110,0,0,110,0
2024-12-19,P0046,0,48,5,43,0
2024-12-19,P0047,0,0,0,0,0
2024-12-19,P0048,0,0,2,0,0
2024-12-19,P0049,0,0,0,0,0
2024-12-19,P0050,57,0,7,50,0
2024-12-19,P0051,27,12,2,37,0
2024-12-19,P0052,292,0,0,292,0
2024-12-19,P0053,93,0,14,79,0
2024-12-19,P0054,281,0,0,278,3
2024-12-19,P0055,451,0,0,451,0
2024-12-19,P0056,5,0,2,3,0
2024-12-19,P0057,389,0,0,389,0
2024-12-19,P0058,0,0,12,0,0
2024-12-19,P0059,0,0,10,0,0
2024-12-19,P0060,0,0,8,0,0
2024-12-19,P0061,6,0,3,3,0
2024-12-19,P0062,367,0,2,365,0
2024-12-19,P0063,13,53,10,56,0
2024-12-19,P0064,112,0,0,112,0
2024-12-19,P0065,0,0,14,0,0
2024-12-19,P0066,0,90,10,80,0
2024-12-19,P0067,0,0,4,0,0
2024-12-19,P0068,337,0,4,333,0
2024-12-19,P0069,168,0,1,167,0
2024-12-19,P0070,11,0,7,4,0
2024-12-19,P0071,160,0,0,160,0
2024-12-19,P0072,294,0,0,294,0
2024-12-19,P0073,0,19,1,18,0
2024-12-19,P0074,0,0,14,0,0
2024-12-19,P0075,0,17,2,15,0
2024-12-19,P0076,58,0,3,55,0
2024-12-19,P0077,410,17,0,427,0
2024-12-19,P0078,0,0,8,0,0
2024-12-19,P0079,0,129,46,83,0
2024-12-19,P0080,385,0,0,385,0
2024-12-20,P0001,0,0,0,0,0
2024-12-20,P0002,402,0,1,401,0
2024-12-20,P0003,36,17,3,50,0
2024-12-20,P0004,38,0,6,32,0
2024-12-20,P0005,6,0,0,6,0
2024-12-20,P0006,29,0,5,24,0
2024-12-20,P0007,296,0,1,295,0
2024-12-20,P0008,233,0,0,231,2
2024-12-20,P0009,68,0,8,60,0
2024-12-20,P0010,31,0,3,27,1
2024-12-20,P0011,74,0,0,74,0
2024-12-20,P0012,254,0,1,253,0
2024-12-20,P0013,107,15,0,122,0
2024-12-20,P0014,0,0,0,0,0
2024-12-20,P0015,0,0,11,0,0
2024-12-20,P0016,17,0,7,10,0
2024-12-20,P0017,24,0,1,23,0
2024-12-20,P0018,15,0,0,15,0
2024-12-20,P0019,500,0,0,500,0
2024-12-20,P0020,289,0,0,289,0
2024-12-20,P0021,34,0,15,19,0
2024-12-20,P0022,59,0,2,57,0
2024-12-20,P0023,378,0,0,378,0
2024-12-20,P0024,287,0,0,287,0
2024-12-20,P0025,0,0,1,0,0
2024-12-20,P0026,430,0,0,430,0
2024-12-20,P0027,427,0,3,424,0
2024-12-20,P0028,0,0,2,0,0
2024-12-20,P0029,0,0,0,0,0
2024-12-20,P0030,23,0,3,20,0
2024-12-20,P0031,396,17,0,413,0
2024-12-20,P0032,24,0,4,20,0
2024-12-20,P0033,217,0,0,217,0
2024-12-20,P0034,203,21,3,221,0
2024-12-20,P0035,26,0,1,25,0
2024-12-20,P0036,30,0,5,22,3
2024-12-20,P0037,0,34,4,30,0
2024-12-20,P0038,0,0,4,0,0
2024-12-20,P0039,15,0,0,15,0
2024-12-20,P0040,257,0,0,257,0
2024-12-20,P0041,166,0,1,165,0
2024-12-20,P0042,105,0,1,104,0
2024-12-20,P0043,345,0,1,344,0
2024-12-20,P0044,22,0,10,12,0
2024-12-20,P0045,110,0,1,109,0
2024-12-20,P0046,43,33,4,72,0
2024-12-20,P0047,0,0,2,0,0
2024-12-20,P0048,0,0,6,0,0
2024-12-20,P0049,0,19,8,11,0
2024-12-20,P0050,50,0,0,50,0
2024-12-20,P0051,37,0,0,37,0
2024-12-20,P0052,292,0,0,292,0
2024-12-20,P0053,79,0,0,79,0
2024-12-20,P0054,278,0,2,276,0
2024-12-20,P0055,451,0,1,450,0
2024-12-20,P0056,3,0,0,3,0
2024-12-20,P0057,389,16,0,405,0
2024-12-20,P0058,0,0,17,0,0
2024-12-20,P0059,0,0,20,0,0
2024-12-20,P0060,0,0,6,0,0
2024-12-20,P0061,3,0,0,3,0
2024-12-20,P0062,365,0,0,365,0
2024-12-20,P0063,56,0,6,50,0
2024-12-20,P0064,112,0,5,107,0
2024-12-20,P0065,0,0,20,0,0
2024-12-20,P0066,80,0,17,63,0
2024-12-20,P0067,0,0,5,0,0
2024-12-20,P0068,333,0,0,333,0
2024-12-20,P0069,167,0,0,167,0
2024-12-20,P0070,4,0,8,0,1
2024-12-20,P0071,160,0,0,160,0
2024-12-20,P0072,294,0,0,294,0
2024-12-20,P0073,18,0,2,16,0
2024-12-20,P0074,0,0,14,0,0
2024-12-20,P0075,15,0,3,12,0
2024-12-20,P0076,55,0,4,51,0
2024-12-20,P0077,427,0,0,427,0
2024-12-20,P0078,0,0,0,0,0
2024-12-20,P0079,83,0,36,46,1
2024-12-20,P0080,385,0,0,385,0
2024-12-21,P0001,0,0,13,0,0
2024-12-21,P0002,401,0,0,401,0
2024-12-21,P0003,50,0,7,43,0
2024-12-21,P0004,32,0,5,27,0
2024-12-21,P0005,6,0,4,2,0
2024-12-21,P0006,24,0,0,24,0
2024-12-21,P0007,295,14,1,308,0
2024-12-21,P0008,231,0,0,231,0
2024-12-21,P0009,60,0,8,52,0
2024-12-21,P0010,27,0,21,6,0
2024-12-21,P0011,74,0,2,72,0
2024-12-21,P0012,253,0,0,253,0
2024-12-21,P0013,122,0,0,122,0
2024-12-21,P0014,0,29,1,28,0
2024-12-21,P0015,0,0,11,0,0
2024-12-21,P0016,10,0,16,0,0
2024-12-21,P0017,23,0,2,21,0
2024-12-21,P0018,15,0,5,10,0
2024-12-21,P0019,500,0,2,498,0
2024-12-21,P0020,289,0,3,286,0
2024-12-21,P0021,19,0,18,1,0
2024-12-21,P0022,57,0,4,53,0
2024-12-21,P0023,378,0,0,378,0
2024-12-21,P0024,287,0,0,287,0
2024-12-21,P0025,0,0,3,0,0
2024-12-21,P0026,430,0,0,430,0
2024-12-21,P0027,424,0,0,424,0
2024-12-21,P0028,0,23,4,19,0
2024-12-21,P0029,0,0,4,0,3
2024-12-21,P0030,20,0,1,19,0
2024-12-21,P0031,413,0,0,413,0
2024-12-21,P0032,20,16,11,25,0
2024-12-21,P0033,217,0,2,215,0
2024-12-21,P0034,221,0,0,221,0
2024-12-21,P0035,25,0,2,23,0
2024-12-21,P0036,22,0,0,22,0
2024-12-21,P0037,30,0,3,27,0
2024-12-21,P0038,0,0,2,0,0
2024-12-21,P0039,15,0,0,15,0
2024-12-21,P0040,257,0,1,256,0
2024-12-21,P0041,165,0,1,164,0
2024-12-21,P0042,104,0,0,104,0
2024-12-21,P0043,344,0,0,344,0
2024-12-21,P0044,12,0,30,0,0
2024-12-21,P0045,109,0,0,109,0
2024-12-21,P0046,72,0,8,64,0
2024-12-21,P0047,0,0,1,0,0
2024-12-21,P0048,0,0,2,0,0
2024-12-21,P0049,11,0,1,10,0
2024-12-21,P0050,50,0,4,46,0
2024-12-21,P0051,37,0,2,35,0
2024-12-21,P0052,292,0,0,292,0
2024-12-21,P0053,79,0,5,74,0
2024-12-21,P0054,276,0,0,276,0
2024-12-21,P0055,450,0,3,447,0
2024-12-21,P0056,3,0,0,3,0
2024-12-21,P0057,405,0,0,405,0
2024-12-21,P0058,0,0,12,0,0
2024-12-21,P0059,0,0,14,0,0
2024-12-21,P0060,0,0,23,0,0
2024-12-21,P0061,3,0,0,3,0
2024-12-21,P0062,365,0,0,365,0
2024-12-21,P0063,50,0,14,36,0
2024-12-21,P0064,107,0,1,106,0
2024-12-21,P0065,0,0,21,0,0
2024-12-21,P0066,63,0,20,43,0
2024-12-21,P0067,0,0,4,0,0
2024-12-21,P0068,333,0,2,331,0
2024-12-21,P0069,167,0,0,167,0
2024-12-21,P0070,0,0,16,0,0
2024-12-21,P0071,160,0,0,160,0
2024-12-21,P0072,294,0,2,292,0
2024-12-21,P0073,16,0,0,16,0
2024-12-21,P0074,0,0,18,0,0
2024-12-21,P0075,12,16,0,28,0
2024-12-21,P0076,51,0,0,51,0
2024-12-21,P0077,427,0,0,427,0
2024-12-21,P0078,0,0,2,0,0
2024-12-21,P0079,46,0,56,0,0
2024-12-21,P0080,385,0,0,385,0
2024-12-22,P0001,0,31,14,17,0
2024-12-22,P0002,401,0,5,396,0
2024-12-22,P0003,43,0,6,37,0
2024-12-22,P0004,27,0,5,22,0
2024-12-22,P0005,2,0,4,0,0
2024-12-22,P0006,24,0,5,19,0
2024-12-22,P0007,308,0,0,308,0
2024-12-22,P0008,231,0,0,231,0
2024-12-22,P0009,52,0,11,41,0
2024-12-22,P0010,6,0,11,0,0
2024-12-22,P0011,72,0,12,60,0
2024-12-22,P0012,253,0,0,253,0
2024-12-22,P0013,122,0,0,122,0
2024-12-22,P0014,28,0,0,28,0
2024-12-22,P0015,0,0,6,0,0
2024-12-22,P0016,0,0,17,0,0
2024-12-22,P0017,21,0,10,11,0
2024-12-22,P0018,10,0,3,7,0
2024-12-22,P0019,498,0,0,498,0
2024-12-22,P0020,286,0,0,286,0
2024-12-22,P0021,1,0,11,0,0
2024-12-22,P0022,53,20,0,73,0
2024-12-22,P0023,378,0,0,378,0
2024-12-22,P0024,287,0,3,283,1
2024-12-22,P0025,0,0,2,0,0
2024-12-22,P0026,430,0,1,429,0
2024-12-22,P0027,424,0,3,421,0
2024-12-22,P0028,19,0,3,16,0
2024-12-22,P0029,0,0,0,0,0
2024-12-22,P0030,19,0,0,19,0
2024-12-22,P0031,413,0,0,413,0
2024-12-22,P0032,25,0,8,17,0
2024-12-22,P0033,215,0,0,215,0
2024-12-22,P0034,221,0,0,221,0
2024-12-22,P0035,23,0,3,20,0
2024-12-22,P0036,22,0,5,17,0
2024-12-22,P0037,27,40,8,59,0
2024-12-22,P0038,0,0,11,0,0
2024-12-22,P0039,15,0,6,9,0
2024-12-22,P0040,256,0,0,256,0
2024-12-22,P0041,164,0,0,164,0
2024-12-22,P0042,104,0,3,101,0
2024-12-22,P0043,344,0,0,344,0
2024-12-22,P0044,0,0,26,0,0
2024-12-22,P0045,109,0,3,106,0
2024-12-22,P0046,64,0,2,62,0
2024-12-22,P0047,0,0,3,0,0
2024-12-22,P0048,0,0,9,0,0
2024-12-22,P0049,10,0,0,10,0
2024-12-22,P0050,46,0,1,45,0
2024-12-22,P0051,35,0,0,35,0
2024-12-22,P0052,292,0,1,291,0
2024-12-22,P0053,74,0,4,70,0
2024-12-22,P0054,276,0,1,275,0
2024-12-22,P0055,447,0,0,447,0
2024-12-22,P0056,3,0,14,0,3
2024-12-22,P0057,405,20,4,421,0
2024-12-22,P0058,0,0,12,0,0
2024-12-22,P0059,0,0,6,0,0
2024-12-22,P0060,0,0,18,0,0
2024-12-22,P0061,3,0,0,3,0
2024-12-22,P0062,365,0,0,363,2
2024-12-22,P0063,36,0,30,6,0
2024-12-22,P0064,106,0,1,105,0
2024-12-22,P0065,0,0,30,0,0
2024-12-22,P0066,43,69,19,93,0
2024-12-22,P0067,0,0,2,0,0
2024-12-22,P0068,331,0,4,327,0
2024-12-22,P0069,167,0,5,162,0
2024-12-22,P0070,0,0,4,0,0
2024-12-22,P0071,160,0,4,156,0
2024-12-22,P0072,292,0,0,292,0
2024-12-22,P0073,16,0,1,15,0
2024-12-22,P0074,0,0,13,0,0
2024-12-22,P0075,28,24,10,42,0
2024-12-22,P0076,51,0,2,49,0
2024-12-22,P0077,427,0,0,427,0
2024-12-22,P0078,0,0,3,0,0
2024-12-22,P0079,0,0,37,0,0
2024-12-22,P0080,385,0,0,385,0
2024-12-23,P0001,17,0,1,16,0
2024-12-23,P0002,396,0,6,390,0
2024-12-23,P0003,37,0,4,33,0
2024-12-23,P0004,22,0,1,21,0
2024-12-23,P0005,0,0,5,0,0
2024-12-23,P0006,19,0,0,19,0
2024-12-23,P0007,308,0,0,308,0
2024-12-23,P0008,231,0,0,231,0
2024-12-23,P0009,41,0,14,27,0
2024-12-23,P0010,0,0,9,0,0
2024-12-23,P0011,60,19,0,79,0
2024-12-23,P0012,253,0,0,253,0
2024-12-23,P0013,122,0,4,118,0
2024-12-23,P0014,28,0,0,28,0
2024-12-23,P0015,0,0,6,0,0
2024-12-23,P0016,0,0,0,0,0
2024-12-23,P0017,11,0,1,10,0
2024-12-23,P0018,7,0,5,2,0
2024-12-23,P0019,498,0,0,498,0
2024-12-23,P0020,286,0,0,286,0
2024-12-23,P0021,0,0,10,0,0
2024-12-23,P0022,73,0,2,71,0
2024-12-23,P0023,378,0,0,378,0
2024-12-23,P0024,283,11,1,293,0
2024-12-23,P0025,0,0,2,0,0
2024-12-23,P0026,429,0,0,429,0
2024-12-23,P0027,421,0,0,421,0
2024-12-23,P0028,16,0,0,16,0
2024-12-23,P0029,0,0,5,0,0
2024-12-23,P0030,19,0,2,17,0
2024-12-23,P0031,413,0,0,413,0
2024-12-23,P0032,17,0,0,17,0
2024-12-23,P0033,215,0,1,214,0
2024-12-23,P0034,221,0,0,221,0
2024-12-23,P0035,20,0,2,18,0
2024-12-23,P0036,17,0,7,10,0
2024-12-23,P0037,59,0,9,50,0
2024-12-23,P0038,0,22,1,21,0
2024-12-23,P0039,9,0,0,9,0
2024-12-23,P0040,256,0,0,256,0
2024-12-23,P0041,164,0,0,164,0
2024-12-23,P0042,101,0,0,101,0
2024-12-23,P0043,344,0,4,340,0
2024-12-23,P0044,0,0,25,0,0
2024-12-23,P0045,106,0,0,106,0
2024-12-23,P0046,62,27,2,87,0
2024-12-23,P0047,0,0,1,0,0
2024-12-23,P0048,0,0,0,0,0
2024-12-23,P0049,10,0,0,10,0
2024-12-23,P0050,45,0,3,42,0
2024-12-23,P0051,35,0,1,34,0
2024-12-23,P0052,291,0,0,291,0
2024-12-23,P0053,70,0,4,66,0
2024-12-23,P0054,275,0,0,275,0
2024-12-23,P0055,447,0,0,447,0
2024-12-23,P0056,0,0,0,0,0
2024-12-23,P0057,421,0,0,421,0
2024-12-23,P0058,0,0,12,0,0
2024-12-23,P0059,0,0,8,0,0
2024-12-23,P0060,0,0,3,0,0
2024-12-23,P0061,3,0,0,3,0
2024-12-23,P0062,363,0,0,363,0
2024-12-23,P0063,6,0,25,0,0
2024-12-23,P0064,105,0,0,105,0
2024-12-23,P0065,0,0,13,0,0
2024-12-23,P0066,93,0,22,71,0
2024-12-23,P0067,0,0,4,0,0
2024-12-23,P0068,327,0,2,325,0
2024-12-23,P0069,162,0,0,162,0
2024-12-23,P0070,0,0,0,0,1
2024-12-23,P0071,156,0,0,156,0
2024-12-23,P0072,292,0,0,292,0
2024-12-23,P0073,15,0,2,13,0
2024-12-23,P0074,0,0,9,0,0
2024-12-23,P0075,42,0,4,38,0
2024-12-23,P0076,49,0,4,45,0
2024-12-23,P0077,427,0,0,427,0
2024-12-23,P0078,0,0,3,0,0
2024-12-23,P0079,0,0,13,0,0
2024-12-23,P0080,385,0,1,384,0
2024-12-24,P0001,16,0,15,1,0
2024-12-24,P0002,390,0,0,390,0
2024-12-24,P0003,33,0,6,27,0
2024-12-24,P0004,21,0,9,12,0
2024-12-24,P0005,0,0,4,0,0
2024-12-24,P0006,19,0,0,19,0
2024-12-24,P0007,308,0,0,308,0
2024-12-24,P0008,231,0,0,231,0
2024-12-24,P0009,27,0,7,20,0
2024-12-24,P0010,0,0,3,0,0
2024-12-24,P0011,79,0,8,71,0
2024-12-24,P0012,253,0,0,253,0
2024-12-24,P0013,118,0,0,118,0
2024-12-24,P0014,28,0,2,26,0
2024-12-24,P0015,0,0,2,0,0
2024-12-24,P0016,0,0,10,0,0
2024-12-24,P0017,10,0,0,10,0
2024-12-24,P0018,2,0,4,0,0
2024-12-24,P0019,498,0,2,496,0
2024-12-24,P0020,286,0,1,285,0
2024-12-24,P0021,0,0,7,0,0
2024-12-24,P0022,71,0,1,70,0
2024-12-24,P0023,378,0,0,378,0
2024-12-24,P0024,293,0,1,292,0
2024-12-24,P0025,0,0,2,0,0
2024-12-24,P0026,429,0,0,429,0
2024-12-24,P0027,421,15,0,436,0
2024-12-24,P0028,16,0,3,13,0
2024-12-24,P0029,0,0,0,0,0
2024-12-24,P0030,17,0,2,15,0
2024-12-24,P0031,413,0,0,413,0
2024-12-24,P0032,17,0,3,14,0
2024-12-24,P0033,214,16,0,230,0
2024-12-24,P0034,221,0,0,221,0
2024-12-24,P0035,18,0,6,12,0
2024-12-24,P0036,10,0,1,9,0
2024-12-24,P0037,50,0,0,50,0
2024-12-24,P0038,21,0,4,17,0
2024-12-24,P0039,9,0,0,9,0
2024-12-24,P0040,256,0,0,256,0
2024-12-24,P0041,164,12,0,176,0
2024-12-24,P0042,101,0,0,101,0
2024-12-24,P0043,340,0,0,340,0
2024-12-24,P0044,0,0,19,0,0
2024-12-24,P0045,106,0,0,106,0
2024-12-24,P0046,87,0,10,77,0
2024-12-24,P0047,0,0,7,0,0
2024-12-24,P0048,0,0,3,0,0
2024-12-24,P0049,10,0,0,10,0
2024-12-24,P0050,42,0,4,38,0
2024-12-24,P0051,34,0,2,32,0
2024-12-24,P0052,291,0,0,291,0
2024-12-24,P0053,66,0,9,57,0
2024-12-24,P0054,275,0,0,275,0
2024-12-24,P0055,447,0,0,447,0
2024-12-24,P0056,0,0,2,0,0
2024-12-24,P0057,421,0,0,421,0
2024-12-24,P0058,0,59,7,52,0
2024-12-24,P0059,0,0,10,0,0
2024-12-24,P0060,0,0,4,0,0
2024-12-24,P0061,3,12,1,13,1
2024-12-24,P0062,363,19,0,382,0
2024-12-24,P0063,0,0,10,0,0
2024-12-24,P0064,105,0,0,105,0
2024-12-24,P0065,0,0,12,0,0
2024-12-24,P0066,71,0,10,61,0
2024-12-24,P0067,0,0,2,0,0
2024-12-24,P0068,325,0,0,325,0
2024-12-24,P0069,162,0,0,162,0
2024-12-24,P0070,0,45,3,42,0
2024-12-24,P0071,156,0,1,155,0
2024-12-24,P0072,292,0,1,291,0
2024-12-24,P0073,13,0,0,13,0
2024-12-24,P0074,0,0,11,0,0
2024-12-24,P0075,38,0,2,36,0
2024-12-24,P0076,45,0,0,45,0
2024-12-24,P0077,427,0,0,427,0
2024-12-24,P0078,0,0,0,0,0
2024-12-24,P0079,0,0,34,0,0
2024-12-24,P0080,384,0,0,384,0
2024-12-25,P0001,1,0,4,0,0
2024-12-25,P0002,390,0,0,390,0
2024-12-25,P0003,27,0,0,27,0
2024-12-25,P0004,12,0,3,9,0
2024-12-25,P0005,0,0,4,0,0
2024-12-25,P0006,19,0,3,16,0
2024-12-25,P0007,308,0,1,307,0
2024-12-25,P0008,231,0,0,231,0
2024-12-25,P0009,20,58,13,65,0
2024-12-25,P0010,0,0,21,0,0
2024-12-25,P0011,71,28,3,96,0
2024-12-25,P0012,253,0,0,251,2
2024-12-25,P0013,118,0,0,118,0
2024-12-25,P0014,26,0,4,19,3
2024-12-25,P0015,0,0,4,0,0
2024-12-25,P0016,0,0,16,0,0
2024-12-25,P0017,10,0,3,7,0
2024-12-25,P0018,0,0,1,0,0
2024-12-25,P0019,496,0,1,495,0
2024-12-25,P0020,285,0,0,285,0
2024-12-25,P0021,0,0,11,0,0
2024-12-25,P0022,70,0,3,67,0
2024-12-25,P0023,378,0,0,378,0
2024-12-25,P0024,292,0,2,290,0
2024-12-25,P0025,0,0,4,0,0
2024-12-25,P0026,429,0,0,429,0
2024-12-25,P0027,436,0,0,436,0
2024-12-25,P0028,13,0,2,11,0
2024-12-25,P0029,0,0,1,0,0
2024-12-25,P0030,15,14,0,29,0
2024-12-25,P0031,413,0,0,413,0
2024-12-25,P0032,14,0,1,13,0
2024-12-25,P0033,230,0,0,230,0
2024-12-25,P0034,221,0,0,221,0
2024-12-25,P0035,12,0,4,8,0
2024-12-25,P0036,9,0,0,9,0
2024-12-25,P0037,50,0,1,49,0
2024-12-25,P0038,17,0,4,13,0
2024-12-25,P0039,9,0,2,7,0
2024-12-25,P0040,256,0,0,256,0
2024-12-25,P0041,176,0,2,174,0
2024-12-25,P0042,101,0,1,100,0
2024-12-25,P0043,340,0,0,340,0
2024-12-25,P0044,0,0,31,0,0
2024-12-25,P0045,106,0,0,106,0
2024-12-25,P0046,77,0,12,65,0
2024-12-25,P0047,0,0,3,0,0
2024-12-25,P0048,0,0,4,0,0
2024-12-25,P0049,10,0,3,7,0
2024-12-25,P0050,38,0,2,36,0
2024-12-25,P0051,32,0,0,32,0
2024-12-25,P0052,291,19,0,310,0
2024-12-25,P0053,57,0,0,57,0
2024-12-25,P0054,275,20,0,295,0
2024-12-25,P0055,447,0,0,447,0
2024-12-25,P0056,0,0,0,0,0
2024-12-25,P0057,421,0,0,421,0
2024-12-25,P0058,52,0,15,37,0
2024-12-25,P0059,0,0,14,0,0
2024-12-25,P0060,0,0,4,0,0
2024-12-25,P0061,13,0,0,13,0
2024-12-25,P0062,382,0,0,382,0
2024-12-25,P0063,0,0,6,0,0
2024-12-25,P0064,105,0,5,100,0
2024-12-25,P0065,0,0,11,0,0
2024-12-25,P0066,61,0,21,40,0
2024-12-25,P0067,0,31,5,26,0
2024-12-25,P0068,325,0,0,325,0
2024-12-25,P0069,162,0,0,162,0
2024-12-25,P0070,42,0,7,35,0
2024-12-25,P0071,155,20,0,175,0
2024-12-25,P0072,291,0,0,291,0
2024-12-25,P0073,13,0,1,12,0
2024-12-25,P0074,0,0,8,0,0
2024-12-25,P0075,36,0,7,29,0
2024-12-25,P0076,45,0,3,42,0
2024-12-25,P0077,427,0,0,427,0
2024-12-25,P0078,0,0,0,0,0
2024-12-25,P0079,0,0,48,0,0
2024-12-25,P0080,384,0,0,384,0
2024-12-26,P0001,0,0,9,0,0
2024-12-26,P0002,390,0,1,389,0
2024-12-26,P0003,27,0,1,26,0
2024-12-26,P0004,9,0,1,8,0
2024-12-26,P0005,0,0,5,0,0
2024-12-26,P0006,16,0,1,15,0
2024-12-26,P0007,307,0,0,307,0
2024-12-26,P0008,231,0,0,231,0
2024-12-26,P0009,65,0,8,57,0
2024-12-26,P0010,0,0,9,0,0
2024-12-26,P0011,96,0,4,92,0
2024-12-26,P0012,251,0,1,250,0
2024-12-26,P0013,118,0,0,118,0
2024-12-26,P0014,19,0,0,19,0
2024-12-26,P0015,0,0,8,0,0
2024-12-26,P0016,0,40,3,37,0
2024-12-26,P0017,7,0,4,3,0
2024-12-26,P0018,0,0,4,0,0
2024-12-26,P0019,495,0,0,495,0
2024-12-26,P0020,285,18,0,303,0
2024-12-26,P0021,0,0,11,0,0
2024-12-26,P0022,67,0,0,67,0
2024-12-26,P0023,378,0,0,378,0
2024-12-26,P0024,290,0,0,290,0
2024-12-26,P0025,0,0,1,0,0
2024-12-26,P0026,429,0,0,429,0
2024-12-26,P0027,436,0,0,436,0
2024-12-26,P0028,11,0,0,11,0
2024-12-26,P0029,0,0,0,0,0
2024-12-26,P0030,29,0,4,25,0
2024-12-26,P0031,413,0,0,413,0
2024-12-26,P0032,13,30,12,31,0
2024-12-26,P0033,230,0,0,230,0
2024-12-26,P0034,221,15,0,236,0
2024-12-26,P0035,8,0,5,3,0
2024-12-26,P0036,9,0,1,8,0
2024-12-26,P0037,49,0,10,39,0
2024-12-26,P0038,13,19,1,29,2
2024-12-26,P0039,7,0,1,6,0
2024-12-26,P0040,256,0,0,256,0
2024-12-26,P0041,174,0,0,174,0
2024-12-26,P0042,100,12,0,112,0
2024-12-26,P0043,340,0,0,340,0
2024-12-26,P0044,0,0,24,0,0
2024-12-26,P0045,106,0,2,104,0
2024-12-26,P0046,65,0,8,57,0
2024-12-26,P0047,0,0,2,0,0
2024-12-26,P0048,0,0,3,0,0
2024-12-26,P0049,7,0,0,7,0
2024-12-26,P0050,36,0,6,30,0
2024-12-26,P0051,32,0,1,31,0
2024-12-26,P0052,310,0,0,310,0
2024-12-26,P0053,57,0,10,47,0
2024-12-26,P0054,295,0,0,295,0
2024-12-26,P0055,447,0,0,447,0
2024-12-26,P0056,0,0,2,0,0
2024-12-26,P0057,421,0,0,421,0
2024-12-26,P0058,37,0,19,18,0
2024-12-26,P0059,0,0,12,0,0
2024-12-26,P0060,0,0,3,0,0
2024-12-26,P0061,13,0,0,13,0
2024-12-26,P0062,382,0,0,382,0
2024-12-26,P0063,0,70,3,67,0
2024-12-26,P0064,100,0,1,99,0
2024-12-26,P0065,0,0,33,0,0
2024-12-26,P0066,40,0,13,27,0
2024-12-26,P0067,26,0,11,15,0
2024-12-26,P0068,325,0,0,325,0
2024-12-26,P0069,162,0,0,162,0
2024-12-26,P0070,35,0,6,29,0
2024-12-26,P0071,175,0,4,171,0
2024-12-26,P0072,291,0,9,282,0
2024-12-26,P0073,12,0,3,9,0
2024-12-26,P0074,0,0,14,0,0
2024-12-26,P0075,29,0,1,28,0
2024-12-26,P0076,42,0,0,42,0
2024-12-26,P0077,427,0,0,427,0
2024-12-26,P0078,0,0,2,0,0
2024-12-26,P0079,0,0,40,0,2
2024-12-26,P0080,384,0,0,384,0
2024-12-27,P0001,0,0,2,0,0
2024-12-27,P0002,389,0,0,389,0
2024-12-27,P0003,26,26,2,50,0
2024-12-27,P0004,8,30,14,24,0
2024-12-27,P0005,0,0,1,0,0
2024-12-27,P0006,15,0,2,13,0
2024-12-27,P0007,307,0,1,306,0
2024-12-27,P0008,231,0,0,231,0
2024-12-27,P0009,57,38,6,89,0
2024-12-27,P0010,0,0,5,0,0
2024-12-27,P0011,92,21,0,113,0
2024-12-27,P0012,250,0,0,250,0
2024-12-27,P0013,118,0,0,118,0
2024-12-27,P0014,19,0,0,19,0
2024-12-27,P0015,0,0,4,0,0
2024-12-27,P0016,37,35,5,67,0
2024-12-27,P0017,3,31,4,30,0
2024-12-27,P0018,0,0,1,0,0
2024-12-27,P0019,495,0,0,495,0
2024-12-27,P0020,303,0,0,303,0
2024-12-27,P0021,0,0,11,0,0
2024-12-27,P0022,67,0,1,66,0
2024-12-27,P0023,378,0,0,378,0
2024-12-27,P0024,290,0,0,290,0
2024-12-27,P0025,0,0,3,0,0
2024-12-27,P0026,429,0,0,429,0
2024-12-27,P0027,436,0,2,434,0
2024-12-27,P0028,11,0,6,5,0
2024-12-27,P0029,0,0,0,0,0
2024-12-27,P0030,25,0,5,20,0
2024-12-27,P0031,413,0,1,412,0
2024-12-27,P0032,31,0,1,30,0
2024-12-27,P0033,230,0,0,230,0
2024-12-27,P0034,236,0,2,234,0
2024-12-27,P0035,3,0,0,3,0
2024-12-27,P0036,8,0,5,3,0
2024-12-27,P0037,39,0,5,34,0
2024-12-27,P0038,29,0,0,29,0
2024-12-27,P0039,6,0,2,4,0
2024-12-27,P0040,256,0,0,256,0
2024-12-27,P0041,174,0,0,174,0
2024-12-27,P0042,112,0,0,112,0
2024-12-27,P0043,340,0,4,336,0
2024-12-27,P0044,0,0,15,0,0
2024-12-27,P0045,104,0,0,104,0
2024-12-27,P0046,57,0,19,38,0
2024-12-27,P0047,0,0,6,0,0
2024-12-27,P0048,0,0,6,0,0
2024-12-27,P0049,7,0,0,7,0
2024-12-27,P0050,30,0,4,26,0
2024-12-27,P0051,31,0,1,30,0
2024-12-27,P0052,310,0,0,310,0
2024-12-27,P0053,47,0,0,47,0
2024-12-27,P0054,295,0,3,292,0
2024-12-27,P0055,447,0,0,447,0
2024-12-27,P0056,0,0,0,0,0
2024-12-27,P0057,421,0,2,419,0
2024-12-27,P0058,18,0,5,10,3
2024-12-27,P0059,0,0,16,0,0
2024-12-27,P0060,0,0,9,0,0
2024-12-27,P0061,13,0,1,12,0
2024-12-27,P0062,382,0,0,382,0
2024-12-27,P0063,67,0,13,54,0
2024-12-27,P0064,99,0,0,99,0
2024-12-27,P0065,0,0,23,0,0
2024-12-27,P0066,27,0,25,2,0
2024-12-27,P0067,15,0,6,6,3
2024-12-27,P0068,325,19,0,344,0
2024-12-27,P0069,162,0,0,162,0
2024-12-27,P0070,29,0,11,18,0
2024-12-27,P0071,171,0,0,171,0
2024-12-27,P0072,282,0,0,282,0
2024-12-27,P0073,9,0,0,9,0
2024-12-27,P0074,0,0,2,0,0
2024-12-27,P0075,28,0,12,16,0
2024-12-27,P0076,42,0,0,42,0
2024-12-27,P0077,427,0,0,425,2
2024-12-27,P0078,0,0,2,0,0
2024-12-27,P0079,0,0,30,0,0
2024-12-27,P0080,384,0,0,384,0
2024-12-28,P0001,0,0,20,0,0
2024-12-28,P0002,389,12,1,400,0
2024-12-28,P0003,50,0,3,47,0
2024-12-28,P0004,24,0,5,19,0
2024-12-28,P0005,0,0,0,0,0
2024-12-28,P0006,13,0,0,13,0
2024-12-28,P0007,306,0,1,305,0
2024-12-28,P0008,231,0,0,231,0
2024-12-28,P0009,89,0,8,81,0
2024-12-28,P0010,0,0,6,0,0
2024-12-28,P0011,113,0,3,110,0
2024-12-28,P0012,250,0,0,248,2
2024-12-28,P0013,118,0,0,118,0
2024-12-28,P0014,19,0,4,15,0
2024-12-28,P0015,0,0,7,0,0
2024-12-28,P0016,67,0,17,50,0
2024-12-28,P0017,30,19,10,39,0
2024-12-28,P0018,0,0,9,0,0
2024-12-28,P0019,495,15,0,510,0
2024-12-28,P0020,303,0,0,303,0
2024-12-28,P0021,0,0,19,0,0
2024-12-28,P0022,66,0,7,59,0
2024-12-28,P0023,378,0,0,378,0
2024-12-28,P0024,290,0,0,290,0
2024-12-28,P0025,0,0,8,0,0
2024-12-28,P0026,429,0,0,429,0
2024-12-28,P0027,434,0,0,434,0
2024-12-28,P0028,5,0,0,5,0
2024-12-28,P0029,0,0,3,0,0
2024-12-28,P0030,20,0,3,17,0
2024-12-28,P0031,412,0,2,410,0
2024-12-28,P0032,30,24,1,53,0
2024-12-28,P0033,230,0,0,230,0
2024-12-28,P0034,234,0,0,234,0
2024-12-28,P0035,3,0,0,3,0
2024-12-28,P0036,3,0,2,1,0
2024-12-28,P0037,34,0,4,30,0
2024-12-28,P0038,29,0,8,21,0
2024-12-28,P0039,4,25,0,29,0
2024-12-28,P0040,256,0,0,256,0
2024-12-28,P0041,174,0,3,171,0
2024-12-28,P0042,112,0,0,112,0
2024-12-28,P0043,336,0,0,336,0
2024-12-28,P0044,0,0,15,0,0
2024-12-28,P0045,104,0,0,104,0
2024-12-28,P0046,38,0,9,29,0
2024-12-28,P0047,0,21,8,13,0
2024-12-28,P0048,0,0,7,0,0
2024-12-28,P0049,7,0,1,6,0
2024-12-28,P0050,26,0,5,21,0
2024-12-28,P0051,30,0,0,30,0
2024-12-28,P0052,310,0,0,310,0
2024-12-28,P0053,47,0,4,43,0
2024-12-28,P0054,292,0,0,292,0
2024-12-28,P0055,447,0,0,447,0
2024-12-28,P0056,0,0,1,0,0
2024-12-28,P0057,419,0,0,419,0
2024-12-28,P0058,10,0,4,6,0
2024-12-28,P0059,0,0,24,0,0
2024-12-28,P0060,0,0,3,0,0
2024-12-28,P0061,12,0,0,12,0
2024-12-28,P0062,382,0,0,382,0
2024-12-28,P0063,54,0,18,36,0
2024-12-28,P0064,99,0,0,99,0
2024-12-28,P0065,0,0,17,0,0
2024-12-28,P0066,2,0,25,0,0
2024-12-28,P0067,6,0,1,5,0
2024-12-28,P0068,344,0,0,344,0
2024-12-28,P0069,162,0,0,162,0
2024-12-28,P0070,18,34,11,41,0
2024-12-28,P0071,171,18,0,189,0
2024-12-28,P0072,282,0,1,280,1
2024-12-28,P0073,9,20,1,28,0
2024-12-28,P0074,0,0,12,0,0
2024-12-28,P0075,16,0,0,16,0
2024-12-28,P0076,42,0,4,38,0
2024-12-28,P0077,425,0,1,424,0
2024-12-28,P0078,0,0,2,0,0
2024-12-28,P0079,0,0,57,0,0
2024-12-28,P0080,384,0,0,384,0
2024-12-29,P0001,0,0,12,0,0
2024-12-29,P0002,400,0,6,394,0
2024-12-29,P0003,47,0,3,44,0
2024-12-29,P0004,19,38,4,53,0
2024-12-29,P0005,0,0,2,0,0
2024-12-29,P0006,13,0,0,13,0
2024-12-29,P0007,305,14,0,319,0
2024-12-29,P0008,231,0,0,231,0
2024-12-29,P0009,81,0,17,64,0
2024-12-29,P0010,0,0,14,0,0
2024-12-29,P0011,110,0,8,102,0
2024-12-29,P0012,248,0,1,247,0
2024-12-29,P0013,118,17,4,131,0
2024-12-29,P0014,15,0,0,15,0
2024-12-29,P0015,0,0,5,0,0
2024-12-29,P0016,50,0,13,37,0
2024-12-29,P0017,39,0,10,29,0
2024-12-29,P0018,0,0,4,0,0
2024-12-29,P0019,510,0,0,510,0
2024-12-29,P0020,303,0,2,301,0
2024-12-29,P0021,0,0,11,0,0
2024-12-29,P0022,59,0,2,57,0
2024-12-29,P0023,378,0,0,378,0
2024-12-29,P0024,290,0,0,290,0
2024-12-29,P0025,0,26,0,26,0
2024-12-29,P0026,429,0,2,427,0
2024-12-29,P0027,434,0,0,434,0
2024-12-29,P0028,5,0,0,5,0
2024-12-29,P0029,0,0,3,0,0
2024-12-29,P0030,17,12,3,26,0
2024-12-29,P0031,410,14,0,424,0
2024-12-29,P0032,53,0,4,49,0
2024-12-29,P0033,230,0,0,230,0
2024-12-29,P0034,234,0,0,234,0
2024-12-29,P0035,3,0,3,0,0
2024-12-29,P0036,1,0,5,0,0
2024-12-29,P0037,30,0,7,23,0
2024-12-29,P0038,21,0,8,13,0
2024-12-29,P0039,29,0,1,28,0
2024-12-29,P0040,256,0,0,256,0
2024-12-29,P0041,171,0,1,170,0
2024-12-29,P0042,112,0,0,112,0
2024-12-29,P0043,336,0,2,334,0
2024-12-29,P0044,0,67,25,42,0
2024-12-29,P0045,104,0,2,102,0
2024-12-29,P0046,29,0,6,23,0
2024-12-29,P0047,13,0,7,6,0
2024-12-29,P0048,0,0,10,0,0
2024-12-29,P0049,6,0,0,6,0
2024-12-29,P0050,21,23,0,44,0
2024-12-29,P0051,30,0,0,30,0
2024-12-29,P0052,310,0,0,310,0
2024-12-29,P0053,43,0,3,40,0
2024-12-29,P0054,292,0,0,292,0
2024-12-29,P0055,447,0,0,447,0
2024-12-29,P0056,0,0,3,0,0
2024-12-29,P0057,419,12,4,427,0
2024-12-29,P0058,6,0,14,0,0
2024-12-29,P0059,0,0,15,0,0
2024-12-29,P0060,0,0,7,0,0
2024-12-29,P0061,12,0,4,8,0
2024-12-29,P0062,382,0,0,382,0
2024-12-29,P0063,36,0,19,14,3
2024-12-29,P0064,99,14,8,105,0
2024-12-29,P0065,0,0,7,0,0
2024-12-29,P0066,0,0,30,0,0
2024-12-29,P0067,5,33,10,28,0
2024-12-29,P0068,344,0,0,344,0
2024-12-29,P0069,162,0,0,162,0
2024-12-29,P0070,41,0,5,36,0
2024-12-29,P0071,189,0,0,189,0
2024-12-29,P0072,280,0,0,278,2
2024-12-29,P0073,28,0,0,28,0
2024-12-29,P0074,0,0,16,0,0
2024-12-29,P0075,16,0,6,10,0
2024-12-29,P0076,38,0,0,38,0
2024-12-29,P0077,424,0,0,424,0
2024-12-29,P0078,0,0,0,0,0
2024-12-29,P0079,0,0,41,0,0
2024-12-29,P0080,384,0,0,384,0
2024-12-30,P0001,0,0,1,0,0
2024-12-30,P0002,394,0,1,393,0
2024-12-30,P0003,44,22,3,63,0
2024-12-30,P0004,53,0,6,47,0
2024-12-30,P0005,0,0,0,0,0
2024-12-30,P0006,13,0,0,13,0
2024-12-30,P0007,319,0,0,319,0
2024-12-30,P0008,231,0,0,231,0
2024-12-30,P0009,64,0,6,58,0
2024-12-30,P0010,0,0,5,0,0
2024-12-30,P0011,102,0,1,101,0
2024-12-30,P0012,247,0,6,241,0
2024-12-30,P0013,131,0,0,131,0
2024-12-30,P0014,15,0,2,13,0
2024-12-30,P0015,0,0,10,0,0
2024-12-30,P0016,37,0,2,35,0
2024-12-30,P0017,29,0,14,15,0
2024-12-30,P0018,0,0,4,0,0
2024-12-30,P0019,510,0,0,510,0
2024-12-30,P0020,301,0,2,299,0
2024-12-30,P0021,0,0,5,0,0
2024-12-30,P0022,57,0,0,57,0
2024-12-30,P0023,378,0,0,378,0
2024-12-30,P0024,290,0,4,286,0
2024-12-30,P0025,26,0,6,20,0
2024-12-30,P0026,427,0,2,425,0
2024-12-30,P0027,434,0,0,434,0
2024-12-30,P0028,5,0,4,1,0
2024-12-30,P0029,0,17,0,17,0
2024-12-30,P0030,26,0,5,21,0
2024-12-30,P0031,424,0,0,424,0
2024-12-30,P0032,49,0,2,47,0
2024-12-30,P0033,230,0,0,230,0
2024-12-30,P0034,234,0,0,234,0
2024-12-30,P0035,0,0,5,0,0
2024-12-30,P0036,0,0,2,0,0
2024-12-30,P0037,23,0,4,19,0
2024-12-30,P0038,13,0,1,12,0
2024-12-30,P0039,28,0,3,25,0
2024-12-30,P0040,256,0,0,256,0
2024-12-30,P0041,170,13,3,180,0
2024-12-30,P0042,112,0,4,108,0
2024-12-30,P0043,334,0,0,334,0
2024-12-30,P0044,42,0,28,14,0
2024-12-30,P0045,102,0,1,101,0
2024-12-30,P0046,23,0,9,14,0
2024-12-30,P0047,6,0,1,5,0
2024-12-30,P0048,0,0,0,0,1
2024-12-30,P0049,6,0,0,6,0
2024-12-30,P0050,44,0,0,44,0
2024-12-30,P0051,30,0,0,30,0
2024-12-30,P0052,310,0,0,310,0
2024-12-30,P0053,40,0,7,33,0
2024-12-30,P0054,292,0,0,292,0
2024-12-30,P0055,447,0,0,445,2
2024-12-30,P0056,0,0,0,0,0
2024-12-30,P0057,427,0,3,424,0
2024-12-30,P0058,0,0,8,0,0
2024-12-30,P0059,0,0,14,0,0
2024-12-30,P0060,0,0,6,0,0
2024-12-30,P0061,8,0,1,7,0
2024-12-30,P0062,382,0,0,382,0
2024-12-30,P0063,14,0,15,0,0
2024-12-30,P0064,105,11,1,115,0
2024-12-30,P0065,0,0,12,0,0
2024-12-30,P0066,0,0,18,0,0
2024-12-30,P0067,28,0,8,20,0
2024-12-30,P0068,344,0,0,344,0
2024-12-30,P0069,162,0,0,162,0
2024-12-30,P0070,36,0,3,33,0
2024-12-30,P0071,189,0,1,188,0
2024-12-30,P0072,278,0,0,278,0
2024-12-30,P0073,28,0,2,26,0
2024-12-30,P0074,0,0,7,0,0
2024-12-30,P0075,10,0,1,9,0
2024-12-30,P0076,38,0,0,38,0
2024-12-30,P0077,424,0,2,422,0
2024-12-30,P0078,0,0,0,0,0
2024-12-30,P0079,0,0,41,0,0
2024-12-30,P0080,384,0,0,384,0
2024-12-31,P0001,0,0,6,0,3
2024-12-31,P0002,393,0,4,389,0
2024-12-31,P0003,63,0,3,60,0
2024-12-31,P0004,47,0,0,47,0
2024-12-31,P0005,0,0,0,0,0
2024-12-31,P0006,13,0,0,13,0
2024-12-31,P0007,319,15,2,332,0
2024-12-31,P0008,231,0,0,231,0
2024-12-31,P0009,58,0,11,47,0
2024-12-31,P0010,0,0,5,0,0
2024-12-31,P0011,101,0,1,100,0
2024-12-31,P0012,241,0,0,241,0
2024-12-31,P0013,131,0,0,131,0
2024-12-31,P0014,13,0,2,11,0
2024-12-31,P0015,0,0,8,0,0
2024-12-31,P0016,35,0,2,33,0
2024-12-31,P0017,15,0,8,7,0
2024-12-31,P0018,0,23,9,14,0
2024-12-31,P0019,510,0,0,510,0
2024-12-31,P0020,299,14,0,313,0
2024-12-31,P0021,0,0,11,0,0
2024-12-31,P0022,57,0,0,57,0
2024-12-31,P0023,378,0,0,378,0
2024-12-31,P0024,286,0,0,286,0
2024-12-31,P0025,20,0,0,20,0
2024-12-31,P0026,425,0,0,425,0
2024-12-31,P0027,434,0,0,434,0
2024-12-31,P0028,1,0,0,1,0
2024-12-31,P0029,17,0,8,9,0
2024-12-31,P0030,21,0,6,15,0
2024-12-31,P0031,424,0,1,423,0
2024-12-31,P0032,47,0,3,44,0
2024-12-31,P0033,230,0,0,230,0
2024-12-31,P0034,234,0,2,232,0
2024-12-31,P0035,0,25,4,21,0
2024-12-31,P0036,0,0,4,0,0
2024-12-31,P0037,19,0,12,7,0
2024-12-31,P0038,12,23,3,32,0
2024-12-31,P0039,25,16,0,41,0
2024-12-31,P0040,256,0,0,256,0
2024-12-31,P0041,180,0,1,179,0
2024-12-31,P0042,108,0,2,106,0
2024-12-31,P0043,334,0,0,334,0
2024-12-31,P0044,14,0,12,2,0
2024-12-31,P0045,101,0,4,97,0
2024-12-31,P0046,14,0,4,10,0
2024-12-31,P0047,5,0,0,5,0
2024-12-31,P0048,0,0,10,0,0
2024-12-31,P0049,6,0,1,5,0
2024-12-31,P0050,44,0,0,44,0
2024-12-31,P0051,30,0,3,27,0
2024-12-31,P0052,310,13,0,323,0
2024-12-31,P0053,33,0,0,33,0
2024-12-31,P0054,292,17,6,303,0
2024-12-31,P0055,445,0,0,445,0
2024-12-31,P0056,0,0,1,0,0
2024-12-31,P0057,424,0,5,419,0
2024-12-31,P0058,0,0,15,0,0
2024-12-31,P0059,0,0,13,0,0
2024-12-31,P0060,0,0,13,0,0
2024-12-31,P0061,7,0,1,6,0
2024-12-31,P0062,382,0,0,382,0
2024-12-31,P0063,0,0,6,0,0
2024-12-31,P0064,115,0,9,106,0
2024-12-31,P0065,0,0,5,0,0
2024-12-31,P0066,0,0,17,0,0
2024-12-31,P0067,20,0,4,16,0
2024-12-31,P0068,344,0,0,344,0
2024-12-31,P0069,162,0,0,162,0
2024-12-31,P0070,33,0,6,26,1
2024-12-31,P0071,188,0,0,188,0
2024-12-31,P0072,278,0,2,276,0
2024-12-31,P0073,26,0,0,26,0
2024-12-31,P0074,0,0,23,0,0
2024-12-31,P0075,9,0,0,9,0
2024-12-31,P0076,38,0,2,36,0
2024-12-31,P0077,422,0,0,422,0
2024-12-31,P0078,0,0,0,0,0
2024-12-31,P0079,0,0,18,0,0
2024-12-31,P0080,384,0,0,384,0
